{"formatVersion":1,"settings":{"gamesMonth":"2019-12","maxPlayerId":141,"maxGameId":141},"games":[{"id":1,"date":null,"players":[8,5,18,10,19,20,7,21,22,23],"don":6,"maf1":1,"maf2":2,"sherif":7,"firstKilled":4,"firstKilledGuessPoints":0.25,"cityWin":false},{"id":2,"date":null,"players":[28,12,27,29,30,31,19,25,5,32],"don":3,"maf1":0,"maf2":7,"sherif":8,"firstKilled":8,"firstKilledGuessPoints":0,"cityWin":false},{"id":3,"date":null,"players":[20,22,24,5,25,26,21,23,19,33],"don":2,"maf1":0,"maf2":9,"sherif":6,"firstKilled":3,"firstKilledGuessPoints":0,"cityWin":false},{"id":4,"date":null,"players":[19,34,35,36,21,28,37,18,27,25],"don":2,"maf1":4,"maf2":8,"sherif":6,"firstKilled":7,"firstKilledGuessPoints":0.25,"cityWin":true},{"id":5,"date":null,"players":[36,25,31,27,19,37,34,38,28,18],"don":4,"maf1":3,"maf2":9,"sherif":8,"firstKilled":6,"firstKilledGuessPoints":0.25,"cityWin":false},{"id":6,"date":null,"players":[27,38,7,32,39,12,18,15,25,40],"don":7,"maf1":0,"maf2":4,"sherif":6,"firstKilled":3,"firstKilledGuessPoints":0,"cityWin":true},{"id":7,"date":null,"players":[37,15,21,29,19,23,28,40,35,27],"don":8,"maf1":1,"maf2":7,"sherif":4,"firstKilled":9,"firstKilledGuessPoints":0.25,"cityWin":false},{"id":8,"date":null,"players":[20,25,24,26,8,19,7,10,22,5],"don":4,"maf1":3,"maf2":6,"sherif":0,"firstKilled":null,"firstKilledGuessPoints":null,"cityWin":false},{"id":9,"date":null,"players":[5,41,15,40,42,10,18,43,44,8],"don":2,"maf1":7,"maf2":8,"sherif":0,"firstKilled":5,"firstKilledGuessPoints":0,"cityWin":true},{"id":10,"date":null,"players":[8,44,45,46,47,48,10,12,4,5],"don":9,"maf1":1,"maf2":6,"sherif":7,"firstKilled":null,"firstKilledGuessPoints":null,"cityWin":false},{"id":11,"date":null,"players":[8,18,12,5,45,47,1,48,31,44],"don":0,"maf1":5,"maf2":9,"sherif":1,"firstKilled":7,"firstKilledGuessPoints":0,"cityWin":false},{"id":12,"date":null,"players":[42,47,44,1,12,18,49,31,8,10],"don":8,"maf1":5,"maf2":7,"sherif":4,"firstKilled":1,"firstKilledGuessPoints":0,"cityWin":false},{"id":13,"date":null,"players":[8,43,42,5,2,50,31,48,45,18],"don":6,"maf1":5,"maf2":8,"sherif":4,"firstKilled":null,"firstKilledGuessPoints":null,"cityWin":true},{"id":14,"date":null,"players":[51,42,8,27,2,12,48,4,50,43],"don":7,"maf1":2,"maf2":8,"sherif":1,"firstKilled":4,"firstKilledGuessPoints":0,"cityWin":false},{"id":15,"date":null,"players":[12,50,5,43,27,31,8,51,42,2],"don":9,"maf1":0,"maf2":5,"sherif":4,"firstKilled":3,"firstKilledGuessPoints":0.25,"cityWin":false},{"id":16,"date":null,"players":[45,15,2,10,5,48,50,46,43,41],"don":7,"maf1":6,"maf2":8,"sherif":4,"firstKilled":3,"firstKilledGuessPoints":0,"cityWin":false},{"id":17,"date":null,"players":[4,15,19,53,56,55,52,18,8,36],"don":4,"maf1":2,"maf2":6,"sherif":7,"cityWin":true,"firstKilled":5,"firstKilledGuessPoints":0},{"id":18,"date":null,"players":[10,5,53,55,34,19,52,54,57,15],"don":4,"maf1":1,"maf2":6,"sherif":9,"firstKilled":5,"firstKilledGuessPoints":0,"cityWin":false},{"id":19,"date":null,"players":[37,52,11,10,57,5,19,7,34,55],"don":9,"maf1":6,"maf2":8,"sherif":5,"firstKilled":0,"firstKilledGuessPoints":0,"cityWin":false},{"id":20,"date":null,"players":[8,15,58,37,59,18,20,60,61,10],"don":6,"maf1":2,"maf2":8,"sherif":1,"firstKilled":4,"firstKilledGuessPoints":0.25,"cityWin":true},{"id":21,"date":null,"players":[19,15,59,56,27,1,34,36,55,3],"don":6,"maf1":1,"maf2":8,"sherif":7,"firstKilled":9,"firstKilledGuessPoints":0.25,"cityWin":false},{"id":22,"date":null,"players":[58,62,15,10,55,60,59,56,1,8],"don":1,"maf1":4,"maf2":7,"sherif":0,"firstKilled":2,"firstKilledGuessPoints":0.25,"cityWin":true},{"id":23,"date":null,"players":[11,58,31,10,63,57,49,64,54,5],"don":7,"maf1":2,"maf2":5,"sherif":0,"firstKilled":1,"firstKilledGuessPoints":0,"cityWin":true},{"id":24,"date":null,"players":[65,66,58,61,1,18,8,40,31,64],"don":3,"maf1":8,"maf2":9,"sherif":7,"firstKilled":4,"firstKilledGuessPoints":0,"cityWin":false},{"id":25,"date":null,"players":[8,46,64,58,60,20,10,66,14,18],"don":4,"maf1":0,"maf2":1,"sherif":9,"firstKilled":6,"firstKilledGuessPoints":0,"cityWin":true},{"id":26,"date":null,"players":[5,12,67,4,68,8,69,19,70,71],"don":6,"maf1":5,"maf2":8,"sherif":7,"firstKilled":3,"firstKilledGuessPoints":0,"cityWin":true},{"id":27,"date":null,"players":[5,18,12,43,71,70,10,25,40,4],"don":1,"maf1":2,"maf2":3,"sherif":5,"firstKilled":0,"firstKilledGuessPoints":0,"cityWin":false},{"id":28,"date":null,"players":[5,10,64,12,67,18,54,4,21,70],"don":3,"maf1":1,"maf2":4,"sherif":2,"firstKilled":2,"firstKilledGuessPoints":0.4,"cityWin":true},{"id":29,"date":null,"players":[64,70,4,10,67,5,12,18,25,43],"don":6,"maf1":8,"maf2":9,"sherif":0,"firstKilled":2,"firstKilledGuessPoints":0,"cityWin":true},{"id":30,"date":null,"players":[36,19,68,34,8,7,71,54,4,21],"don":2,"maf1":1,"maf2":5,"sherif":9,"firstKilled":0,"firstKilledGuessPoints":0.4,"cityWin":false},{"id":31,"date":null,"players":[64,21,18,8,7,67,34,19,36,43],"don":1,"maf1":6,"maf2":7,"sherif":0,"firstKilled":2,"firstKilledGuessPoints":0.25,"cityWin":false},{"id":32,"date":null,"players":[4,12,15,34,19,36,10,5,25,64],"don":2,"maf1":0,"maf2":8,"sherif":4,"firstKilled":3,"firstKilledGuessPoints":0.25,"cityWin":false},{"id":33,"date":null,"players":[21,64,7,19,34,36,8,67,40,31],"don":4,"maf1":0,"maf2":6,"sherif":8,"firstKilled":1,"firstKilledGuessPoints":0.25,"cityWin":false},{"id":34,"date":null,"players":[22,65,40,61,66,72,7,57,11,27],"don":7,"maf1":0,"maf2":5,"sherif":8,"firstKilled":4,"firstKilledGuessPoints":0,"cityWin":false},{"id":35,"date":null,"players":[59,60,72,46,41,56,62,73,36,27],"don":2,"maf1":1,"maf2":9,"sherif":5,"firstKilled":8,"firstKilledGuessPoints":0,"cityWin":true},{"id":36,"date":null,"players":[72,66,57,11,62,40,61,22,65,7],"don":1,"maf1":0,"maf2":5,"sherif":9,"firstKilled":7,"firstKilledGuessPoints":0,"cityWin":true},{"id":37,"date":null,"players":[29,12,19,36,5,74,26,24,16,39],"don":7,"maf1":8,"maf2":9,"sherif":4,"cityWin":true,"firstKilled":0,"firstKilledGuessPoints":0},{"id":38,"date":null,"players":[75,76,21,10,51,16,37,34,36,18],"don":7,"maf1":1,"maf2":4,"sherif":9,"firstKilled":3,"firstKilledGuessPoints":0,"cityWin":false},{"id":39,"date":null,"players":[39,12,37,75,57,77,78,36,51,79],"don":6,"maf1":3,"maf2":7,"sherif":1,"firstKilled":1,"firstKilledGuessPoints":0,"cityWin":true},{"id":40,"date":null,"players":[34,7,80,79,11,12,81,37,75,51],"don":9,"maf1":0,"maf2":4,"sherif":8,"firstKilled":2,"firstKilledGuessPoints":0,"cityWin":false},{"id":41,"date":null,"players":[51,37,18,21,36,75,10,8,34,77],"don":8,"maf1":2,"maf2":5,"sherif":3,"firstKilled":1,"firstKilledGuessPoints":0,"cityWin":true},{"id":42,"date":null,"players":[77,15,7,16,62,79,14,18,78,8],"don":6,"maf1":2,"maf2":5,"sherif":1,"firstKilled":7,"firstKilledGuessPoints":0,"cityWin":true},{"id":43,"date":null,"players":[24,8,29,13,39,26,36,74,16,19],"don":5,"maf1":1,"maf2":6,"sherif":8,"firstKilled":8,"firstKilledGuessPoints":0,"cityWin":false},{"id":44,"date":null,"players":[79,82,83,84,85,39,86,12,87,75],"don":0,"maf1":5,"maf2":9,"sherif":8,"firstKilled":4,"firstKilledGuessPoints":0,"cityWin":false},{"id":45,"date":null,"players":[75,37,4,78,39,1,12,69,79,77],"don":3,"maf1":4,"maf2":5,"sherif":9,"firstKilled":9,"firstKilledGuessPoints":0,"cityWin":false},{"id":46,"date":null,"players":[86,39,78,84,79,16,77,87,12,75],"don":9,"maf1":1,"maf2":4,"sherif":2,"firstKilled":3,"firstKilledGuessPoints":0.25,"cityWin":true},{"id":47,"date":null,"players":[84,17,88,89,90,91,81,92,93,80],"don":4,"maf1":1,"maf2":3,"sherif":5,"firstKilled":2,"firstKilledGuessPoints":0.25,"cityWin":true},{"id":48,"date":null,"players":[92,89,82,88,93,84,85,90,17,91],"don":2,"maf1":7,"maf2":9,"sherif":6,"firstKilled":1,"firstKilledGuessPoints":0,"cityWin":false},{"id":49,"date":null,"players":[85,88,90,93,82,17,84,92,89,94],"don":2,"maf1":5,"maf2":9,"sherif":3,"firstKilled":6,"firstKilledGuessPoints":0,"cityWin":false},{"id":50,"date":null,"players":[93,62,83,90,17,89,82,85,92,94],"don":8,"maf1":0,"maf2":5,"sherif":9,"firstKilled":1,"firstKilledGuessPoints":0.25,"cityWin":false},{"id":51,"date":null,"players":[82,90,87,84,86,92,83,89,17,85],"don":4,"maf1":6,"maf2":8,"sherif":9,"firstKilled":5,"firstKilledGuessPoints":0,"cityWin":true},{"id":52,"date":null,"players":[5,61,95,74,16,77,39,8,44,96],"don":8,"maf1":2,"maf2":5,"sherif":4,"firstKilled":7,"firstKilledGuessPoints":0,"cityWin":true},{"id":53,"date":null,"players":[24,8,15,10,74,61,19,16,95,26],"don":9,"maf1":3,"maf2":6,"sherif":2,"firstKilled":5,"firstKilledGuessPoints":0,"cityWin":true},{"id":54,"date":null,"players":[10,26,39,19,96,15,5,24,13,8],"don":9,"maf1":2,"maf2":3,"sherif":8,"firstKilled":null,"firstKilledGuessPoints":null,"cityWin":false},{"id":55,"date":null,"players":[24,16,74,29,13,5,8,26,61,19],"don":8,"maf1":6,"maf2":9,"sherif":4,"firstKilled":7,"firstKilledGuessPoints":0,"cityWin":false},{"id":56,"date":null,"players":[16,15,96,10,19,39,24,44,95,97],"don":7,"maf1":0,"maf2":2,"sherif":5,"firstKilled":4,"firstKilledGuessPoints":0,"cityWin":false},{"id":57,"date":null,"players":[8,26,15,24,12,13,19,36,39,5],"don":6,"maf1":1,"maf2":7,"sherif":9,"firstKilled":3,"firstKilledGuessPoints":0,"cityWin":false},{"id":58,"date":null,"players":[8,95,16,74,26,44,13,61,31,5],"don":0,"maf1":2,"maf2":3,"sherif":7,"firstKilled":null,"firstKilledGuessPoints":null,"cityWin":false},{"id":59,"date":null,"players":[11,78,16,14,39,80,79,62,7,81],"don":4,"maf1":1,"maf2":2,"sherif":0,"firstKilled":3,"firstKilledGuessPoints":0,"cityWin":false},{"id":60,"date":null,"players":[8,39,29,1,78,98,99,31,77,11],"don":6,"maf1":1,"maf2":5,"sherif":3,"firstKilled":9,"firstKilledGuessPoints":0.25,"cityWin":false},{"id":61,"date":null,"players":[31,99,18,80,16,8,29,1,76,98],"don":3,"maf1":2,"maf2":4,"sherif":8,"firstKilled":6,"firstKilledGuessPoints":0,"cityWin":false},{"id":62,"date":null,"players":[81,76,15,8,18,62,57,16,31,99],"don":4,"maf1":5,"maf2":8,"sherif":9,"firstKilled":6,"firstKilledGuessPoints":0.25,"cityWin":false},{"id":63,"date":null,"players":[16,15,57,80,77,76,81,8,62,1],"don":7,"maf1":1,"maf2":5,"sherif":9,"firstKilled":6,"firstKilledGuessPoints":0,"cityWin":false},{"id":64,"date":null,"players":[100,83,80,15,76,81,16,77,101,8],"don":4,"maf1":1,"maf2":6,"sherif":7,"firstKilled":7,"firstKilledGuessPoints":0,"cityWin":true},{"id":65,"date":null,"players":[5,43,102,12,41,8,103,54,39,25],"don":9,"maf1":3,"maf2":8,"sherif":0,"firstKilled":2,"firstKilledGuessPoints":0.25,"cityWin":true},{"id":66,"date":null,"players":[27,15,8,10,19,103,104,39,58,43],"don":0,"maf1":2,"maf2":7,"sherif":4,"firstKilled":4,"firstKilledGuessPoints":0,"cityWin":false},{"id":67,"date":null,"players":[41,62,19,15,12,58,59,10,16,27],"don":4,"maf1":3,"maf2":9,"sherif":0,"firstKilled":5,"firstKilledGuessPoints":0,"cityWin":false},{"id":68,"date":null,"players":[10,25,58,18,7,104,67,5,8,15],"don":0,"maf1":6,"maf2":9,"sherif":7,"firstKilled":2,"firstKilledGuessPoints":0,"cityWin":false},{"id":69,"date":null,"players":[16,105,12,102,36,18,8,3,2,58],"don":5,"maf1":3,"maf2":8,"sherif":9,"firstKilled":4,"firstKilledGuessPoints":0,"cityWin":false},{"id":70,"date":null,"players":[2,36,23,10,3,58,102,16,19,27],"don":3,"maf1":2,"maf2":9,"sherif":4,"firstKilled":2,"firstKilledGuessPoints":0,"cityWin":true},{"id":71,"date":null,"players":[7,5,67,16,36,18,25,23,59,106],"don":1,"maf1":6,"maf2":7,"sherif":8,"firstKilled":9,"firstKilledGuessPoints":0,"cityWin":true},{"id":72,"date":null,"players":[18,27,3,19,106,2,67,36,16,59],"don":4,"maf1":1,"maf2":3,"sherif":6,"firstKilled":8,"firstKilledGuessPoints":0.25,"cityWin":true},{"id":73,"date":null,"players":[106,39,15,69,10,25,67,54,4,27],"don":1,"maf1":0,"maf2":5,"sherif":2,"firstKilled":8,"firstKilledGuessPoints":0,"cityWin":false},{"id":74,"date":null,"players":[59,12,43,103,41,39,19,62,58,16],"don":6,"maf1":5,"maf2":9,"sherif":0,"firstKilled":0,"firstKilledGuessPoints":0.25,"cityWin":false},{"id":75,"date":null,"players":[67,39,15,106,25,105,5,103,54,4],"don":8,"maf1":1,"maf2":5,"sherif":0,"firstKilled":0,"firstKilledGuessPoints":0,"cityWin":true},{"id":76,"date":null,"players":[97,43,58,36,19,15,18,5,8,61],"don":9,"maf1":0,"maf2":8,"sherif":7,"cityWin":true,"firstKilled":4,"firstKilledGuessPoints":0.25},{"id":77,"date":null,"players":[5,36,18,97,4,61,19,77,15,34],"don":5,"maf1":2,"maf2":9,"sherif":8,"firstKilled":4,"firstKilledGuessPoints":0,"cityWin":false},{"id":78,"date":null,"players":[5,61,58,15,107,10,77,34,36,19],"don":3,"maf1":7,"maf2":9,"sherif":8,"firstKilled":8,"firstKilledGuessPoints":0.25,"cityWin":false},{"id":79,"date":null,"players":[18,36,15,5,77,34,19,10,61,8],"don":3,"maf1":0,"maf2":1,"sherif":9,"firstKilled":2,"firstKilledGuessPoints":0,"cityWin":true},{"id":80,"date":null,"players":[107,34,8,15,10,36,77,43,58,18],"don":6,"maf1":5,"maf2":9,"sherif":8,"firstKilled":4,"firstKilledGuessPoints":0,"cityWin":true},{"id":81,"date":null,"players":[41,108,109,74,110,111,95,112,44,43],"don":5,"maf1":2,"maf2":9,"sherif":3,"cityWin":false,"firstKilled":0,"firstKilledGuessPoints":0.25},{"id":82,"date":null,"players":[44,95,108,30,41,113,50,109,74,112],"don":2,"maf1":0,"maf2":3,"sherif":4,"firstKilled":4,"firstKilledGuessPoints":0,"cityWin":true},{"id":83,"date":null,"players":[41,113,110,114,30,74,111,43,112,50],"don":5,"maf1":4,"maf2":6,"sherif":8,"firstKilled":0,"firstKilledGuessPoints":0,"cityWin":true},{"id":84,"date":null,"players":[74,115,30,114,4,44,109,50,77,95],"don":6,"maf1":4,"maf2":9,"sherif":7,"firstKilled":3,"firstKilledGuessPoints":0.25,"cityWin":false},{"id":85,"date":null,"players":[109,114,112,95,115,84,113,111,110,44],"don":8,"maf1":1,"maf2":6,"sherif":3,"firstKilled":5,"firstKilledGuessPoints":0.25,"cityWin":true},{"id":86,"date":null,"players":[8,24,15,7,12,10,116,22,40,84],"don":9,"maf1":2,"maf2":7,"sherif":3,"firstKilled":8,"firstKilledGuessPoints":0,"cityWin":false},{"id":87,"date":null,"players":[10,8,68,37,40,20,15,12,7,51],"don":8,"maf1":0,"maf2":7,"sherif":4,"firstKilled":1,"firstKilledGuessPoints":0,"cityWin":true},{"id":88,"date":null,"players":[51,20,116,40,84,69,37,23,5,24],"don":4,"maf1":7,"maf2":8,"sherif":1,"firstKilled":5,"firstKilledGuessPoints":0,"cityWin":false},{"id":89,"date":null,"players":[23,15,53,5,22,10,8,54,27,4],"don":8,"maf1":6,"maf2":9,"sherif":3,"firstKilled":7,"firstKilledGuessPoints":0,"cityWin":true},{"id":90,"date":null,"players":[8,5,18,54,15,10,24,51,40,37],"don":7,"maf1":4,"maf2":5,"sherif":3,"firstKilled":2,"firstKilledGuessPoints":0,"cityWin":true},{"id":91,"date":null,"players":[44,19,15,110,112,61,10,18,5,113],"don":4,"maf1":1,"maf2":6,"sherif":5,"firstKilled":7,"firstKilledGuessPoints":0.25,"cityWin":true},{"id":92,"date":null,"players":[4,114,5,74,18,19,61,15,50,8],"don":0,"maf1":2,"maf2":5,"sherif":6,"firstKilled":6,"firstKilledGuessPoints":0,"cityWin":false},{"id":93,"date":null,"players":[61,30,19,115,50,95,8,58,5,4],"don":1,"maf1":3,"maf2":6,"sherif":5,"firstKilled":2,"firstKilledGuessPoints":0.25,"cityWin":false},{"id":94,"date":null,"players":[4,42,8,36,15,11,35,5,39,117],"don":3,"maf1":0,"maf2":4,"sherif":5,"firstKilled":7,"firstKilledGuessPoints":0,"cityWin":true},{"id":95,"date":null,"players":[35,2,18,118,5,117,11,39,42,119],"don":5,"maf1":1,"maf2":8,"sherif":3,"firstKilled":0,"firstKilledGuessPoints":0,"cityWin":false},{"id":96,"date":null,"players":[15,8,36,4,119,2,18,118,40,35],"don":4,"maf1":5,"maf2":7,"sherif":6,"firstKilled":6,"firstKilledGuessPoints":0,"cityWin":false},{"id":97,"date":null,"players":[18,11,2,5,35,39,117,118,36,4],"don":3,"maf1":1,"maf2":4,"sherif":9,"firstKilled":5,"firstKilledGuessPoints":0,"cityWin":false},{"id":98,"date":null,"players":[117,36,15,4,118,18,39,35,5,11],"don":4,"maf1":2,"maf2":8,"sherif":9,"firstKilled":1,"firstKilledGuessPoints":0,"cityWin":true},{"id":99,"date":null,"players":[5,15,117,39,35,118,11,18,4,106],"don":2,"maf1":3,"maf2":7,"sherif":8,"firstKilled":8,"firstKilledGuessPoints":0.4,"cityWin":false},{"id":100,"date":null,"players":[86,5,118,74,106,4,15,11,39,87],"don":8,"maf1":4,"maf2":6,"sherif":1,"firstKilled":7,"firstKilledGuessPoints":0,"cityWin":true},{"id":101,"date":null,"players":[40,15,5,36,19,120,57,4,121,122],"don":3,"maf1":0,"maf2":2,"sherif":7,"firstKilled":5,"firstKilledGuessPoints":0,"cityWin":false},{"id":102,"date":null,"players":[36,25,34,120,12,56,1,8,40,5],"don":9,"maf1":6,"maf2":8,"sherif":4,"firstKilled":1,"firstKilledGuessPoints":0,"cityWin":false},{"id":103,"date":null,"players":[106,120,34,19,123,15,25,56,8,12],"don":0,"maf1":2,"maf2":5,"sherif":7,"firstKilled":1,"firstKilledGuessPoints":0.25,"cityWin":true},{"id":104,"date":null,"players":[19,4,121,5,40,87,122,36,120,123],"don":1,"maf1":7,"maf2":8,"sherif":4,"firstKilled":4,"firstKilledGuessPoints":0,"cityWin":true},{"id":105,"date":null,"players":[19,122,15,106,56,8,40,87,121,36],"don":3,"maf1":4,"maf2":8,"sherif":9,"firstKilled":2,"firstKilledGuessPoints":0.25,"cityWin":false},{"id":106,"date":null,"players":[60,35,123,21,8,120,16,18,51,59],"don":0,"maf1":1,"maf2":9,"sherif":2,"cityWin":false,"firstKilled":5,"firstKilledGuessPoints":0},{"id":107,"date":null,"players":[8,124,35,19,10,16,37,125,123,51],"don":4,"maf1":2,"maf2":7,"sherif":1,"firstKilled":6,"firstKilledGuessPoints":0,"cityWin":true},{"id":108,"date":null,"players":[120,14,15,20,64,50,106,21,126,18],"don":3,"maf1":2,"maf2":7,"sherif":1,"firstKilled":4,"firstKilledGuessPoints":0,"cityWin":false},{"id":109,"date":null,"players":[37,7,15,120,18,60,59,10,35,67],"don":4,"maf1":5,"maf2":9,"sherif":8,"firstKilled":8,"firstKilledGuessPoints":0,"cityWin":true},{"id":110,"date":null,"players":[127,128,4,106,7,126,21,50,118,20],"don":8,"maf1":3,"maf2":7,"sherif":9,"firstKilled":2,"firstKilledGuessPoints":0.25,"cityWin":false},{"id":111,"date":null,"players":[5,127,124,118,20,7,128,67,19,50],"don":4,"maf1":3,"maf2":7,"sherif":8,"firstKilled":1,"firstKilledGuessPoints":0,"cityWin":true},{"id":112,"date":null,"players":[19,125,128,4,127,50,118,124,5,20],"don":8,"maf1":1,"maf2":2,"sherif":4,"firstKilled":9,"firstKilledGuessPoints":0,"cityWin":false},{"id":113,"date":null,"players":[51,125,18,67,37,123,19,10,124,8],"don":5,"maf1":1,"maf2":4,"sherif":6,"firstKilled":8,"firstKilledGuessPoints":0.4,"cityWin":false},{"id":114,"date":null,"players":[27,120,16,123,21,60,59,35,8,51],"don":7,"maf1":6,"maf2":8,"sherif":9,"firstKilled":4,"firstKilledGuessPoints":0,"cityWin":false},{"id":115,"date":null,"players":[51,124,106,50,120,20,14,15,64,126],"don":4,"maf1":7,"maf2":8,"sherif":2,"firstKilled":5,"firstKilledGuessPoints":0.25,"cityWin":true},{"id":116,"date":null,"players":[48,15,40,129,94,76,36,50,51,8],"don":6,"maf1":5,"maf2":8,"sherif":9,"cityWin":true,"firstKilled":3,"firstKilledGuessPoints":0},{"id":117,"date":null,"players":[106,48,87,130,131,132,51,36,40,133],"don":0,"maf1":8,"maf2":9,"sherif":6,"firstKilled":7,"firstKilledGuessPoints":0,"cityWin":false},{"id":118,"date":null,"players":[86,129,76,42,8,50,94,15,36,4],"don":5,"maf1":2,"maf2":8,"sherif":6,"firstKilled":null,"firstKilledGuessPoints":null,"cityWin":true},{"id":119,"date":null,"players":[133,132,40,106,87,130,36,4,48,51],"don":0,"maf1":2,"maf2":6,"sherif":5,"firstKilled":4,"firstKilledGuessPoints":0,"cityWin":false},{"id":120,"date":null,"players":[4,51,36,87,94,48,86,40,76,34],"don":5,"maf1":0,"maf2":4,"sherif":1,"firstKilled":7,"firstKilledGuessPoints":0,"cityWin":false},{"id":121,"date":null,"players":[4,40,130,132,48,51,7,10,106,134],"don":4,"maf1":3,"maf2":7,"sherif":0,"firstKilled":5,"firstKilledGuessPoints":0,"cityWin":true},{"id":122,"date":null,"players":[51,34,131,134,36,4,106,87,133,40],"don":2,"maf1":0,"maf2":5,"sherif":6,"firstKilled":9,"firstKilledGuessPoints":0.25,"cityWin":true},{"id":123,"date":null,"players":[12,135,4,5,69,42,58,8,50,51],"don":3,"maf1":2,"maf2":7,"sherif":6,"firstKilled":9,"firstKilledGuessPoints":0,"cityWin":false},{"id":124,"date":null,"players":[51,58,5,44,36,12,8,42,4,2],"don":4,"maf1":8,"maf2":9,"sherif":6,"firstKilled":2,"firstKilledGuessPoints":0,"cityWin":true},{"id":125,"date":null,"players":[8,15,2,16,5,12,58,34,50,36],"don":6,"maf1":3,"maf2":8,"sherif":0,"firstKilled":2,"firstKilledGuessPoints":0.25,"cityWin":true},{"id":126,"date":null,"players":[5,8,50,2,58,16,44,15,36,34],"don":2,"maf1":3,"maf2":9,"sherif":7,"firstKilled":null,"firstKilledGuessPoints":null,"cityWin":false},{"id":127,"date":null,"players":[58,5,2,12,3,15,50,8,16,69],"don":6,"maf1":2,"maf2":3,"sherif":4,"firstKilled":5,"firstKilledGuessPoints":0.25,"cityWin":false},{"id":128,"date":null,"players":[3,8,12,5,2,34,36,44,58,61],"don":5,"maf1":1,"maf2":3,"sherif":6,"firstKilled":0,"firstKilledGuessPoints":0.25,"cityWin":false},{"id":129,"date":null,"players":[34,12,44,58,8,61,5,36,69,3],"don":6,"maf1":0,"maf2":9,"sherif":4,"firstKilled":8,"firstKilledGuessPoints":0,"cityWin":true},{"id":130,"date":null,"players":[27,15,106,36,4,136,67,137,16,51],"don":7,"maf1":1,"maf2":6,"sherif":9,"cityWin":true,"firstKilled":4,"firstKilledGuessPoints":0},{"id":131,"date":null,"players":[62,16,75,18,8,15,138,67,123,10],"don":2,"maf1":5,"maf2":8,"sherif":4,"firstKilled":9,"firstKilledGuessPoints":0,"cityWin":false},{"id":132,"date":null,"players":[123,68,2,7,75,39,102,8,61,19],"don":5,"maf1":4,"maf2":6,"sherif":1,"firstKilled":3,"firstKilledGuessPoints":0,"cityWin":false},{"id":133,"date":null,"players":[19,59,36,60,57,12,10,15,28,2],"don":1,"maf1":5,"maf2":6,"sherif":3,"firstKilled":7,"firstKilledGuessPoints":0,"cityWin":true},{"id":134,"date":null,"players":[27,16,51,137,136,7,57,19,106,2],"don":7,"maf1":1,"maf2":5,"sherif":9,"firstKilled":6,"firstKilledGuessPoints":0,"cityWin":false},{"id":135,"date":null,"players":[4,87,8,105,84,39,42,86,106,67],"don":2,"maf1":0,"maf2":7,"sherif":5,"firstKilled":6,"firstKilledGuessPoints":0,"cityWin":false},{"id":136,"date":null,"players":[5,39,42,69,114,139,84,16,105,8],"don":7,"maf1":5,"maf2":6,"sherif":0,"firstKilled":0,"firstKilledGuessPoints":0.25,"cityWin":false},{"id":137,"date":null,"players":[139,114,105,67,7,102,10,84,140,19],"don":0,"maf1":1,"maf2":4,"sherif":9,"firstKilled":8,"firstKilledGuessPoints":0.25,"cityWin":false},{"id":138,"date":null,"players":[16,67,20,138,140,102,126,106,7,84],"don":3,"maf1":0,"maf2":1,"sherif":9,"firstKilled":2,"firstKilledGuessPoints":0,"cityWin":false},{"id":139,"date":null,"players":[42,39,141,134,12,131,19,102,5,4],"don":9,"maf1":2,"maf2":3,"sherif":6,"firstKilled":4,"firstKilledGuessPoints":0,"cityWin":true},{"id":140,"date":null,"players":[16,15,8,106,57,18,123,5,34,36],"don":9,"maf1":0,"maf2":5,"sherif":8,"firstKilled":3,"firstKilledGuessPoints":0.25,"cityWin":true},{"id":141,"date":null,"players":[67,138,15,16,84,62,10,12,4,18],"don":4,"maf1":1,"maf2":3,"sherif":6,"firstKilled":8,"firstKilledGuessPoints":0,"cityWin":true}],"players":[{"id":1,"name":"Бернинг","nameHistory":[{"nameChangeId":1,"name":"Бернинг","date":1574854870530}]},{"id":9,"name":"Ботичелли","nameHistory":[{"nameChangeId":1,"name":"Ботичелли","date":1574854945966}]},{"id":2,"name":"Гермес","nameHistory":[{"nameChangeId":1,"name":"Гермес","date":1574854880179}]},{"id":7,"name":"Кью","nameHistory":[{"nameChangeId":1,"name":"Кью","date":1574854931272}]},{"id":12,"name":"Мао","nameHistory":[{"nameChangeId":1,"name":"Мао","date":1574854967322}]},{"id":8,"name":"Масяня","nameHistory":[{"nameChangeId":1,"name":"Масяня","date":1574854937901}]},{"id":6,"name":"Матильда","nameHistory":[{"nameChangeId":1,"name":"Матильда","date":1574854921746}]},{"id":5,"name":"Пила","nameHistory":[{"nameChangeId":1,"name":"Пила","date":1574854908282}]},{"id":11,"name":"Роза","nameHistory":[{"nameChangeId":1,"name":"Роза","date":1574854963697}]},{"id":13,"name":"Рокфеллер","nameHistory":[{"nameChangeId":1,"name":"Рокфеллер","date":1574854973684}]},{"id":3,"name":"Самаритянка","nameHistory":[{"nameChangeId":1,"name":"Самаритянка","date":1574854890790}]},{"id":4,"name":"Харви","nameHistory":[{"nameChangeId":1,"name":"Харви","date":1574854902750}]},{"id":10,"name":"Хусейн","nameHistory":[{"nameChangeId":1,"name":"Хусейн","date":1574854958509}]},{"id":14,"name":"Сантос","nameHistory":[{"nameChangeId":2,"name":"Игрок2","date":1574858545568},{"nameChangeId":1,"name":"Пила","date":1574858364739},{"nameChangeId":3,"name":"Сантос","date":1576221811650}]},{"id":15,"name":"Лелик","nameHistory":[{"nameChangeId":1,"name":"Лелик","date":1574858421278}]},{"id":16,"name":"Совесть","nameHistory":[{"nameChangeId":1,"name":"Совесть","date":1574858425406}]},{"id":17,"name":"Карабас","nameHistory":[{"nameChangeId":1,"name":"Масяня","date":1574858447674},{"nameChangeId":2,"name":"Игрок1","date":1574858525309},{"nameChangeId":3,"name":"Карабас","date":1576741378984}]},{"id":18,"name":"Светлячок","nameHistory":[{"nameChangeId":1,"name":"Светлячок","date":1575552379194}]},{"id":19,"name":"Симба","nameHistory":[{"nameChangeId":1,"name":"Симба","date":1575552410977}]},{"id":20,"name":"Гоги","nameHistory":[{"nameChangeId":1,"name":"Гоги","date":1575552429743}]},{"id":21,"name":"Финч","nameHistory":[{"nameChangeId":1,"name":"Финч","date":1575553623456}]},{"id":22,"name":"Наркоманка","nameHistory":[{"nameChangeId":1,"name":"Наркоманка","date":1575553651154}]},{"id":23,"name":"Сумман","nameHistory":[{"nameChangeId":1,"name":"Сумман","date":1575553655374}]},{"id":24,"name":"Тобер","nameHistory":[{"nameChangeId":1,"name":"Тобер","date":1575554051238}]},{"id":25,"name":"Феликс","nameHistory":[{"nameChangeId":1,"name":"Феликс","date":1575554086491}]},{"id":26,"name":"Фил","nameHistory":[{"nameChangeId":1,"name":"Фил","date":1575554135761}]},{"id":27,"name":"Крот","nameHistory":[{"nameChangeId":1,"name":"Фини","date":1575554146639},{"nameChangeId":2,"name":"Крот","date":1575554610912}]},{"id":28,"name":"Баламут","nameHistory":[{"nameChangeId":1,"name":"Баламут","date":1575554600158}]},{"id":29,"name":"Самбука","nameHistory":[{"nameChangeId":1,"name":"Самбука","date":1575554616209}]},{"id":30,"name":"Чен","nameHistory":[{"nameChangeId":1,"name":"Чен","date":1575554660015}]},{"id":31,"name":"Созерцающий","nameHistory":[{"nameChangeId":1,"name":"Созерцающий","date":1575554677216}]},{"id":32,"name":"Проповедник","nameHistory":[{"nameChangeId":1,"name":"Проповедник","date":1575554868974}]},{"id":33,"name":"Маг","nameHistory":[{"nameChangeId":1,"name":"Маг","date":1575554982450}]},{"id":34,"name":"Маваши","nameHistory":[{"nameChangeId":1,"name":"Маваши","date":1575555286390}]},{"id":35,"name":"Забей","nameHistory":[{"nameChangeId":1,"name":"Забей","date":1575555301037}]},{"id":36,"name":"Славик","nameHistory":[{"nameChangeId":1,"name":"Славик","date":1575555316020}]},{"id":37,"name":"Аспин","nameHistory":[{"nameChangeId":1,"name":"Аспин","date":1575555342259}]},{"id":38,"name":"Мариан","nameHistory":[{"nameChangeId":1,"name":"Мариан","date":1575555547289}]},{"id":39,"name":"Вертинский","nameHistory":[{"nameChangeId":1,"name":"Вертинский","date":1575555606043}]},{"id":40,"name":"Граф","nameHistory":[{"nameChangeId":1,"name":"Граф","date":1575555655534}]},{"id":41,"name":"Эми","nameHistory":[{"nameChangeId":1,"name":"Эми","date":1575894227951}]},{"id":42,"name":"Лобода","nameHistory":[{"nameChangeId":1,"name":"Лобода","date":1575894236618}]},{"id":43,"name":"А1","nameHistory":[{"nameChangeId":1,"name":"А1","date":1575894242866}]},{"id":44,"name":"Пиф","nameHistory":[{"nameChangeId":1,"name":"Пиф","date":1575894247029}]},{"id":45,"name":"ВВ","nameHistory":[{"nameChangeId":1,"name":"ВВ","date":1575895320220}]},{"id":46,"name":"Крокодил","nameHistory":[{"nameChangeId":1,"name":"Крокодил","date":1575895325357}]},{"id":47,"name":"Невидимка","nameHistory":[{"nameChangeId":1,"name":"Невидимка","date":1575895384781}]},{"id":48,"name":"Токио","nameHistory":[{"nameChangeId":1,"name":"Токио","date":1575895398095}]},{"id":49,"name":"Красный Игрок","nameHistory":[{"nameChangeId":1,"name":"Красный Игрок","date":1575895881809}]},{"id":50,"name":"Марк","nameHistory":[{"nameChangeId":1,"name":"Марк","date":1575896658238}]},{"id":51,"name":"Опер","nameHistory":[{"nameChangeId":1,"name":"Опер","date":1575896786612}]},{"id":52,"name":"Тимур","nameHistory":[{"nameChangeId":1,"name":"Тимур","date":1576219808931}]},{"id":53,"name":"ФурсДари","nameHistory":[{"nameChangeId":1,"name":"ФурсДари","date":1576219818564}]},{"id":54,"name":"Гитлерок","nameHistory":[{"nameChangeId":1,"name":"Гитлерок","date":1576219824428}]},{"id":55,"name":"Пончик (Муж)","nameHistory":[{"nameChangeId":1,"name":"Пончик (Муж)","date":1576219831097}]},{"id":56,"name":"Самаритянин","nameHistory":[{"nameChangeId":1,"name":"Самаритянин","date":1576219852081}]},{"id":57,"name":"М (Эм)","nameHistory":[{"nameChangeId":1,"name":"М (Эм)","date":1576220000144}]},{"id":58,"name":"Раб","nameHistory":[{"nameChangeId":1,"name":"Раб","date":1576220334915}]},{"id":59,"name":"Гонсалес","nameHistory":[{"nameChangeId":1,"name":"Гонсалес","date":1576220356981}]},{"id":60,"name":"Язва","nameHistory":[{"nameChangeId":1,"name":"Язва","date":1576220388177}]},{"id":61,"name":"Тенерифе","nameHistory":[{"nameChangeId":1,"name":"Тенерифе","date":1576220402583}]},{"id":62,"name":"Немо","nameHistory":[{"nameChangeId":1,"name":"Немо","date":1576221222979}]},{"id":63,"name":"Молочко","nameHistory":[{"nameChangeId":1,"name":"Молочко","date":1576221469040}]},{"id":64,"name":"Аш","nameHistory":[{"nameChangeId":1,"name":"Аш","date":1576221491746}]},{"id":65,"name":"Шип","nameHistory":[{"nameChangeId":1,"name":"Шип","date":1576221571246}]},{"id":66,"name":"Ника","nameHistory":[{"nameChangeId":1,"name":"Ника","date":1576221592395}]},{"id":67,"name":"Вильгельм","nameHistory":[{"nameChangeId":1,"name":"Вильгельм","date":1576222171961}]},{"id":68,"name":"Миледи","nameHistory":[{"nameChangeId":1,"name":"Миледи","date":1576222197717}]},{"id":69,"name":"Жена","nameHistory":[{"nameChangeId":1,"name":"Жена","date":1576222226970}]},{"id":70,"name":"Клон","nameHistory":[{"nameChangeId":1,"name":"клон","date":1576222257733},{"nameChangeId":2,"name":"Клон","date":1576222289603}]},{"id":71,"name":"Холод","nameHistory":[{"nameChangeId":1,"name":"холод","date":1576222264341},{"nameChangeId":2,"name":"Холод","date":1576222295704}]},{"id":72,"name":"Друг","nameHistory":[{"nameChangeId":1,"name":"Друг","date":1576223844564}]},{"id":73,"name":"Тихий","nameHistory":[{"nameChangeId":1,"name":"Тихий","date":1576223977179}]},{"id":74,"name":"Пантера","nameHistory":[{"nameChangeId":1,"name":"Пантера","date":1576739649817}]},{"id":75,"name":"Мироманка","nameHistory":[{"nameChangeId":1,"name":"Мироманка","date":1576739710334}]},{"id":76,"name":"Бугай","nameHistory":[{"nameChangeId":1,"name":"Бугай","date":1576739725064}]},{"id":77,"name":"Странник","nameHistory":[{"nameChangeId":1,"name":"Странник","date":1576739899124}]},{"id":78,"name":"Мишок","nameHistory":[{"nameChangeId":1,"name":"Мишок","date":1576739915984}]},{"id":79,"name":"Вита","nameHistory":[{"nameChangeId":1,"name":"Вита","date":1576739919631}]},{"id":80,"name":"Айвори","nameHistory":[{"nameChangeId":1,"name":"Айвери","date":1576740433618},{"nameChangeId":2,"name":"Айвори","date":1576741499498}]},{"id":81,"name":"Рич","nameHistory":[{"nameChangeId":1,"name":"Рич","date":1576740458521}]},{"id":82,"name":"Енот","nameHistory":[{"nameChangeId":1,"name":"Енот","date":1576740984768}]},{"id":83,"name":"Антон","nameHistory":[{"nameChangeId":1,"name":"Антон","date":1576741007317}]},{"id":84,"name":"Фирдэй","nameHistory":[{"nameChangeId":1,"name":"Фирдэй","date":1576741055319}]},{"id":85,"name":"Ленивец","nameHistory":[{"nameChangeId":1,"name":"Ленивец","date":1576741084984}]},{"id":86,"name":"Панда из Руанды","nameHistory":[{"nameChangeId":1,"name":"Панда из Руанды","date":1576741107634}]},{"id":87,"name":"Зет","nameHistory":[{"nameChangeId":1,"name":"Зет","date":1576741129435}]},{"id":88,"name":"Кри","nameHistory":[{"nameChangeId":1,"name":"Кри","date":1576741400482}]},{"id":89,"name":"Джексон","nameHistory":[{"nameChangeId":1,"name":"Джексон","date":1576741422931}]},{"id":90,"name":"Лаки","nameHistory":[{"nameChangeId":1,"name":"Лаки","date":1576741443366}]},{"id":91,"name":"Окси","nameHistory":[{"nameChangeId":1,"name":"Окси","date":1576741448033}]},{"id":92,"name":"Елка","nameHistory":[{"nameChangeId":1,"name":"Елка","date":1576741466798}]},{"id":93,"name":"База","nameHistory":[{"nameChangeId":1,"name":"База","date":1576741485477}]},{"id":94,"name":"Снайпер","nameHistory":[{"nameChangeId":1,"name":"Снайпер","date":1576741666121}]},{"id":95,"name":"Плуто","nameHistory":[{"nameChangeId":1,"name":"Плуто","date":1576742327896}]},{"id":96,"name":"Вульф","nameHistory":[{"nameChangeId":1,"name":"Вульф","date":1576742374822}]},{"id":97,"name":"Агроном","nameHistory":[{"nameChangeId":1,"name":"Агроном","date":1576742839396}]},{"id":98,"name":"Гидра","nameHistory":[{"nameChangeId":1,"name":"Гидра","date":1576743130683}]},{"id":99,"name":"Магистр","nameHistory":[{"nameChangeId":1,"name":"Магистр","date":1576743148260}]},{"id":100,"name":"Ева","nameHistory":[{"nameChangeId":1,"name":"Ева","date":1576744178264}]},{"id":101,"name":"Джек","nameHistory":[{"nameChangeId":1,"name":"Джек","date":1576744219201}]},{"id":102,"name":"Ву","nameHistory":[{"nameChangeId":1,"name":"Ву","date":1576744277733}]},{"id":103,"name":"Антоновка","nameHistory":[{"nameChangeId":1,"name":"Антоновка","date":1576744299211}]},{"id":104,"name":"Лекса","nameHistory":[{"nameChangeId":1,"name":"Лекса","date":1576744437078}]},{"id":105,"name":"Есаул","nameHistory":[{"nameChangeId":1,"name":"Есаул","date":1576745138086}]},{"id":106,"name":"Могу Долго","nameHistory":[{"nameChangeId":1,"name":"Могу Долго","date":1576745456562}]},{"id":107,"name":"Картман","nameHistory":[{"nameChangeId":1,"name":"Картман","date":1577083141372}]},{"id":108,"name":"Колибри","nameHistory":[{"nameChangeId":1,"name":"Колибри","date":1577167013804}]},{"id":109,"name":"Санта","nameHistory":[{"nameChangeId":1,"name":"Санта","date":1577167031354}]},{"id":110,"name":"Гольф","nameHistory":[{"nameChangeId":1,"name":"Гольф","date":1577167054573}]},{"id":111,"name":"Леонардо","nameHistory":[{"nameChangeId":1,"name":"Леонардо","date":1577167074516}]},{"id":112,"name":"Ричард","nameHistory":[{"nameChangeId":1,"name":"Ричард","date":1577167100354}]},{"id":113,"name":"Гиннес","nameHistory":[{"nameChangeId":1,"name":"Гиннес","date":1577167179849}]},{"id":114,"name":"Белла","nameHistory":[{"nameChangeId":1,"name":"Белла","date":1577167275994}]},{"id":115,"name":"Маракуйя","nameHistory":[{"nameChangeId":1,"name":"Маракуйя","date":1577167377925}]},{"id":116,"name":"Лулу","nameHistory":[{"nameChangeId":1,"name":"Лулу","date":1577167590333}]},{"id":117,"name":"Чешир","nameHistory":[{"nameChangeId":1,"name":"Чешир","date":1577168548818}]},{"id":118,"name":"Медведь","nameHistory":[{"nameChangeId":1,"name":"Медведь","date":1577168738086}]},{"id":119,"name":"Флоренция","nameHistory":[{"nameChangeId":1,"name":"Флоренция","date":1577168792183}]},{"id":120,"name":"Гермиона","nameHistory":[{"nameChangeId":1,"name":"Гермиона","date":1577169475938}]},{"id":121,"name":"Боб","nameHistory":[{"nameChangeId":1,"name":"Боб","date":1577169686290},{"nameChangeId":2,"name":"Максим Занят","date":1577169691463},{"nameChangeId":3,"name":"Боб","date":1577169698904}]},{"id":122,"name":"Максим Занят","nameHistory":[{"nameChangeId":1,"name":"Максим Занят","date":1577169705847}]},{"id":123,"name":"Пончик (Жен)","nameHistory":[{"nameChangeId":1,"name":"Пончик (жен)","date":1577169940128},{"nameChangeId":2,"name":"Пончик (Жен)","date":1577169974409}]},{"id":124,"name":"Правда","nameHistory":[{"nameChangeId":1,"name":"Правда","date":1577427444106}]},{"id":125,"name":"Изи-Бризи","nameHistory":[{"nameChangeId":1,"name":"Изи-Бризи","date":1577427491475}]},{"id":126,"name":"Польза","nameHistory":[{"nameChangeId":1,"name":"Польза","date":1577427636444}]},{"id":127,"name":"Элла","nameHistory":[{"nameChangeId":1,"name":"Элла","date":1577427908480}]},{"id":128,"name":"Эликсир","nameHistory":[{"nameChangeId":1,"name":"Эликсир","date":1577427977224}]},{"id":129,"name":"Винч","nameHistory":[{"nameChangeId":1,"name":"Винч","date":1577614142916}]},{"id":130,"name":"Ната","nameHistory":[{"nameChangeId":1,"name":"Ната","date":1577614249296}]},{"id":131,"name":"ЧС","nameHistory":[{"nameChangeId":1,"name":"ЧС","date":1577614262851}]},{"id":132,"name":"Леся","nameHistory":[{"nameChangeId":1,"name":"Леся","date":1577614278503}]},{"id":133,"name":"Джонс","nameHistory":[{"nameChangeId":1,"name":"Джонс","date":1577614304068}]},{"id":134,"name":"Скарлет","nameHistory":[{"nameChangeId":1,"name":"Скарлет","date":1577614665384}]},{"id":135,"name":"Рыжая","nameHistory":[{"nameChangeId":1,"name":"Рыжая","date":1577614800021}]},{"id":136,"name":"Улыбакинсон","nameHistory":[{"nameChangeId":1,"name":"Улыбакинсон","date":1577960105347}]},{"id":137,"name":"Улитко","nameHistory":[{"nameChangeId":1,"name":"Улитко","date":1577960128195}]},{"id":138,"name":"Черника","nameHistory":[{"nameChangeId":1,"name":"Черника","date":1577960528531}]},{"id":139,"name":"Зик","nameHistory":[{"nameChangeId":1,"name":"Зик","date":1577961327220}]},{"id":140,"name":"Тайгер","nameHistory":[{"nameChangeId":1,"name":"Тайгер","date":1577961549834}]},{"id":141,"name":"Пегас","nameHistory":[{"nameChangeId":1,"name":"Пегас","date":1577961822178}]}]}