{"formatVersion":1,"settings":{"gamesMonth":"2019-11","maxPlayerId":17,"maxGameId":2},"games":[{"id":1,"date":null,"players":[5,4,6,7,8,9,10,11,12,13],"don":6,"maf1":7,"maf2":8,"sherif":2,"cityWin":false,"firstKilled":3,"firstKilledGuessPoints":0},{"id":2,"date":null,"players":[5,8,11,15,7,4,12,13,16,6],"don":9,"maf1":2,"maf2":5,"sherif":0,"firstKilled":0,"firstKilledGuessPoints":0.25,"cityWin":false}],"players":[{"id":1,"name":"Бернинг","nameHistory":[{"nameChangeId":1,"name":"Бернинг","date":1574854870530}]},{"id":9,"name":"Ботичелли","nameHistory":[{"nameChangeId":1,"name":"Ботичелли","date":1574854945966}]},{"id":2,"name":"Гермес","nameHistory":[{"nameChangeId":1,"name":"Гермес","date":1574854880179}]},{"id":7,"name":"Кью","nameHistory":[{"nameChangeId":1,"name":"Кью","date":1574854931272}]},{"id":12,"name":"Мао","nameHistory":[{"nameChangeId":1,"name":"Мао","date":1574854967322}]},{"id":8,"name":"Масяня","nameHistory":[{"nameChangeId":1,"name":"Масяня","date":1574854937901}]},{"id":6,"name":"Матильда","nameHistory":[{"nameChangeId":1,"name":"Матильда","date":1574854921746}]},{"id":5,"name":"Пила","nameHistory":[{"nameChangeId":1,"name":"Пила","date":1574854908282}]},{"id":11,"name":"Роза","nameHistory":[{"nameChangeId":1,"name":"Роза","date":1574854963697}]},{"id":13,"name":"Рокфеллер","nameHistory":[{"nameChangeId":1,"name":"Рокфеллер","date":1574854973684}]},{"id":3,"name":"Самаритянка","nameHistory":[{"nameChangeId":1,"name":"Самаритянка","date":1574854890790}]},{"id":4,"name":"Харви","nameHistory":[{"nameChangeId":1,"name":"Харви","date":1574854902750}]},{"id":10,"name":"Хусейн","nameHistory":[{"nameChangeId":1,"name":"Хусейн","date":1574854958509}]},{"id":14,"name":"Игрок2","nameHistory":[{"nameChangeId":1,"name":"Пила","date":1574858364739},{"nameChangeId":2,"name":"Игрок2","date":1574858545568}]},{"id":15,"name":"Лелик","nameHistory":[{"nameChangeId":1,"name":"Лелик","date":1574858421278}]},{"id":16,"name":"Совесть","nameHistory":[{"nameChangeId":1,"name":"Совесть","date":1574858425406}]},{"id":17,"name":"Игрок1","nameHistory":[{"nameChangeId":1,"name":"Масяня","date":1574858447674},{"nameChangeId":2,"name":"Игрок1","date":1574858525309}]}]}