{"formatVersion":1,"settings":{"gamesMonth":"2020-02","maxPlayerId":258,"maxGameId":182},"games":[{"id":1,"date":"2020-02-03","players":[15,51,7,19,123,35,55,199,5,8],"don":4,"maf1":3,"maf2":7,"sherif":2,"firstKilled":null,"firstKilledGuessPoints":null,"cityWin":false},{"id":2,"date":"2020-02-03","players":[55,10,8,199,35,123,204,54,213,19],"don":4,"maf1":5,"maf2":8,"sherif":2,"firstKilled":9,"firstKilledGuessPoints":0.25,"cityWin":true},{"id":3,"date":"2020-02-03","players":[35,15,213,19,54,199,209,204,10,51],"don":6,"maf1":1,"maf2":9,"sherif":5,"firstKilled":7,"firstKilledGuessPoints":0,"cityWin":false},{"id":4,"date":"2020-02-03","players":[213,8,199,55,51,204,209,15,123,10],"don":2,"maf1":6,"maf2":7,"sherif":1,"firstKilled":3,"firstKilledGuessPoints":0,"cityWin":true},{"id":5,"date":"2020-02-03","players":[51,209,7,10,5,19,15,55,40,35],"don":3,"maf1":2,"maf2":4,"sherif":9,"firstKilled":7,"firstKilledGuessPoints":0,"cityWin":false},{"id":6,"date":"2020-02-03","players":[8,53,19,15,199,209,213,54,10,69],"don":9,"maf1":3,"maf2":4,"sherif":2,"firstKilled":null,"firstKilledGuessPoints":null,"cityWin":false},{"id":7,"date":"2020-02-05","players":[15,54,51,143,178,214,56,115,8,86],"don":3,"maf1":1,"maf2":8,"sherif":9,"firstKilled":5,"firstKilledGuessPoints":0,"cityWin":true},{"id":8,"date":"2020-02-05","players":[7,102,62,55,16,46,27,35,15,5],"don":2,"maf1":0,"maf2":5,"sherif":1,"cityWin":true,"firstKilled":3,"firstKilledGuessPoints":0},{"id":9,"date":"2020-02-05","players":[16,53,115,7,40,102,39,178,54,62],"don":4,"maf1":1,"maf2":5,"sherif":0,"firstKilled":7,"firstKilledGuessPoints":0,"cityWin":false},{"id":10,"date":"2020-02-05","players":[35,15,29,10,5,144,102,143,62,39],"don":5,"maf1":3,"maf2":9,"sherif":1,"firstKilled":6,"firstKilledGuessPoints":0,"cityWin":true},{"id":11,"date":"2020-02-05","players":[31,123,15,35,5,1,55,8,178,16],"don":4,"maf1":5,"maf2":8,"sherif":7,"firstKilled":7,"firstKilledGuessPoints":0.25,"cityWin":true},{"id":12,"date":"2020-02-05","players":[8,123,10,55,51,39,12,204,151,27],"don":1,"maf1":2,"maf2":5,"sherif":3,"firstKilled":6,"firstKilledGuessPoints":0.25,"cityWin":false},{"id":13,"date":"2020-02-05","players":[51,15,53,5,35,115,12,54,178,204],"don":6,"maf1":2,"maf2":4,"sherif":5,"firstKilled":9,"firstKilledGuessPoints":0,"cityWin":true},{"id":14,"date":"2020-02-05","players":[46,29,86,31,102,1,143,56,214,151],"don":5,"maf1":4,"maf2":7,"sherif":6,"firstKilled":6,"firstKilledGuessPoints":0,"cityWin":false},{"id":15,"date":"2020-02-05","players":[56,5,42,143,54,46,214,29,115,102],"don":6,"maf1":5,"maf2":9,"sherif":2,"firstKilled":4,"firstKilledGuessPoints":0,"cityWin":false},{"id":16,"date":"2020-02-05","players":[143,29,1,39,55,123,42,10,8,144],"don":2,"maf1":1,"maf2":8,"sherif":3,"firstKilled":3,"firstKilledGuessPoints":0,"cityWin":false},{"id":17,"date":"2020-02-05","players":[115,53,54,46,40,56,214,102,143,42],"don":6,"maf1":4,"maf2":9,"sherif":0,"firstKilled":1,"firstKilledGuessPoints":0,"cityWin":false},{"id":18,"date":"2020-02-07","players":[4,15,143,215,51,19,64,24,21,27],"don":9,"maf1":6,"maf2":7,"sherif":0,"cityWin":false,"firstKilled":4,"firstKilledGuessPoints":0},{"id":19,"date":"2020-02-07","players":[123,39,5,24,21,64,51,31,15,19],"don":4,"maf1":2,"maf2":8,"sherif":3,"firstKilled":7,"firstKilledGuessPoints":0.25,"cityWin":false},{"id":20,"date":"2020-02-07","players":[51,8,5,64,11,123,39,27,34,36],"don":1,"maf1":3,"maf2":7,"sherif":5,"firstKilled":9,"firstKilledGuessPoints":0,"cityWin":false},{"id":21,"date":"2020-02-07","players":[27,31,8,51,21,61,16,1,151,39],"don":6,"maf1":1,"maf2":7,"sherif":4,"firstKilled":4,"firstKilledGuessPoints":0,"cityWin":false},{"id":22,"date":"2020-02-07","players":[151,143,86,12,39,115,98,145,194,61],"don":6,"maf1":0,"maf2":4,"sherif":9,"firstKilled":3,"firstKilledGuessPoints":0,"cityWin":false},{"id":23,"date":"2020-02-07","players":[16,1,5,51,3,145,34,36,24,27],"don":6,"maf1":1,"maf2":3,"sherif":0,"firstKilled":0,"firstKilledGuessPoints":0,"cityWin":false},{"id":24,"date":"2020-02-07","players":[61,216,98,1,42,12,215,143,43,21],"don":0,"maf1":2,"maf2":8,"sherif":4,"firstKilled":9,"firstKilledGuessPoints":0,"cityWin":false},{"id":25,"date":"2020-02-07","players":[3,5,39,61,36,12,145,2,34,51],"don":0,"maf1":2,"maf2":4,"sherif":3,"firstKilled":7,"firstKilledGuessPoints":0,"cityWin":true},{"id":26,"date":"2020-02-07","players":[5,10,4,3,36,145,19,15,2,34],"don":4,"maf1":2,"maf2":7,"sherif":5,"firstKilled":null,"firstKilledGuessPoints":null,"cityWin":true},{"id":27,"date":"2020-02-07","players":[194,217,218,216,98,215,143,12,115,61],"don":5,"maf1":0,"maf2":3,"sherif":4,"firstKilled":6,"firstKilledGuessPoints":0,"cityWin":true},{"id":28,"date":"2020-02-07","players":[42,218,223,143,12,98,43,216,215,24],"don":4,"maf1":5,"maf2":7,"sherif":9,"firstKilled":0,"firstKilledGuessPoints":0,"cityWin":true},{"id":29,"date":"2020-02-07","players":[221,222,220,194,24,218,217,115,219,223],"don":7,"maf1":3,"maf2":4,"sherif":9,"firstKilled":1,"firstKilledGuessPoints":0.25,"cityWin":false},{"id":30,"date":"2020-02-07","players":[36,4,216,223,43,51,218,8,34,16],"don":6,"maf1":0,"maf2":2,"sherif":7,"firstKilled":5,"firstKilledGuessPoints":0,"cityWin":true},{"id":31,"date":"2020-02-07","players":[115,151,219,220,221,86,222,223,143,217],"don":7,"maf1":4,"maf2":8,"sherif":6,"firstKilled":0,"firstKilledGuessPoints":0,"cityWin":true},{"id":32,"date":"2020-02-08","players":[224,36,7,143,15,178,16,8,115,10],"don":6,"maf1":1,"maf2":7,"sherif":3,"cityWin":false,"firstKilled":3,"firstKilledGuessPoints":0},{"id":33,"date":"2020-02-08","players":[62,43,15,8,145,36,151,16,53,51],"don":8,"maf1":5,"maf2":7,"sherif":1,"firstKilled":0,"firstKilledGuessPoints":0,"cityWin":true},{"id":34,"date":"2020-02-08","players":[8,53,178,16,64,11,31,115,36,15],"don":3,"maf1":0,"maf2":2,"sherif":9,"firstKilled":1,"firstKilledGuessPoints":0,"cityWin":true},{"id":35,"date":"2020-02-08","players":[151,225,169,40,224,69,10,14,109,62],"don":6,"maf1":0,"maf2":3,"sherif":4,"firstKilled":4,"firstKilledGuessPoints":0,"cityWin":true},{"id":36,"date":"2020-02-08","players":[12,8,11,225,145,51,224,1,31,178],"don":1,"maf1":8,"maf2":9,"sherif":0,"firstKilled":3,"firstKilledGuessPoints":0.25,"cityWin":false},{"id":37,"date":"2020-02-08","players":[8,178,145,31,43,36,53,225,51,1],"don":9,"maf1":3,"maf2":5,"sherif":6,"firstKilled":4,"firstKilledGuessPoints":0,"cityWin":false},{"id":38,"date":"2020-02-08","players":[64,143,226,109,227,225,151,169,11,43],"don":8,"maf1":1,"maf2":3,"sherif":9,"firstKilled":9,"firstKilledGuessPoints":0,"cityWin":true},{"id":39,"date":"2020-02-08","players":[151,43,53,1,8,51,178,31,145,36],"don":3,"maf1":5,"maf2":7,"sherif":0,"firstKilled":6,"firstKilledGuessPoints":0.25,"cityWin":true},{"id":40,"date":"2020-02-08","players":[178,226,31,224,10,115,64,1,227,11],"don":9,"maf1":4,"maf2":6,"sherif":3,"firstKilled":0,"firstKilledGuessPoints":0,"cityWin":false},{"id":41,"date":"2020-02-08","players":[4,227,226,64,129,115,12,11,109,86],"don":1,"maf1":5,"maf2":7,"sherif":0,"firstKilled":null,"firstKilledGuessPoints":null,"cityWin":false},{"id":42,"date":"2020-02-08","players":[62,151,169,109,227,143,225,86,1,224],"don":3,"maf1":2,"maf2":6,"sherif":5,"firstKilled":8,"firstKilledGuessPoints":0,"cityWin":false},{"id":43,"date":"2020-02-08","players":[11,64,12,129,86,226,151,169,62,143],"don":7,"maf1":3,"maf2":4,"sherif":8,"firstKilled":0,"firstKilledGuessPoints":0.25,"cityWin":true},{"id":44,"date":"2020-02-10","players":[20,15,29,156,16,98,62,19,8,21],"don":7,"maf1":3,"maf2":8,"sherif":6,"firstKilled":6,"firstKilledGuessPoints":0,"cityWin":false},{"id":45,"date":"2020-02-10","players":[160,43,4,228,31,229,7,25,62,16],"don":6,"maf1":3,"maf2":7,"sherif":2,"firstKilled":9,"firstKilledGuessPoints":0,"cityWin":false},{"id":46,"date":"2020-02-10","players":[8,228,16,31,7,36,62,5,160,43],"don":7,"maf1":0,"maf2":9,"sherif":3,"firstKilled":4,"firstKilledGuessPoints":0,"cityWin":true},{"id":47,"date":"2020-02-10","players":[4,25,15,29,98,19,156,7,21,177],"don":4,"maf1":2,"maf2":7,"sherif":9,"firstKilled":1,"firstKilledGuessPoints":0,"cityWin":true},{"id":48,"date":"2020-02-10","players":[8,98,20,16,19,21,4,156,29,25],"don":5,"maf1":6,"maf2":9,"sherif":8,"firstKilled":0,"firstKilledGuessPoints":0,"cityWin":false},{"id":49,"date":"2020-02-10","players":[15,19,21,160,7,4,12,31,5,98],"don":2,"maf1":3,"maf2":4,"sherif":9,"firstKilled":0,"firstKilledGuessPoints":0.25,"cityWin":true},{"id":50,"date":"2020-02-10","players":[31,160,228,15,62,10,5,36,8,25],"don":0,"maf1":7,"maf2":9,"sherif":3,"firstKilled":1,"firstKilledGuessPoints":0,"cityWin":false},{"id":51,"date":"2020-02-10","players":[27,98,15,5,177,10,36,8,12,160],"don":5,"maf1":7,"maf2":9,"sherif":3,"firstKilled":3,"firstKilledGuessPoints":0,"cityWin":false},{"id":52,"date":"2020-02-12","players":[27,12,151,64,46,31,11,24,143,58],"don":7,"maf1":4,"maf2":5,"sherif":2,"firstKilled":6,"firstKilledGuessPoints":0.25,"cityWin":true},{"id":53,"date":"2020-02-12","players":[31,35,98,15,115,7,1,123,3,204],"don":5,"maf1":1,"maf2":7,"sherif":9,"firstKilled":6,"firstKilledGuessPoints":0,"cityWin":false},{"id":54,"date":"2020-02-12","players":[15,7,1,31,151,39,123,98,35,115],"don":6,"maf1":4,"maf2":9,"sherif":8,"firstKilled":7,"firstKilledGuessPoints":0.25,"cityWin":false},{"id":55,"date":"2020-02-12","players":[62,160,7,98,151,31,143,1,24,46],"don":8,"maf1":0,"maf2":4,"sherif":6,"firstKilled":5,"firstKilledGuessPoints":0,"cityWin":false},{"id":56,"date":"2020-02-12","players":[58,11,40,27,46,12,64,39,31,115],"don":3,"maf1":0,"maf2":9,"sherif":6,"firstKilled":1,"firstKilledGuessPoints":0,"cityWin":false},{"id":57,"date":"2020-02-12","players":[12,64,24,58,160,115,143,11,151,1],"don":6,"maf1":5,"maf2":7,"sherif":2,"firstKilled":4,"firstKilledGuessPoints":0,"cityWin":true},{"id":58,"date":"2020-02-12","players":[27,62,68,36,143,24,58,64,19,160],"don":5,"maf1":2,"maf2":3,"sherif":4,"firstKilled":4,"firstKilledGuessPoints":0.25,"cityWin":true},{"id":59,"date":"2020-02-12","players":[64,7,143,58,19,36,35,24,62,68],"don":3,"maf1":0,"maf2":5,"sherif":4,"firstKilled":6,"firstKilledGuessPoints":0,"cityWin":false},{"id":60,"date":"2020-02-12","players":[11,5,40,123,68,55,15,27,3,35],"don":3,"maf1":0,"maf2":2,"sherif":5,"firstKilled":1,"firstKilledGuessPoints":0.25,"cityWin":false},{"id":61,"date":"2020-02-12","players":[51,19,8,42,2,36,53,5,94,55],"don":9,"maf1":2,"maf2":7,"sherif":4,"firstKilled":5,"firstKilledGuessPoints":0,"cityWin":false},{"id":62,"date":"2020-02-12","players":[5,3,19,8,39,55,94,36,68,2],"don":2,"maf1":1,"maf2":4,"sherif":7,"firstKilled":null,"firstKilledGuessPoints":null,"cityWin":false},{"id":63,"date":"2020-02-08","players":[53,15,40,145,51,62,36,8,16,43],"don":5,"maf1":4,"maf2":7,"sherif":0,"cityWin":true,"firstKilled":3,"firstKilledGuessPoints":0},{"id":64,"date":"2020-02-14","players":[35,26,19,1,20,36,227,8,15,5],"don":8,"maf1":4,"maf2":6,"sherif":0,"cityWin":true,"firstKilled":9,"firstKilledGuessPoints":0},{"id":65,"date":"2020-02-14","players":[115,151,54,53,61,5,10,118,51,16],"don":6,"maf1":2,"maf2":9,"sherif":0,"firstKilled":8,"firstKilledGuessPoints":0.25,"cityWin":true},{"id":66,"date":"2020-02-14","players":[5,51,1,19,151,35,36,143,16,15],"don":0,"maf1":1,"maf2":6,"sherif":7,"firstKilled":4,"firstKilledGuessPoints":0,"cityWin":false},{"id":67,"date":"2020-02-14","players":[8,16,36,19,54,15,35,118,39,5],"don":2,"maf1":5,"maf2":6,"sherif":0,"firstKilled":4,"firstKilledGuessPoints":0,"cityWin":false},{"id":68,"date":"2020-02-14","players":[54,5,118,51,35,36,195,19,39,8],"don":9,"maf1":4,"maf2":5,"sherif":1,"firstKilled":2,"firstKilledGuessPoints":0,"cityWin":false},{"id":69,"date":"2020-02-14","players":[227,8,35,118,15,10,19,20,36,1],"don":9,"maf1":0,"maf2":1,"sherif":7,"firstKilled":null,"firstKilledGuessPoints":null,"cityWin":false},{"id":70,"date":"2020-02-14","players":[55,15,26,36,10,19,230,61,20,143],"don":6,"maf1":5,"maf2":8,"sherif":2,"firstKilled":3,"firstKilledGuessPoints":0,"cityWin":true},{"id":71,"date":"2020-02-14","players":[8,12,147,54,118,61,115,195,39,26],"don":7,"maf1":3,"maf2":5,"sherif":0,"firstKilled":0,"firstKilledGuessPoints":0,"cityWin":false},{"id":72,"date":"2020-02-14","players":[231,177,12,195,8,39,227,20,26,232],"don":0,"maf1":2,"maf2":3,"sherif":1,"firstKilled":null,"firstKilledGuessPoints":null,"cityWin":true},{"id":73,"date":"2020-02-14","players":[143,233,55,234,26,118,134,61,147,230],"don":7,"maf1":2,"maf2":4,"sherif":8,"firstKilled":5,"firstKilledGuessPoints":0,"cityWin":false},{"id":74,"date":"2020-02-14","players":[231,234,147,143,233,230,232,109,134,61],"don":7,"maf1":3,"maf2":9,"sherif":5,"firstKilled":6,"firstKilledGuessPoints":0,"cityWin":false},{"id":75,"date":"2020-02-14","players":[147,31,129,109,101,143,227,232,151,231],"don":2,"maf1":3,"maf2":6,"sherif":4,"firstKilled":8,"firstKilledGuessPoints":0,"cityWin":false},{"id":76,"date":"2020-02-14","players":[151,69,231,232,31,227,109,143,147,12],"don":2,"maf1":3,"maf2":7,"sherif":0,"firstKilled":0,"firstKilledGuessPoints":0.25,"cityWin":false},{"id":77,"date":"2020-02-14","players":[31,233,109,230,147,234,231,232,143,134],"don":2,"maf1":5,"maf2":9,"sherif":6,"firstKilled":8,"firstKilledGuessPoints":0,"cityWin":false},{"id":78,"date":"2020-02-15","players":[42,24,9,8,169,177,235,124,15,19],"don":4,"maf1":5,"maf2":9,"sherif":7,"cityWin":true,"firstKilled":6,"firstKilledGuessPoints":0},{"id":79,"date":"2020-02-15","players":[21,177,18,16,19,36,143,131,15,62],"don":8,"maf1":1,"maf2":6,"sherif":4,"firstKilled":4,"firstKilledGuessPoints":0,"cityWin":false},{"id":80,"date":"2020-02-15","players":[62,15,51,124,8,131,68,18,86,9],"don":0,"maf1":4,"maf2":9,"sherif":8,"firstKilled":1,"firstKilledGuessPoints":0,"cityWin":false},{"id":81,"date":"2020-02-15","players":[180,39,19,25,124,236,99,18,237,36],"don":5,"maf1":6,"maf2":7,"sherif":8,"firstKilled":3,"firstKilledGuessPoints":0,"cityWin":true},{"id":82,"date":"2020-02-15","players":[238,177,151,131,39,231,36,129,31,86],"don":0,"maf1":4,"maf2":5,"sherif":2,"firstKilled":9,"firstKilledGuessPoints":0.25,"cityWin":true},{"id":83,"date":"2020-02-15","players":[236,239,237,39,99,19,9,25,180,124],"don":1,"maf1":2,"maf2":7,"sherif":5,"firstKilled":6,"firstKilledGuessPoints":0,"cityWin":true},{"id":84,"date":"2020-02-15","players":[18,97,239,236,25,180,237,124,99,19],"don":6,"maf1":0,"maf2":5,"sherif":8,"firstKilled":7,"firstKilledGuessPoints":0,"cityWin":false},{"id":85,"date":"2020-02-15","players":[177,18,39,9,19,16,42,31,123,51],"don":5,"maf1":8,"maf2":9,"sherif":2,"firstKilled":1,"firstKilledGuessPoints":0.25,"cityWin":false},{"id":86,"date":"2020-02-15","players":[24,195,5,51,15,31,36,8,42,177],"don":7,"maf1":5,"maf2":6,"sherif":4,"firstKilled":8,"firstKilledGuessPoints":0,"cityWin":true},{"id":87,"date":"2020-02-15","players":[5,57,31,177,42,51,195,8,39,16],"don":9,"maf1":2,"maf2":5,"sherif":1,"firstKilled":6,"firstKilledGuessPoints":0,"cityWin":true},{"id":88,"date":"2020-02-15","players":[239,36,25,64,151,231,232,131,11,5],"don":7,"maf1":0,"maf2":6,"sherif":8,"firstKilled":5,"firstKilledGuessPoints":0,"cityWin":true},{"id":89,"date":"2020-02-15","players":[11,64,36,21,235,39,143,16,31,50],"don":8,"maf1":3,"maf2":7,"sherif":0,"firstKilled":6,"firstKilledGuessPoints":0,"cityWin":true},{"id":90,"date":"2020-02-15","players":[169,25,232,99,24,231,151,64,36,239],"don":3,"maf1":5,"maf2":9,"sherif":6,"firstKilled":4,"firstKilledGuessPoints":0.25,"cityWin":true},{"id":91,"date":"2020-02-15","players":[97,8,15,50,68,21,86,62,124,131],"don":3,"maf1":0,"maf2":4,"sherif":8,"firstKilled":2,"firstKilledGuessPoints":0,"cityWin":false},{"id":92,"date":"2020-02-15","players":[15,86,24,8,9,57,62,50,39,21],"don":9,"maf1":1,"maf2":2,"sherif":0,"firstKilled":null,"firstKilledGuessPoints":null,"cityWin":false},{"id":93,"date":"2020-02-15","players":[131,21,62,9,151,231,169,24,50,232],"don":3,"maf1":1,"maf2":9,"sherif":6,"firstKilled":7,"firstKilledGuessPoints":0,"cityWin":true},{"id":94,"date":"2020-02-15","players":[151,169,57,18,232,50,131,231,86,62],"don":0,"maf1":1,"maf2":6,"sherif":3,"firstKilled":5,"firstKilledGuessPoints":0,"cityWin":false},{"id":95,"date":"2020-02-15","players":[231,177,86,62,131,151,232,239,24,169],"don":4,"maf1":6,"maf2":8,"sherif":0,"firstKilled":2,"firstKilledGuessPoints":0,"cityWin":true},{"id":96,"date":"2020-02-15","players":[16,124,237,99,51,236,97,68,18,180],"don":7,"maf1":1,"maf2":5,"sherif":0,"cityWin":false,"firstKilled":6,"firstKilledGuessPoints":0},{"id":97,"date":"2020-02-16","players":[177,15,123,178,16,7,2,86,36,3],"don":2,"maf1":0,"maf2":5,"sherif":6,"cityWin":true,"firstKilled":8,"firstKilledGuessPoints":0},{"id":98,"date":"2020-02-16","players":[2,62,3,8,178,241,16,15,19,123],"don":4,"maf1":5,"maf2":7,"sherif":8,"firstKilled":6,"firstKilledGuessPoints":0.25,"cityWin":false},{"id":99,"date":"2020-02-16","players":[16,10,241,19,123,15,3,242,54,177],"don":1,"maf1":7,"maf2":8,"sherif":4,"firstKilled":3,"firstKilledGuessPoints":0.25,"cityWin":true},{"id":100,"date":"2020-02-16","players":[241,1,19,31,53,10,8,178,242,7],"don":5,"maf1":3,"maf2":9,"sherif":0,"firstKilled":7,"firstKilledGuessPoints":0.25,"cityWin":true},{"id":101,"date":"2020-02-16","players":[31,242,86,19,57,1,241,7,10,53],"don":7,"maf1":2,"maf2":8,"sherif":4,"firstKilled":9,"firstKilledGuessPoints":0.25,"cityWin":true},{"id":102,"date":"2020-02-16","players":[204,53,86,57,115,178,7,36,62,51],"don":8,"maf1":3,"maf2":4,"sherif":6,"firstKilled":5,"firstKilledGuessPoints":0,"cityWin":true},{"id":103,"date":"2020-02-16","players":[177,39,8,36,243,19,86,57,204,178],"don":5,"maf1":7,"maf2":9,"sherif":4,"firstKilled":8,"firstKilledGuessPoints":0.25,"cityWin":true},{"id":104,"date":"2020-02-19","players":[58,240,15,31,51,19,40,43,123,35],"don":5,"maf1":0,"maf2":1,"sherif":4,"firstKilled":6,"firstKilledGuessPoints":0,"cityWin":false},{"id":105,"date":"2020-02-19","players":[177,240,151,31,19,43,123,58,39,51],"don":1,"maf1":6,"maf2":9,"sherif":8,"firstKilled":null,"firstKilledGuessPoints":null,"cityWin":false},{"id":106,"date":"2020-02-19","players":[11,115,151,58,31,1,64,3,4,51],"don":7,"maf1":3,"maf2":6,"sherif":4,"firstKilled":8,"firstKilledGuessPoints":0,"cityWin":true},{"id":107,"date":"2020-02-19","players":[8,177,43,178,36,104,243,54,39,204],"don":6,"maf1":4,"maf2":8,"sherif":5,"firstKilled":7,"firstKilledGuessPoints":0,"cityWin":false},{"id":108,"date":"2020-02-19","players":[51,36,57,43,104,39,86,115,204,243],"don":9,"maf1":0,"maf2":2,"sherif":4,"firstKilled":3,"firstKilledGuessPoints":0,"cityWin":true},{"id":109,"date":"2020-02-19","players":[102,40,11,46,54,240,58,64,19,4],"don":5,"maf1":4,"maf2":8,"sherif":2,"firstKilled":null,"firstKilledGuessPoints":null,"cityWin":false},{"id":110,"date":"2020-02-19","players":[177,15,102,40,64,8,58,123,39,19],"don":7,"maf1":1,"maf2":2,"sherif":0,"firstKilled":8,"firstKilledGuessPoints":0.4,"cityWin":false},{"id":111,"date":"2020-02-19","players":[3,151,39,123,46,115,102,15,177,8],"don":6,"maf1":2,"maf2":9,"sherif":8,"firstKilled":3,"firstKilledGuessPoints":0.25,"cityWin":false},{"id":112,"date":"2020-02-19","players":[11,64,54,102,3,46,8,115,1,40],"don":7,"maf1":3,"maf2":5,"sherif":0,"firstKilled":6,"firstKilledGuessPoints":0,"cityWin":true},{"id":113,"date":"2020-02-19","players":[123,3,51,8,177,39,1,31,151,115],"don":8,"maf1":1,"maf2":5,"sherif":0,"firstKilled":3,"firstKilledGuessPoints":0,"cityWin":true},{"id":114,"date":"2020-02-19","players":[40,53,19,10,5,2,54,177,39,8],"don":3,"maf1":2,"maf2":7,"sherif":6,"firstKilled":null,"firstKilledGuessPoints":null,"cityWin":true},{"id":115,"date":"2020-02-19","players":[5,1,53,19,8,39,115,3,54,2],"don":4,"maf1":1,"maf2":5,"sherif":2,"firstKilled":0,"firstKilledGuessPoints":0,"cityWin":false},{"id":116,"date":"2020-02-20","players":[118,64,10,7,11,147,124,1,244,19],"don":8,"maf1":3,"maf2":6,"sherif":9,"cityWin":true,"firstKilled":5,"firstKilledGuessPoints":0},{"id":117,"date":"2020-02-20","players":[109,115,24,98,149,245,246,247,143,248],"don":0,"maf1":2,"maf2":6,"sherif":1,"firstKilled":9,"firstKilledGuessPoints":0.25,"cityWin":true},{"id":118,"date":"2020-02-21","players":[246,248,249,86,250,251,149,109,247,245],"don":9,"maf1":0,"maf2":3,"sherif":4,"firstKilled":1,"firstKilledGuessPoints":0,"cityWin":true},{"id":119,"date":"2020-02-21","players":[149,31,109,247,248,245,246,86,250,249],"don":4,"maf1":3,"maf2":5,"sherif":7,"firstKilled":9,"firstKilledGuessPoints":0,"cityWin":false},{"id":120,"date":"2020-02-21","players":[247,250,251,249,109,143,245,246,24,31],"don":3,"maf1":7,"maf2":8,"sherif":5,"firstKilled":9,"firstKilledGuessPoints":0,"cityWin":false},{"id":121,"date":"2020-02-21","players":[247,151,248,145,10,15,31,143,109,43],"don":3,"maf1":0,"maf2":2,"sherif":7,"firstKilled":1,"firstKilledGuessPoints":0,"cityWin":false},{"id":122,"date":"2020-02-20","players":[177,8,10,15,64,118,42,16,31,27],"don":3,"maf1":7,"maf2":9,"sherif":1,"firstKilled":8,"firstKilledGuessPoints":0,"cityWin":true},{"id":123,"date":"2020-02-20","players":[27,16,102,10,31,8,64,118,42,15],"don":7,"maf1":2,"maf2":8,"sherif":4,"firstKilled":4,"firstKilledGuessPoints":0.25,"cityWin":false},{"id":124,"date":"2020-02-20","players":[102,20,42,8,118,16,18,21,31,15],"don":5,"maf1":2,"maf2":6,"sherif":9,"firstKilled":3,"firstKilledGuessPoints":0,"cityWin":false},{"id":125,"date":"2020-02-20","players":[8,15,18,21,16,31,102,118,20,42],"don":3,"maf1":2,"maf2":6,"sherif":7,"firstKilled":5,"firstKilledGuessPoints":0,"cityWin":false},{"id":126,"date":"2020-02-20","players":[21,16,31,102,15,20,42,8,18,118],"don":8,"maf1":1,"maf2":2,"sherif":3,"firstKilled":null,"firstKilledGuessPoints":null,"cityWin":false},{"id":127,"date":"2020-02-20","players":[64,15,8,21,42,118,16,31,20,102],"don":3,"maf1":4,"maf2":8,"sherif":2,"firstKilled":9,"firstKilledGuessPoints":0,"cityWin":false},{"id":128,"date":"2020-02-22","players":[177,147,50,86,118,2,124,246,131,151],"don":7,"maf1":0,"maf2":9,"sherif":6,"firstKilled":1,"firstKilledGuessPoints":0,"cityWin":true},{"id":129,"date":"2020-02-21","players":[24,245,58,61,51,69,250,19,246,5],"don":5,"maf1":3,"maf2":8,"sherif":9,"firstKilled":9,"firstKilledGuessPoints":0.25,"cityWin":false},{"id":130,"date":"2020-02-22","players":[36,39,19,177,115,51,2,145,151,8],"don":8,"maf1":2,"maf2":9,"sherif":0,"firstKilled":6,"firstKilledGuessPoints":0.25,"cityWin":false},{"id":131,"date":"2020-02-22","players":[39,2,36,8,177,7,31,151,42,61],"don":1,"maf1":0,"maf2":8,"sherif":4,"firstKilled":2,"firstKilledGuessPoints":0.25,"cityWin":true},{"id":132,"date":"2020-02-22","players":[62,42,151,39,131,61,31,177,8,2],"don":5,"maf1":2,"maf2":4,"sherif":1,"firstKilled":0,"firstKilledGuessPoints":0.25,"cityWin":true},{"id":133,"date":"2020-02-22","players":[124,147,8,7,10,244,11,118,64,19],"don":6,"maf1":3,"maf2":5,"sherif":4,"firstKilled":2,"firstKilledGuessPoints":0.25,"cityWin":true},{"id":134,"date":"2020-02-22","players":[11,64,10,177,244,42,62,61,31,131],"don":6,"maf1":7,"maf2":8,"sherif":0,"firstKilled":2,"firstKilledGuessPoints":0.25,"cityWin":true},{"id":135,"date":"2020-02-22","players":[62,19,124,50,147,10,131,1,244,118],"don":4,"maf1":3,"maf2":5,"sherif":1,"firstKilled":1,"firstKilledGuessPoints":0,"cityWin":true},{"id":136,"date":"2020-02-22","players":[244,50,118,131,124,61,147,199,86,2],"don":5,"maf1":4,"maf2":9,"sherif":8,"firstKilled":8,"firstKilledGuessPoints":0,"cityWin":false},{"id":137,"date":"2020-02-22","players":[244,199,61,99,36,145,8,177,39,19],"don":3,"maf1":5,"maf2":9,"sherif":0,"firstKilled":7,"firstKilledGuessPoints":0.25,"cityWin":false},{"id":138,"date":"2020-02-22","players":[61,145,19,36,39,147,99,246,86,109],"don":2,"maf1":0,"maf2":7,"sherif":9,"firstKilled":6,"firstKilledGuessPoints":0,"cityWin":false},{"id":139,"date":"2020-02-21","players":[250,62,86,115,151,177,8,143,145,51],"don":2,"maf1":7,"maf2":8,"sherif":5,"cityWin":false,"firstKilled":9,"firstKilledGuessPoints":0},{"id":140,"date":"2020-02-21","players":[11,98,250,62,58,61,35,246,252,64],"don":2,"maf1":5,"maf2":9,"sherif":8,"firstKilled":3,"firstKilledGuessPoints":0,"cityWin":false},{"id":141,"date":"2020-02-21","players":[246,245,10,149,248,252,58,35,24,61],"don":7,"maf1":5,"maf2":8,"sherif":2,"firstKilled":4,"firstKilledGuessPoints":0,"cityWin":true},{"id":142,"date":"2020-02-21","players":[42,64,15,10,1,11,151,31,43,62],"don":9,"maf1":5,"maf2":8,"sherif":6,"firstKilled":4,"firstKilledGuessPoints":0.25,"cityWin":true},{"id":143,"date":"2020-02-21","players":[115,35,58,61,42,151,195,1,24,10],"don":0,"maf1":5,"maf2":7,"sherif":6,"firstKilled":6,"firstKilledGuessPoints":0,"cityWin":false},{"id":144,"date":"2020-02-21","players":[115,195,62,64,151,11,143,24,35,15],"don":8,"maf1":5,"maf2":7,"sherif":1,"firstKilled":4,"firstKilledGuessPoints":0.25,"cityWin":false},{"id":145,"date":"2020-02-21","players":[15,16,1,195,86,35,64,151,11,61],"don":8,"maf1":1,"maf2":7,"sherif":0,"firstKilled":0,"firstKilledGuessPoints":0,"cityWin":false},{"id":146,"date":"2020-02-21","players":[11,151,143,86,145,31,115,62,16,64],"don":8,"maf1":2,"maf2":4,"sherif":1,"firstKilled":0,"firstKilledGuessPoints":0,"cityWin":true},{"id":147,"date":"2020-02-24","players":[59,12,253,5,36,254,7,39,60,18],"don":9,"maf1":4,"maf2":6,"sherif":8,"cityWin":false,"firstKilled":8,"firstKilledGuessPoints":0},{"id":148,"date":"2020-02-24","players":[12,34,253,24,18,39,151,59,5,36],"don":8,"maf1":5,"maf2":7,"sherif":4,"cityWin":false,"firstKilled":4,"firstKilledGuessPoints":0.25},{"id":149,"date":"2020-02-24","players":[13,102,7,42,123,8,24,31,16,60],"don":3,"maf1":1,"maf2":5,"sherif":8,"firstKilled":6,"firstKilledGuessPoints":0,"cityWin":false},{"id":150,"date":"2020-02-24","players":[10,16,8,102,34,254,18,42,13,107],"don":2,"maf1":5,"maf2":9,"sherif":7,"firstKilled":7,"firstKilledGuessPoints":0,"cityWin":true},{"id":151,"date":"2020-02-24","players":[12,107,151,31,36,24,5,7,10,19],"don":5,"maf1":4,"maf2":8,"sherif":2,"firstKilled":1,"firstKilledGuessPoints":0,"cityWin":false},{"id":152,"date":"2020-02-24","players":[42,36,13,16,8,10,151,18,34,31],"don":2,"maf1":4,"maf2":8,"sherif":3,"firstKilled":null,"firstKilledGuessPoints":null,"cityWin":false},{"id":153,"date":"2020-02-26","players":[42,24,11,26,123,1,86,31,64,151],"don":2,"maf1":0,"maf2":7,"sherif":3,"cityWin":true,"firstKilled":5,"firstKilledGuessPoints":0.25},{"id":154,"date":"2020-02-26","players":[11,86,62,64,15,24,31,42,151,8],"don":8,"maf1":2,"maf2":5,"sherif":3,"firstKilled":9,"firstKilledGuessPoints":0.25,"cityWin":true},{"id":155,"date":"2020-02-26","players":[151,115,62,1,42,8,51,5,18,15],"don":1,"maf1":0,"maf2":8,"sherif":9,"firstKilled":9,"firstKilledGuessPoints":0,"cityWin":true},{"id":156,"date":"2020-02-26","players":[5,8,15,123,115,62,1,42,151,18],"don":2,"maf1":1,"maf2":3,"sherif":0,"firstKilled":5,"firstKilledGuessPoints":0,"cityWin":false},{"id":157,"date":"2020-02-26","players":[8,35,7,36,18,98,34,115,204,51],"don":2,"maf1":1,"maf2":7,"sherif":6,"firstKilled":null,"firstKilledGuessPoints":null,"cityWin":true},{"id":158,"date":"2020-02-26","players":[246,64,189,31,46,18,10,7,5,34],"don":2,"maf1":5,"maf2":6,"sherif":0,"firstKilled":0,"firstKilledGuessPoints":0.25,"cityWin":true},{"id":159,"date":"2020-02-26","players":[51,115,10,246,204,46,23,5,40,123],"don":7,"maf1":1,"maf2":2,"sherif":4,"firstKilled":0,"firstKilledGuessPoints":0,"cityWin":false},{"id":160,"date":"2020-02-26","players":[23,204,35,98,123,189,26,36,10,34],"don":0,"maf1":3,"maf2":4,"sherif":1,"firstKilled":1,"firstKilledGuessPoints":0,"cityWin":true},{"id":161,"date":"2020-02-26","players":[24,46,98,26,34,10,35,189,246,36],"don":9,"maf1":1,"maf2":8,"sherif":6,"firstKilled":7,"firstKilledGuessPoints":0,"cityWin":true},{"id":162,"date":"2020-02-26","players":[115,86,51,246,151,189,18,36,34,31],"don":9,"maf1":3,"maf2":4,"sherif":5,"firstKilled":7,"firstKilledGuessPoints":0,"cityWin":true},{"id":163,"date":"2020-02-27","players":[31,143,51,114,118,12,178,61,10,119],"don":5,"maf1":0,"maf2":2,"sherif":1,"cityWin":true,"firstKilled":2,"firstKilledGuessPoints":0},{"id":164,"date":"2020-02-27","players":[4,114,10,143,118,61,119,12,178,51],"don":6,"maf1":2,"maf2":3,"sherif":4,"firstKilled":7,"firstKilledGuessPoints":0,"cityWin":true},{"id":165,"date":"2020-02-27","players":[114,177,12,119,51,178,61,118,10,143],"don":7,"maf1":5,"maf2":9,"sherif":0,"firstKilled":6,"firstKilledGuessPoints":0,"cityWin":true},{"id":166,"date":"2020-02-27","players":[178,118,61,12,10,4,143,31,51,119],"don":1,"maf1":4,"maf2":9,"sherif":8,"firstKilled":3,"firstKilledGuessPoints":0,"cityWin":true},{"id":167,"date":"2020-02-27","players":[12,119,51,61,178,4,31,114,118,10],"don":6,"maf1":3,"maf2":9,"sherif":1,"firstKilled":5,"firstKilledGuessPoints":0,"cityWin":true},{"id":168,"date":"2020-02-28","players":[123,117,124,19,178,255,5,35,8,16],"don":6,"maf1":2,"maf2":7,"sherif":5,"firstKilled":4,"firstKilledGuessPoints":0,"cityWin":true},{"id":169,"date":"2020-02-28","players":[255,123,36,151,16,34,8,178,117,19],"don":1,"maf1":4,"maf2":7,"sherif":8,"firstKilled":9,"firstKilledGuessPoints":0,"cityWin":false},{"id":170,"date":"2020-02-28","players":[15,19,36,5,124,195,147,151,35,34],"don":6,"maf1":0,"maf2":4,"sherif":3,"firstKilled":3,"firstKilledGuessPoints":0,"cityWin":true},{"id":171,"date":"2020-02-28","players":[34,151,8,117,123,35,16,5,255,124],"don":8,"maf1":4,"maf2":9,"sherif":3,"firstKilled":1,"firstKilledGuessPoints":0.25,"cityWin":true},{"id":172,"date":"2020-02-28","players":[35,5,19,61,8,34,86,147,36,151],"don":9,"maf1":0,"maf2":3,"sherif":7,"firstKilled":4,"firstKilledGuessPoints":0,"cityWin":false},{"id":173,"date":"2020-02-28","players":[86,151,61,8,98,255,19,124,34,5],"don":9,"maf1":1,"maf2":2,"sherif":0,"firstKilled":0,"firstKilledGuessPoints":0,"cityWin":false},{"id":174,"date":"2020-02-28","players":[98,36,255,124,16,35,15,5,8,34],"don":8,"maf1":1,"maf2":5,"sherif":7,"firstKilled":2,"firstKilledGuessPoints":0,"cityWin":false},{"id":175,"date":"2020-02-28","players":[98,12,5,124,8,19,151,86,255,68],"don":4,"maf1":0,"maf2":8,"sherif":6,"firstKilled":6,"firstKilledGuessPoints":0,"cityWin":false},{"id":176,"date":"2020-02-29","players":[151,143,10,9,256,62,257,43,86,5],"don":8,"maf1":2,"maf2":5,"sherif":6,"cityWin":false,"firstKilled":4,"firstKilledGuessPoints":0},{"id":177,"date":"2020-02-29","players":[257,246,36,256,86,143,240,5,34,62],"don":9,"maf1":1,"maf2":4,"sherif":7,"firstKilled":5,"firstKilledGuessPoints":0,"cityWin":true},{"id":178,"date":"2020-02-29","players":[31,36,246,257,62,5,256,151,9,258],"don":6,"maf1":5,"maf2":7,"sherif":4,"firstKilled":4,"firstKilledGuessPoints":0,"cityWin":false},{"id":179,"date":"2020-02-29","players":[34,86,151,36,143,199,9,62,5,256],"don":1,"maf1":8,"maf2":9,"sherif":3,"firstKilled":0,"firstKilledGuessPoints":0,"cityWin":true},{"id":180,"date":"2020-02-29","players":[1,256,34,143,10,43,86,9,31,151],"don":2,"maf1":0,"maf2":1,"sherif":4,"firstKilled":3,"firstKilledGuessPoints":0,"cityWin":false},{"id":181,"date":"2020-02-29","players":[9,10,257,34,62,246,43,151,36,5],"don":8,"maf1":2,"maf2":5,"sherif":9,"firstKilled":9,"firstKilledGuessPoints":0,"cityWin":false},{"id":182,"date":"2020-02-29","players":[5,62,257,258,151,143,86,256,129,246],"don":2,"maf1":1,"maf2":5,"sherif":3,"firstKilled":0,"firstKilledGuessPoints":0.25,"cityWin":false}],"players":[{"id":60,"name":"Язва","nameHistory":[{"nameChangeId":1,"name":"Язва","date":1576220388177}]},{"id":41,"name":"Эми","nameHistory":[{"nameChangeId":1,"name":"Эми","date":1575894227951}]},{"id":127,"name":"Элла","nameHistory":[{"nameChangeId":1,"name":"Элла","date":1577427908480}]},{"id":128,"name":"Эликсир","nameHistory":[{"nameChangeId":1,"name":"Эликсир","date":1577427977224}]},{"id":65,"name":"Шип","nameHistory":[{"nameChangeId":1,"name":"Шип","date":1576221571246}]},{"id":131,"name":"ЧС","nameHistory":[{"nameChangeId":1,"name":"ЧС","date":1577614262851}]},{"id":117,"name":"Чешир","nameHistory":[{"nameChangeId":1,"name":"Чешир","date":1577168548818}]},{"id":138,"name":"Черника","nameHistory":[{"nameChangeId":1,"name":"Черника","date":1577960528531}]},{"id":30,"name":"Чен","nameHistory":[{"nameChangeId":1,"name":"Чен","date":1575554660015}]},{"id":10,"name":"Хусейн","nameHistory":[{"nameChangeId":1,"name":"Хусейн","date":1574854958509}]},{"id":71,"name":"Холод","nameHistory":[{"nameChangeId":1,"name":"холод","date":1576222264341},{"nameChangeId":2,"name":"Холод","date":1576222295704}]},{"id":4,"name":"Харви","nameHistory":[{"nameChangeId":1,"name":"Харви","date":1574854902750}]},{"id":53,"name":"ФурсДари","nameHistory":[{"nameChangeId":1,"name":"ФурсДари","date":1576219818564}]},{"id":119,"name":"Флоренция","nameHistory":[{"nameChangeId":1,"name":"Флоренция","date":1577168792183}]},{"id":84,"name":"Фирдэй","nameHistory":[{"nameChangeId":1,"name":"Фирдэй","date":1576741055319}]},{"id":21,"name":"Финч","nameHistory":[{"nameChangeId":1,"name":"Финч","date":1575553623456}]},{"id":26,"name":"Фил","nameHistory":[{"nameChangeId":1,"name":"Фил","date":1575554135761}]},{"id":25,"name":"Феликс","nameHistory":[{"nameChangeId":1,"name":"Феликс","date":1575554086491}]},{"id":136,"name":"Улыбакинсон","nameHistory":[{"nameChangeId":1,"name":"Улыбакинсон","date":1577960105347}]},{"id":137,"name":"Улитко","nameHistory":[{"nameChangeId":1,"name":"Улитко","date":1577960128195}]},{"id":48,"name":"Токио","nameHistory":[{"nameChangeId":1,"name":"Токио","date":1575895398095}]},{"id":24,"name":"Тобер","nameHistory":[{"nameChangeId":1,"name":"Тобер","date":1575554051238}]},{"id":73,"name":"Тихий","nameHistory":[{"nameChangeId":1,"name":"Тихий","date":1576223977179}]},{"id":52,"name":"Тимур","nameHistory":[{"nameChangeId":1,"name":"Тимур","date":1576219808931}]},{"id":61,"name":"Тенерифе","nameHistory":[{"nameChangeId":1,"name":"Тенерифе","date":1576220402583}]},{"id":140,"name":"Тайгер","nameHistory":[{"nameChangeId":1,"name":"Тайгер","date":1577961549834}]},{"id":23,"name":"Сумман","nameHistory":[{"nameChangeId":1,"name":"Сумман","date":1575553655374}]},{"id":77,"name":"Странник","nameHistory":[{"nameChangeId":1,"name":"Странник","date":1576739899124}]},{"id":31,"name":"Созерцающий","nameHistory":[{"nameChangeId":1,"name":"Созерцающий","date":1575554677216}]},{"id":16,"name":"Совесть","nameHistory":[{"nameChangeId":1,"name":"Совесть","date":1574858425406}]},{"id":94,"name":"Снайпер","nameHistory":[{"nameChangeId":1,"name":"Снайпер","date":1576741666121}]},{"id":36,"name":"Славик","nameHistory":[{"nameChangeId":1,"name":"Славик","date":1575555316020}]},{"id":134,"name":"Скарлет","nameHistory":[{"nameChangeId":1,"name":"Скарлет","date":1577614665384}]},{"id":19,"name":"Симба","nameHistory":[{"nameChangeId":1,"name":"Симба","date":1575552410977}]},{"id":18,"name":"Светлячок","nameHistory":[{"nameChangeId":1,"name":"Светлячок","date":1575552379194}]},{"id":14,"name":"Сантос","nameHistory":[{"nameChangeId":2,"name":"Игрок2","date":1574858545568},{"nameChangeId":1,"name":"Пила","date":1574858364739},{"nameChangeId":3,"name":"Сантос","date":1576221811650}]},{"id":109,"name":"Санта","nameHistory":[{"nameChangeId":1,"name":"Санта","date":1577167031354}]},{"id":29,"name":"Самбука","nameHistory":[{"nameChangeId":1,"name":"Самбука","date":1575554616209}]},{"id":3,"name":"Самаритянка","nameHistory":[{"nameChangeId":1,"name":"Самаритянка","date":1574854890790}]},{"id":56,"name":"Самаритянин","nameHistory":[{"nameChangeId":1,"name":"Самаритянин","date":1576219852081}]},{"id":135,"name":"Рыжая","nameHistory":[{"nameChangeId":1,"name":"Рыжая","date":1577614800021}]},{"id":13,"name":"Рокфеллер","nameHistory":[{"nameChangeId":1,"name":"Рокфеллер","date":1574854973684}]},{"id":11,"name":"Роза","nameHistory":[{"nameChangeId":1,"name":"Роза","date":1574854963697}]},{"id":112,"name":"Ричард","nameHistory":[{"nameChangeId":1,"name":"Ричард","date":1577167100354}]},{"id":81,"name":"Рич","nameHistory":[{"nameChangeId":1,"name":"Рич","date":1576740458521}]},{"id":58,"name":"Раб","nameHistory":[{"nameChangeId":1,"name":"Раб","date":1576220334915}]},{"id":32,"name":"Проповедник","nameHistory":[{"nameChangeId":1,"name":"Проповедник","date":1575554868974}]},{"id":124,"name":"Правда","nameHistory":[{"nameChangeId":1,"name":"Правда","date":1577427444106}]},{"id":55,"name":"Пончик (Муж)","nameHistory":[{"nameChangeId":1,"name":"Пончик (Муж)","date":1576219831097}]},{"id":123,"name":"Пончик (Жен)","nameHistory":[{"nameChangeId":1,"name":"Пончик (жен)","date":1577169940128},{"nameChangeId":2,"name":"Пончик (Жен)","date":1577169974409}]},{"id":126,"name":"Польза","nameHistory":[{"nameChangeId":1,"name":"Польза","date":1577427636444}]},{"id":95,"name":"Плуто","nameHistory":[{"nameChangeId":1,"name":"Плуто","date":1576742327896}]},{"id":44,"name":"Пиф","nameHistory":[{"nameChangeId":1,"name":"Пиф","date":1575894247029}]},{"id":5,"name":"Пила","nameHistory":[{"nameChangeId":1,"name":"Пила","date":1574854908282}]},{"id":141,"name":"Пегас","nameHistory":[{"nameChangeId":1,"name":"Пегас","date":1577961822178}]},{"id":74,"name":"Пантера","nameHistory":[{"nameChangeId":1,"name":"Пантера","date":1576739649817}]},{"id":86,"name":"Панда из Руанды","nameHistory":[{"nameChangeId":1,"name":"Панда из Руанды","date":1576741107634}]},{"id":51,"name":"Опер","nameHistory":[{"nameChangeId":1,"name":"Опер","date":1575896786612}]},{"id":91,"name":"Окси","nameHistory":[{"nameChangeId":1,"name":"Окси","date":1576741448033}]},{"id":66,"name":"Ника","nameHistory":[{"nameChangeId":1,"name":"Ника","date":1576221592395}]},{"id":62,"name":"Немо","nameHistory":[{"nameChangeId":1,"name":"Немо","date":1576221222979}]},{"id":47,"name":"Невидимка","nameHistory":[{"nameChangeId":1,"name":"Невидимка","date":1575895384781}]},{"id":130,"name":"Ната","nameHistory":[{"nameChangeId":1,"name":"Ната","date":1577614249296}]},{"id":22,"name":"Наркоманка","nameHistory":[{"nameChangeId":1,"name":"Наркоманка","date":1575553651154}]},{"id":63,"name":"Молочко","nameHistory":[{"nameChangeId":1,"name":"Молочко","date":1576221469040}]},{"id":106,"name":"Могу Долго","nameHistory":[{"nameChangeId":1,"name":"Могу Долго","date":1576745456562}]},{"id":78,"name":"Мишок","nameHistory":[{"nameChangeId":1,"name":"Мишок","date":1576739915984}]},{"id":75,"name":"Мироманка","nameHistory":[{"nameChangeId":1,"name":"Мироманка","date":1576739710334}]},{"id":68,"name":"Миледи","nameHistory":[{"nameChangeId":1,"name":"Миледи","date":1576222197717}]},{"id":118,"name":"Медведь","nameHistory":[{"nameChangeId":1,"name":"Медведь","date":1577168738086}]},{"id":6,"name":"Матильда","nameHistory":[{"nameChangeId":1,"name":"Матильда","date":1574854921746}]},{"id":8,"name":"Масяня","nameHistory":[{"nameChangeId":1,"name":"Масяня","date":1574854937901}]},{"id":50,"name":"Марк","nameHistory":[{"nameChangeId":1,"name":"Марк","date":1575896658238}]},{"id":38,"name":"Мариан","nameHistory":[{"nameChangeId":1,"name":"Мариан","date":1575555547289}]},{"id":115,"name":"Маракуйя","nameHistory":[{"nameChangeId":1,"name":"Маракуйя","date":1577167377925}]},{"id":12,"name":"Мао","nameHistory":[{"nameChangeId":1,"name":"Мао","date":1574854967322}]},{"id":122,"name":"Максим Занят","nameHistory":[{"nameChangeId":1,"name":"Максим Занят","date":1577169705847}]},{"id":99,"name":"Магистр","nameHistory":[{"nameChangeId":1,"name":"Магистр","date":1576743148260}]},{"id":33,"name":"Маг","nameHistory":[{"nameChangeId":1,"name":"Маг","date":1575554982450}]},{"id":34,"name":"Маваши","nameHistory":[{"nameChangeId":1,"name":"Маваши","date":1575555286390}]},{"id":57,"name":"М (Эм)","nameHistory":[{"nameChangeId":1,"name":"М (Эм)","date":1576220000144}]},{"id":116,"name":"Лулу","nameHistory":[{"nameChangeId":1,"name":"Лулу","date":1577167590333}]},{"id":42,"name":"Лобода","nameHistory":[{"nameChangeId":1,"name":"Лобода","date":1575894236618}]},{"id":132,"name":"Леся","nameHistory":[{"nameChangeId":1,"name":"Леся","date":1577614278503}]},{"id":111,"name":"Леонардо","nameHistory":[{"nameChangeId":1,"name":"Леонардо","date":1577167074516}]},{"id":85,"name":"Ленивец","nameHistory":[{"nameChangeId":1,"name":"Ленивец","date":1576741084984}]},{"id":15,"name":"Лелик","nameHistory":[{"nameChangeId":1,"name":"Лелик","date":1574858421278}]},{"id":104,"name":"Лекса","nameHistory":[{"nameChangeId":1,"name":"Лекса","date":1576744437078}]},{"id":90,"name":"Лаки","nameHistory":[{"nameChangeId":1,"name":"Лаки","date":1576741443366}]},{"id":7,"name":"Кью","nameHistory":[{"nameChangeId":1,"name":"Кью","date":1574854931272}]},{"id":27,"name":"Крот","nameHistory":[{"nameChangeId":1,"name":"Фини","date":1575554146639},{"nameChangeId":2,"name":"Крот","date":1575554610912}]},{"id":46,"name":"Крокодил","nameHistory":[{"nameChangeId":1,"name":"Крокодил","date":1575895325357}]},{"id":88,"name":"Кри","nameHistory":[{"nameChangeId":1,"name":"Кри","date":1576741400482}]},{"id":49,"name":"Красный Игрок","nameHistory":[{"nameChangeId":1,"name":"Красный Игрок","date":1575895881809}]},{"id":108,"name":"Колибри","nameHistory":[{"nameChangeId":1,"name":"Колибри","date":1577167013804}]},{"id":70,"name":"Клон","nameHistory":[{"nameChangeId":1,"name":"клон","date":1576222257733},{"nameChangeId":2,"name":"Клон","date":1576222289603}]},{"id":107,"name":"Картман","nameHistory":[{"nameChangeId":1,"name":"Картман","date":1577083141372}]},{"id":17,"name":"Карабас","nameHistory":[{"nameChangeId":1,"name":"Масяня","date":1574858447674},{"nameChangeId":2,"name":"Игрок1","date":1574858525309},{"nameChangeId":3,"name":"Карабас","date":1576741378984}]},{"id":125,"name":"Изи-Бризи","nameHistory":[{"nameChangeId":1,"name":"Изи-Бризи","date":1577427491475}]},{"id":139,"name":"Зик","nameHistory":[{"nameChangeId":1,"name":"Зик","date":1577961327220}]},{"id":35,"name":"Забей","nameHistory":[{"nameChangeId":1,"name":"Забей","date":1575555301037}]},{"id":69,"name":"Жена","nameHistory":[{"nameChangeId":1,"name":"Жена","date":1576222226970}]},{"id":105,"name":"Есаул","nameHistory":[{"nameChangeId":1,"name":"Есаул","date":1576745138086}]},{"id":82,"name":"Енот","nameHistory":[{"nameChangeId":1,"name":"Енот","date":1576740984768}]},{"id":92,"name":"Елка","nameHistory":[{"nameChangeId":1,"name":"Елка","date":1576741466798}]},{"id":100,"name":"Ева","nameHistory":[{"nameChangeId":1,"name":"Ева","date":1576744178264}]},{"id":72,"name":"Друг","nameHistory":[{"nameChangeId":1,"name":"Друг","date":1576223844564}]},{"id":133,"name":"Джонс","nameHistory":[{"nameChangeId":1,"name":"Джонс","date":1577614304068}]},{"id":89,"name":"Джексон","nameHistory":[{"nameChangeId":1,"name":"Джексон","date":1576741422931}]},{"id":101,"name":"Джек","nameHistory":[{"nameChangeId":1,"name":"Джек","date":1576744219201}]},{"id":40,"name":"Граф","nameHistory":[{"nameChangeId":1,"name":"Граф","date":1575555655534}]},{"id":59,"name":"Гонсалес","nameHistory":[{"nameChangeId":1,"name":"Гонсалес","date":1576220356981}]},{"id":110,"name":"Гольф","nameHistory":[{"nameChangeId":1,"name":"Гольф","date":1577167054573}]},{"id":20,"name":"Гоги","nameHistory":[{"nameChangeId":1,"name":"Гоги","date":1575552429743}]},{"id":54,"name":"Гитлерок","nameHistory":[{"nameChangeId":1,"name":"Гитлерок","date":1576219824428}]},{"id":113,"name":"Гиннес","nameHistory":[{"nameChangeId":1,"name":"Гиннес","date":1577167179849}]},{"id":98,"name":"Гидра","nameHistory":[{"nameChangeId":1,"name":"Гидра","date":1576743130683}]},{"id":120,"name":"Гермиона","nameHistory":[{"nameChangeId":1,"name":"Гермиона","date":1577169475938}]},{"id":2,"name":"Гермес","nameHistory":[{"nameChangeId":1,"name":"Гермес","date":1574854880179}]},{"id":96,"name":"Вульф","nameHistory":[{"nameChangeId":1,"name":"Вульф","date":1576742374822}]},{"id":102,"name":"Ву","nameHistory":[{"nameChangeId":1,"name":"Ву","date":1576744277733}]},{"id":79,"name":"Вита","nameHistory":[{"nameChangeId":1,"name":"Вита","date":1576739919631}]},{"id":129,"name":"Винч","nameHistory":[{"nameChangeId":1,"name":"Винч","date":1577614142916}]},{"id":67,"name":"Вильгельм","nameHistory":[{"nameChangeId":1,"name":"Вильгельм","date":1576222171961}]},{"id":39,"name":"Вертинский","nameHistory":[{"nameChangeId":1,"name":"Вертинский","date":1575555606043}]},{"id":45,"name":"ВВ","nameHistory":[{"nameChangeId":1,"name":"ВВ","date":1575895320220}]},{"id":76,"name":"Бугай","nameHistory":[{"nameChangeId":1,"name":"Бугай","date":1576739725064}]},{"id":9,"name":"Ботичелли","nameHistory":[{"nameChangeId":1,"name":"Ботичелли","date":1574854945966}]},{"id":121,"name":"Боб","nameHistory":[{"nameChangeId":1,"name":"Боб","date":1577169686290},{"nameChangeId":2,"name":"Максим Занят","date":1577169691463},{"nameChangeId":3,"name":"Боб","date":1577169698904}]},{"id":1,"name":"Бернинг","nameHistory":[{"nameChangeId":1,"name":"Бернинг","date":1574854870530}]},{"id":114,"name":"Белла","nameHistory":[{"nameChangeId":1,"name":"Белла","date":1577167275994}]},{"id":28,"name":"Баламут","nameHistory":[{"nameChangeId":1,"name":"Баламут","date":1575554600158}]},{"id":93,"name":"База","nameHistory":[{"nameChangeId":1,"name":"База","date":1576741485477}]},{"id":64,"name":"Аш","nameHistory":[{"nameChangeId":1,"name":"Аш","date":1576221491746}]},{"id":37,"name":"Аспин","nameHistory":[{"nameChangeId":1,"name":"Аспин","date":1575555342259}]},{"id":103,"name":"Антоновка","nameHistory":[{"nameChangeId":1,"name":"Антоновка","date":1576744299211}]},{"id":83,"name":"Антон","nameHistory":[{"nameChangeId":1,"name":"Антон","date":1576741007317}]},{"id":80,"name":"Айвори","nameHistory":[{"nameChangeId":1,"name":"Айвери","date":1576740433618},{"nameChangeId":2,"name":"Айвори","date":1576741499498}]},{"id":97,"name":"Агроном","nameHistory":[{"nameChangeId":1,"name":"Агроном","date":1576742839396}]},{"id":43,"name":"А1","nameHistory":[{"nameChangeId":1,"name":"А1","date":1575894242866}]},{"id":142,"name":"Марго","nameHistory":[{"nameChangeId":1,"name":"Марго","date":1578607922658}]},{"id":143,"name":"Фиалка","nameHistory":[{"nameChangeId":1,"name":"Фиалка","date":1578609588996}]},{"id":144,"name":"Бамблби","nameHistory":[{"nameChangeId":1,"name":"Бамблби","date":1578610021774}]},{"id":145,"name":"Руфер","nameHistory":[{"nameChangeId":1,"name":"Руфер","date":1578610690721}]},{"id":146,"name":"Лютик","nameHistory":[{"nameChangeId":1,"name":"Лютик","date":1578670345021}]},{"id":147,"name":"Маркус","nameHistory":[{"nameChangeId":1,"name":"Маркус","date":1578670704049}]},{"id":148,"name":"Эдж","nameHistory":[{"nameChangeId":1,"name":"Эдж","date":1578670734188}]},{"id":149,"name":"Мария","nameHistory":[{"nameChangeId":1,"name":"Мария","date":1578670765354}]},{"id":150,"name":"Вад","nameHistory":[{"nameChangeId":1,"name":"Вад","date":1578670888326}]},{"id":151,"name":"Зэт(Z)","nameHistory":[{"nameChangeId":1,"name":"Зэт(Z)","date":1578672007650}]},{"id":152,"name":"Дион Доу","nameHistory":[{"nameChangeId":1,"name":"Дион Доу","date":1578672562158}]},{"id":153,"name":"Лоя","nameHistory":[{"nameChangeId":1,"name":"Лоя","date":1578673749840}]},{"id":155,"name":"Нагинц","nameHistory":[{"nameChangeId":1,"name":"Нагинц","date":1578673828749}]},{"id":156,"name":"Чак Норрис","nameHistory":[{"nameChangeId":1,"name":"Чак Норрис","date":1578760230906}]},{"id":157,"name":"Алиса (молодечно)","nameHistory":[{"nameChangeId":1,"name":"Алиса (молодечно)","date":1578760894693}]},{"id":158,"name":"Лиса","nameHistory":[{"nameChangeId":1,"name":"Лиса","date":1578760919336}]},{"id":159,"name":"Грин","nameHistory":[{"nameChangeId":1,"name":"Грин","date":1578761034721}]},{"id":160,"name":"Штык","nameHistory":[{"nameChangeId":1,"name":"Штык","date":1578761056771}]},{"id":161,"name":"Башмак","nameHistory":[{"nameChangeId":1,"name":"Башмак","date":1578761219323}]},{"id":162,"name":"Арис","nameHistory":[{"nameChangeId":1,"name":"Арис","date":1578761587112}]},{"id":163,"name":"Жаклин","nameHistory":[{"nameChangeId":1,"name":"Жаклин","date":1578762288126}]},{"id":164,"name":"Виолетта","nameHistory":[{"nameChangeId":1,"name":"Виолетта","date":1578762318414}]},{"id":165,"name":"Доходяга","nameHistory":[{"nameChangeId":1,"name":"Доходяга","date":1578762346827}]},{"id":166,"name":"Забар","nameHistory":[{"nameChangeId":1,"name":"Забар","date":1578762390455}]},{"id":167,"name":"Смайл","nameHistory":[{"nameChangeId":1,"name":"Смайл","date":1578789865383}]},{"id":168,"name":"Фокс","nameHistory":[{"nameChangeId":1,"name":"Фокс","date":1578789920790}]},{"id":169,"name":"Август","nameHistory":[{"nameChangeId":1,"name":"Август","date":1578790521188}]},{"id":170,"name":"Номерок","nameHistory":[{"nameChangeId":1,"name":"Номерок","date":1578790577603}]},{"id":171,"name":"Чепух (варшава)","nameHistory":[{"nameChangeId":1,"name":"Чепух (варшава)","date":1578790821767}]},{"id":172,"name":"Хан","nameHistory":[{"nameChangeId":1,"name":"Хан","date":1578790996647}]},{"id":174,"name":"Савитар","nameHistory":[{"nameChangeId":1,"name":"Савитар","date":1578791262505}]},{"id":175,"name":"Кармилитка","nameHistory":[{"nameChangeId":1,"name":"Кармилитка","date":1578791413546}]},{"id":176,"name":"Барни Блудница","nameHistory":[{"nameChangeId":1,"name":"Барни Блудница","date":1578791458044}]},{"id":177,"name":"Ронни","nameHistory":[{"nameChangeId":1,"name":"Ронни","date":1579204151756}]},{"id":178,"name":"Йода","nameHistory":[{"nameChangeId":1,"name":"Йода","date":1579206714901}]},{"id":179,"name":"Анжела","nameHistory":[{"nameChangeId":1,"name":"Анжела","date":1579206911005}]},{"id":180,"name":"Наполеон","nameHistory":[{"nameChangeId":1,"name":"Наполеон","date":1579365786443}]},{"id":181,"name":"Коледжио","nameHistory":[{"nameChangeId":1,"name":"Коледжио","date":1579365864910}]},{"id":182,"name":"31","nameHistory":[{"nameChangeId":1,"name":"31","date":1579365899479}]},{"id":183,"name":"Нарк","nameHistory":[{"nameChangeId":1,"name":"Нарк","date":1579366685321}]},{"id":184,"name":"Львенок","nameHistory":[{"nameChangeId":1,"name":"Львенок","date":1579366705940}]},{"id":185,"name":"Микки","nameHistory":[{"nameChangeId":1,"name":"Микки","date":1579366736810}]},{"id":186,"name":"Кей","nameHistory":[{"nameChangeId":1,"name":"Кей","date":1579366760866}]},{"id":187,"name":"Сова","nameHistory":[{"nameChangeId":1,"name":"Сова","date":1579366782934}]},{"id":188,"name":"Диспер","nameHistory":[{"nameChangeId":1,"name":"Диспер","date":1579366818455}]},{"id":189,"name":"Тур","nameHistory":[{"nameChangeId":1,"name":"Тур","date":1579367269611}]},{"id":190,"name":"Талок","nameHistory":[{"nameChangeId":1,"name":"Талок","date":1579367902569}]},{"id":191,"name":"Вий","nameHistory":[{"nameChangeId":1,"name":"Вий","date":1579367951042}]},{"id":193,"name":"Ланс","nameHistory":[{"nameChangeId":1,"name":"Ланс","date":1579442828345}]},{"id":194,"name":"Лимон","nameHistory":[{"nameChangeId":1,"name":"Лимон","date":1579640471181}]},{"id":195,"name":"Элли","nameHistory":[{"nameChangeId":1,"name":"Элли","date":1579640937900}]},{"id":196,"name":"Мориарти","nameHistory":[{"nameChangeId":1,"name":"Мориарти","date":1579956761792}]},{"id":197,"name":"Эдриан","nameHistory":[{"nameChangeId":1,"name":"Эндрю","date":1579956876261},{"nameChangeId":2,"name":"Эдриан","date":1579957207211}]},{"id":198,"name":"Акула","nameHistory":[{"nameChangeId":1,"name":"Акула","date":1579957413678}]},{"id":199,"name":"Вилли","nameHistory":[{"nameChangeId":1,"name":"Вилли","date":1579957484180}]},{"id":200,"name":"Клипса","nameHistory":[{"nameChangeId":1,"name":"Клипса","date":1579957525983}]},{"id":201,"name":"Дэвиль","nameHistory":[{"nameChangeId":1,"name":"Дэвиль","date":1579957608177}]},{"id":202,"name":"Лера","nameHistory":[{"nameChangeId":1,"name":"Лера","date":1579958310324}]},{"id":203,"name":"Полдник","nameHistory":[{"nameChangeId":1,"name":"Полдник","date":1579959619459}]},{"id":204,"name":"Майкл","nameHistory":[{"nameChangeId":1,"name":"Майкл","date":1580070597141}]},{"id":205,"name":"Буба","nameHistory":[{"nameChangeId":1,"name":"Буба","date":1580070699280}]},{"id":206,"name":"Мистер Смит","nameHistory":[{"nameChangeId":1,"name":"Мистер Смит","date":1580070762320}]},{"id":207,"name":"Миссис Смит","nameHistory":[{"nameChangeId":1,"name":"Миссис Смит","date":1580070784604}]},{"id":208,"name":"Вихва","nameHistory":[{"nameChangeId":1,"name":"Вихва","date":1580071413720}]},{"id":209,"name":"Гиена","nameHistory":[{"nameChangeId":1,"name":"Гиена","date":1580165569327}]},{"id":210,"name":"Арктика","nameHistory":[{"nameChangeId":1,"name":"Арктика","date":1580165621707}]},{"id":211,"name":"Склиф","nameHistory":[{"nameChangeId":1,"name":"Склиф","date":1580557092467}]},{"id":212,"name":"Маргаритка","nameHistory":[{"nameChangeId":1,"name":"Маргаритка","date":1580557107176}]},{"id":213,"name":"Гаджет","nameHistory":[{"nameChangeId":1,"name":"Гаджет","date":1581172243158}]},{"id":214,"name":"Янни","nameHistory":[{"nameChangeId":1,"name":"Янни","date":1581173304639}]},{"id":215,"name":"Магнолия","nameHistory":[{"nameChangeId":1,"name":"Магнолия","date":1581177845201}]},{"id":216,"name":"Вирджиния","nameHistory":[{"nameChangeId":1,"name":"Вирджиния","date":1581179210175}]},{"id":217,"name":"Broo","nameHistory":[{"nameChangeId":1,"name":"Broo","date":1581180281944}]},{"id":218,"name":"Таша","nameHistory":[{"nameChangeId":1,"name":"Таша","date":1581180310839}]},{"id":219,"name":"LSD","nameHistory":[{"nameChangeId":1,"name":"LSD","date":1581180539365}]},{"id":220,"name":"Формат","nameHistory":[{"nameChangeId":1,"name":"Формат","date":1581180584102}]},{"id":221,"name":"Кокос","nameHistory":[{"nameChangeId":1,"name":"Кокос","date":1581180607867}]},{"id":222,"name":"Бореса","nameHistory":[{"nameChangeId":1,"name":"Бореса","date":1581180632183}]},{"id":223,"name":"Орк","nameHistory":[{"nameChangeId":1,"name":"Орк","date":1581180651530}]},{"id":224,"name":"Русский","nameHistory":[{"nameChangeId":1,"name":"Русский","date":1581627546087}]},{"id":225,"name":"Тип","nameHistory":[{"nameChangeId":1,"name":"Тип","date":1581628459363}]},{"id":226,"name":"В17","nameHistory":[{"nameChangeId":1,"name":"В17","date":1581629181637}]},{"id":227,"name":"Тигра","nameHistory":[{"nameChangeId":1,"name":"Тигра","date":1581629479901}]},{"id":228,"name":"Эстефания","nameHistory":[{"nameChangeId":1,"name":"Эстефания","date":1581630337169}]},{"id":229,"name":"Фонарь","nameHistory":[{"nameChangeId":1,"name":"Фонарь","date":1581630358686}]},{"id":230,"name":"Почемучка","nameHistory":[{"nameChangeId":1,"name":"Почемучка","date":1581767400321}]},{"id":231,"name":"Юджин","nameHistory":[{"nameChangeId":1,"name":"Юджин","date":1581767640127}]},{"id":232,"name":"Ротмистер","nameHistory":[{"nameChangeId":1,"name":"Ротмистер","date":1581767695528}]},{"id":233,"name":"Звезда","nameHistory":[{"nameChangeId":1,"name":"Звезда","date":1581767782960}]},{"id":234,"name":"Мадонна","nameHistory":[{"nameChangeId":1,"name":"Мадонна","date":1581767803387}]},{"id":235,"name":"Трепачева","nameHistory":[{"nameChangeId":1,"name":"Трепачева","date":1581888837465}]},{"id":236,"name":"Лори","nameHistory":[{"nameChangeId":1,"name":"Лори","date":1581889295108}]},{"id":237,"name":"Купидон","nameHistory":[{"nameChangeId":1,"name":"Купидон","date":1581889324680}]},{"id":238,"name":"Гуф","nameHistory":[{"nameChangeId":1,"name":"Гуф","date":1581889439356}]},{"id":239,"name":"Джина","nameHistory":[{"nameChangeId":1,"name":"Джина","date":1581889580752}]},{"id":240,"name":"Фифа","nameHistory":[{"nameChangeId":1,"name":"Фифа","date":1582231677453}]},{"id":241,"name":"Yesterday","nameHistory":[{"nameChangeId":1,"name":"Yesterday","date":1582231944298}]},{"id":242,"name":"Natsy","nameHistory":[{"nameChangeId":1,"name":"Natsy","date":1582232086439}]},{"id":243,"name":"Бон","nameHistory":[{"nameChangeId":1,"name":"Бон","date":1582232538204}]},{"id":244,"name":"Физик","nameHistory":[{"nameChangeId":1,"name":"Физик","date":1582479955902}]},{"id":245,"name":"Джульета","nameHistory":[{"nameChangeId":1,"name":"Джульета","date":1582480069060}]},{"id":246,"name":"Валли","nameHistory":[{"nameChangeId":1,"name":"Валли","date":1582480105262}]},{"id":247,"name":"Алиха","nameHistory":[{"nameChangeId":1,"name":"Алиха","date":1582480126755}]},{"id":248,"name":"Муж","nameHistory":[{"nameChangeId":1,"name":"Муж","date":1582480153192}]},{"id":249,"name":"Ноил","nameHistory":[{"nameChangeId":1,"name":"Ноил","date":1582480237782}]},{"id":250,"name":"Раница","nameHistory":[{"nameChangeId":1,"name":"Раница","date":1582480304603}]},{"id":251,"name":"Грета","nameHistory":[{"nameChangeId":1,"name":"Грета","date":1582480330734}]},{"id":252,"name":"Фрайдей","nameHistory":[{"nameChangeId":1,"name":"Фрайдей","date":1582549111064}]},{"id":253,"name":"Алиса(МВ)","nameHistory":[{"nameChangeId":1,"name":"Алиса(МВ)","date":1582562944069}]},{"id":254,"name":"Лайт","nameHistory":[{"nameChangeId":1,"name":"Лайт","date":1582562985836}]},{"id":255,"name":"Nlip(Россия)","nameHistory":[{"nameChangeId":1,"name":"Nlip(Россия)","date":1582971841321}]},{"id":256,"name":"Волга","nameHistory":[{"nameChangeId":1,"name":"Волга","date":1583022981986}]},{"id":257,"name":"Марфик(грузия)","nameHistory":[{"nameChangeId":1,"name":"Марфик(грузия)","date":1583023010850}]},{"id":258,"name":"Элис(грузия)","nameHistory":[{"nameChangeId":1,"name":"Элис(грузия)","date":1583023285567}]}]}