{"formatVersion":1,"settings":{"gamesMonth":"2020-03","maxPlayerId":271,"maxGameId":132},"games":[{"id":1,"date":"2020-03-01","players":[10,31,105,8,20,1,36,15,4,19],"don":1,"maf1":2,"maf2":3,"sherif":7,"firstKilled":4,"firstKilledGuessPoints":0,"cityWin":true},{"id":2,"date":"2020-03-01","players":[8,12,19,4,114,118,42,20,151,62],"don":1,"maf1":2,"maf2":9,"sherif":3,"firstKilled":0,"firstKilledGuessPoints":0,"cityWin":false},{"id":3,"date":"2020-03-01","players":[42,15,62,20,86,114,151,4,12,118],"don":1,"maf1":5,"maf2":8,"sherif":6,"firstKilled":2,"firstKilledGuessPoints":0.25,"cityWin":false},{"id":4,"date":"2020-03-01","players":[151,114,36,246,86,31,105,12,1,10],"don":6,"maf1":7,"maf2":9,"sherif":4,"firstKilled":null,"firstKilledGuessPoints":null,"cityWin":false},{"id":5,"date":"2020-03-01","players":[114,10,1,151,36,86,31,5,105,246],"don":9,"maf1":1,"maf2":7,"sherif":0,"firstKilled":null,"firstKilledGuessPoints":null,"cityWin":true},{"id":6,"date":"2020-03-02","players":[19,15,51,8,1,16,34,24,36,10],"don":0,"maf1":7,"maf2":8,"sherif":3,"cityWin":false,"firstKilled":2,"firstKilledGuessPoints":0},{"id":7,"date":"2020-03-02","players":[8,36,151,177,43,16,115,51,31,34],"don":6,"maf1":7,"maf2":8,"sherif":9,"firstKilled":1,"firstKilledGuessPoints":0.25,"cityWin":true},{"id":8,"date":"2020-03-02","players":[16,24,19,62,21,115,8,31,51,15],"don":0,"maf1":2,"maf2":6,"sherif":1,"firstKilled":7,"firstKilledGuessPoints":0,"cityWin":true},{"id":9,"date":"2020-03-02","players":[68,8,10,31,16,151,19,36,34,177],"don":0,"maf1":6,"maf2":8,"sherif":1,"firstKilled":9,"firstKilledGuessPoints":0,"cityWin":false},{"id":10,"date":"2020-03-02","players":[31,16,8,36,19,34,1,177,151,43],"don":4,"maf1":5,"maf2":9,"sherif":1,"firstKilled":2,"firstKilledGuessPoints":0.25,"cityWin":false},{"id":11,"date":"2020-03-04","players":[31,86,42,53,156,246,151,29,54,8],"don":9,"maf1":6,"maf2":8,"sherif":0,"firstKilled":3,"firstKilledGuessPoints":0,"cityWin":false},{"id":12,"date":"2020-03-04","players":[16,15,29,4,156,246,143,10,123,64],"don":6,"maf1":2,"maf2":9,"sherif":4,"firstKilled":5,"firstKilledGuessPoints":0.25,"cityWin":true},{"id":13,"date":"2020-03-04","players":[53,29,156,8,86,151,54,42,246,31],"don":2,"maf1":1,"maf2":3,"sherif":8,"firstKilled":8,"firstKilledGuessPoints":0,"cityWin":true},{"id":14,"date":"2020-03-04","players":[156,86,54,29,151,8,143,246,31,42],"don":4,"maf1":2,"maf2":5,"sherif":7,"firstKilled":6,"firstKilledGuessPoints":0,"cityWin":true},{"id":15,"date":"2020-03-04","players":[143,7,8,64,29,114,31,86,123,15],"don":7,"maf1":1,"maf2":3,"sherif":4,"firstKilled":6,"firstKilledGuessPoints":0,"cityWin":true},{"id":16,"date":"2020-03-04","players":[8,246,10,156,4,16,31,7,86,151],"don":6,"maf1":8,"maf2":9,"sherif":7,"firstKilled":7,"firstKilledGuessPoints":0,"cityWin":false},{"id":17,"date":"2020-03-04","players":[16,123,42,143,10,64,151,29,15,54],"don":8,"maf1":1,"maf2":4,"sherif":7,"firstKilled":3,"firstKilledGuessPoints":0.25,"cityWin":true},{"id":18,"date":"2020-03-04","players":[54,143,114,156,246,31,53,8,42,86],"don":1,"maf1":2,"maf2":6,"sherif":5,"firstKilled":7,"firstKilledGuessPoints":0,"cityWin":false},{"id":19,"date":"2020-03-05","players":[115,42,5,27,51,246,177,4,69,10],"don":5,"maf1":0,"maf2":8,"sherif":3,"firstKilled":4,"firstKilledGuessPoints":0,"cityWin":true},{"id":20,"date":"2020-03-05","players":[246,4,51,115,27,10,5,31,42,177],"don":9,"maf1":6,"maf2":7,"sherif":2,"firstKilled":4,"firstKilledGuessPoints":0,"cityWin":false},{"id":21,"date":"2020-03-05","players":[40,246,10,51,5,42,12,4,115,27],"don":8,"maf1":1,"maf2":5,"sherif":4,"firstKilled":0,"firstKilledGuessPoints":0,"cityWin":false},{"id":22,"date":"2020-03-05","players":[27,42,115,31,246,69,4,10,5,51],"don":2,"maf1":5,"maf2":8,"sherif":7,"firstKilled":6,"firstKilledGuessPoints":0,"cityWin":true},{"id":23,"date":"2020-03-05","players":[27,5,10,69,4,42,31,246,115,51],"don":3,"maf1":8,"maf2":9,"sherif":5,"firstKilled":2,"firstKilledGuessPoints":0,"cityWin":false},{"id":24,"date":"2020-03-02","players":[24,115,21,43,31,10,1,62,19,15],"don":5,"maf1":3,"maf2":7,"sherif":6,"firstKilled":null,"firstKilledGuessPoints":null,"cityWin":true},{"id":25,"date":"2020-03-06","players":[177,8,151,62,5,36,34,26,24,86],"don":8,"maf1":1,"maf2":7,"sherif":5,"cityWin":true,"firstKilled":3,"firstKilledGuessPoints":0},{"id":26,"date":"2020-03-06","players":[51,15,8,62,5,36,34,64,26,86],"don":3,"maf1":4,"maf2":6,"sherif":7,"firstKilled":7,"firstKilledGuessPoints":0.25,"cityWin":false},{"id":27,"date":"2020-03-06","players":[62,34,24,15,8,177,151,64,86,26],"don":4,"maf1":1,"maf2":7,"sherif":0,"firstKilled":0,"firstKilledGuessPoints":0,"cityWin":false},{"id":28,"date":"2020-03-06","players":[15,24,36,64,5,86,62,26,151,34],"don":9,"maf1":1,"maf2":2,"sherif":5,"firstKilled":8,"firstKilledGuessPoints":0.4,"cityWin":true},{"id":29,"date":"2020-03-06","players":[62,5,8,48,151,46,34,36,177,64],"don":6,"maf1":5,"maf2":8,"sherif":0,"firstKilled":9,"firstKilledGuessPoints":0.25,"cityWin":true},{"id":30,"date":"2020-03-06","players":[24,26,8,177,64,61,62,48,34,86],"don":9,"maf1":3,"maf2":7,"sherif":8,"firstKilled":2,"firstKilledGuessPoints":0.25,"cityWin":false},{"id":31,"date":"2020-03-06","players":[24,86,26,46,177,151,48,5,8,36],"don":7,"maf1":2,"maf2":8,"sherif":5,"firstKilled":4,"firstKilledGuessPoints":0.25,"cityWin":true},{"id":32,"date":"2020-03-06","players":[64,61,62,8,36,26,34,31,86,24],"don":1,"maf1":4,"maf2":7,"sherif":6,"firstKilled":2,"firstKilledGuessPoints":0,"cityWin":true},{"id":33,"date":"2020-03-07","players":[15,16,10,9,36,151,34,194,8,35],"don":3,"maf1":6,"maf2":7,"sherif":0,"cityWin":false,"firstKilled":9,"firstKilledGuessPoints":0},{"id":34,"date":"2020-03-07","players":[194,109,259,177,42,35,64,9,34,15],"don":3,"maf1":0,"maf2":8,"sherif":4,"firstKilled":6,"firstKilledGuessPoints":0,"cityWin":false},{"id":35,"date":"2020-03-07","players":[42,259,151,10,8,109,16,86,177,35],"don":1,"maf1":5,"maf2":9,"sherif":6,"firstKilled":3,"firstKilledGuessPoints":0,"cityWin":false},{"id":36,"date":"2020-03-07","players":[16,35,10,15,9,194,86,8,151,42],"don":7,"maf1":0,"maf2":6,"sherif":8,"firstKilled":2,"firstKilledGuessPoints":0.25,"cityWin":false},{"id":37,"date":"2020-03-07","players":[8,16,15,109,259,42,194,86,9,35],"don":6,"maf1":8,"maf2":9,"sherif":5,"firstKilled":7,"firstKilledGuessPoints":0,"cityWin":false},{"id":38,"date":"2020-03-07","players":[86,42,259,16,51,8,151,109,15,194],"don":7,"maf1":1,"maf2":9,"sherif":3,"firstKilled":8,"firstKilledGuessPoints":0,"cityWin":true},{"id":39,"date":"2020-03-07","players":[151,42,109,3,16,2,8,86,51,15],"don":7,"maf1":2,"maf2":8,"sherif":1,"firstKilled":5,"firstKilledGuessPoints":0,"cityWin":true},{"id":40,"date":"2020-03-07","players":[123,59,115,51,62,26,8,260,19,151],"don":3,"maf1":6,"maf2":9,"sherif":2,"firstKilled":5,"firstKilledGuessPoints":0.25,"cityWin":true},{"id":41,"date":"2020-03-09","players":[5,86,42,246,24,255,26,8,19,64],"don":4,"maf1":1,"maf2":5,"sherif":6,"firstKilled":3,"firstKilledGuessPoints":0,"cityWin":true},{"id":42,"date":"2020-03-09","players":[5,42,24,86,143,177,16,64,246,123],"don":7,"maf1":1,"maf2":8,"sherif":2,"firstKilled":2,"firstKilledGuessPoints":0.25,"cityWin":false},{"id":43,"date":"2020-03-09","players":[64,255,246,5,42,16,26,24,143,177],"don":8,"maf1":0,"maf2":7,"sherif":2,"firstKilled":1,"firstKilledGuessPoints":0,"cityWin":true},{"id":44,"date":"2020-03-09","players":[42,60,177,16,255,24,59,246,7,143],"don":5,"maf1":4,"maf2":9,"sherif":3,"firstKilled":6,"firstKilledGuessPoints":0,"cityWin":false},{"id":45,"date":"2020-03-09","players":[24,7,59,60,19,62,246,143,64,26],"don":2,"maf1":6,"maf2":8,"sherif":3,"firstKilled":0,"firstKilledGuessPoints":0,"cityWin":true},{"id":46,"date":"2020-03-09","players":[19,26,62,255,7,151,51,123,115,8],"don":9,"maf1":3,"maf2":4,"sherif":0,"cityWin":true},{"id":47,"date":"2020-03-11","players":[8,46,42,19,27,35,51,115,15,36],"don":3,"maf1":7,"maf2":9,"sherif":6,"cityWin":true,"firstKilled":8,"firstKilledGuessPoints":0},{"id":48,"date":"2020-03-11","players":[16,10,39,46,86,35,151,114,42,8],"don":3,"maf1":0,"maf2":9,"sherif":1,"firstKilled":6,"firstKilledGuessPoints":0,"cityWin":true},{"id":49,"date":"2020-03-11","players":[60,36,46,8,16,51,261,115,86,39],"don":5,"maf1":0,"maf2":1,"sherif":7,"firstKilled":2,"firstKilledGuessPoints":0,"cityWin":false},{"id":50,"date":"2020-03-11","players":[42,35,151,68,10,262,51,59,114,39],"don":5,"maf1":4,"maf2":8,"sherif":2,"firstKilled":6,"firstKilledGuessPoints":0,"cityWin":true},{"id":51,"date":"2020-03-11","players":[68,115,35,261,39,19,16,8,36,51],"don":8,"maf1":3,"maf2":5,"sherif":0,"firstKilled":9,"firstKilledGuessPoints":0.25,"cityWin":false},{"id":52,"date":"2020-03-12","players":[263,100,10,5,8,18,264,116,265,60],"don":0,"maf1":4,"maf2":6,"sherif":9,"firstKilled":2,"firstKilledGuessPoints":0,"cityWin":false},{"id":53,"date":"2020-03-12","players":[59,246,266,60,265,116,5,18,10,264],"don":7,"maf1":6,"maf2":8,"sherif":4,"firstKilled":2,"firstKilledGuessPoints":0,"cityWin":false},{"id":54,"date":"2020-03-12","players":[266,8,60,263,246,100,12,59,116,10],"don":8,"maf1":5,"maf2":7,"sherif":4,"firstKilled":1,"firstKilledGuessPoints":0,"cityWin":false},{"id":55,"date":"2020-03-12","players":[246,264,18,265,5,263,100,8,59,266],"don":7,"maf1":5,"maf2":9,"sherif":6,"firstKilled":8,"firstKilledGuessPoints":0,"cityWin":true},{"id":56,"date":"2020-03-13","players":[86,5,42,246,267,109,151,24,26,8],"don":0,"maf1":7,"maf2":8,"sherif":2,"cityWin":true,"firstKilled":4,"firstKilledGuessPoints":0},{"id":57,"date":"2020-03-13","players":[86,8,5,64,109,18,26,24,151,246],"don":9,"maf1":2,"maf2":5,"sherif":1,"firstKilled":3,"firstKilledGuessPoints":0,"cityWin":true},{"id":58,"date":"2020-03-13","players":[26,36,18,34,86,42,267,151,64,8],"don":7,"maf1":3,"maf2":4,"sherif":1,"firstKilled":9,"firstKilledGuessPoints":0.25,"cityWin":false},{"id":59,"date":"2020-03-13","players":[64,18,34,151,109,98,42,8,36,24],"don":9,"maf1":1,"maf2":6,"sherif":0,"firstKilled":5,"firstKilledGuessPoints":0.25,"cityWin":false},{"id":60,"date":"2020-03-13","players":[36,267,86,98,19,24,64,34,42,26],"don":4,"maf1":3,"maf2":5,"sherif":6,"firstKilled":6,"firstKilledGuessPoints":0,"cityWin":false},{"id":61,"date":"2020-03-13","players":[19,86,151,267,123,64,34,8,18,36],"don":4,"maf1":7,"maf2":8,"sherif":2,"firstKilled":0,"firstKilledGuessPoints":0.25,"cityWin":false},{"id":62,"date":"2020-03-13","players":[18,151,8,26,24,42,34,19,109,86],"don":4,"maf1":8,"maf2":9,"sherif":3,"firstKilled":6,"firstKilledGuessPoints":0.25,"cityWin":true},{"id":63,"date":"2020-03-13","players":[64,26,34,109,36,24,19,18,151,123],"don":1,"maf1":4,"maf2":5,"sherif":6,"firstKilled":null,"firstKilledGuessPoints":null,"cityWin":true},{"id":64,"date":"2020-03-11","players":[151,115,16,86,123,10,42,51,15,46],"don":7,"maf1":4,"maf2":8,"sherif":1,"firstKilled":2,"firstKilledGuessPoints":0.25,"cityWin":false},{"id":65,"date":"2020-03-14","players":[5,1,151,51,114,19,8,86,60,119],"don":9,"maf1":6,"maf2":8,"sherif":0,"cityWin":true,"firstKilled":3,"firstKilledGuessPoints":0},{"id":66,"date":"2020-03-14","players":[59,114,10,19,119,51,147,5,12,60],"don":7,"maf1":3,"maf2":5,"sherif":2,"firstKilled":null,"firstKilledGuessPoints":null,"cityWin":false},{"id":67,"date":"2020-03-14","players":[151,119,1,147,51,115,59,12,8,86],"don":3,"maf1":1,"maf2":2,"sherif":4,"firstKilled":8,"firstKilledGuessPoints":0,"cityWin":true},{"id":68,"date":"2020-03-14","players":[114,115,42,151,4,5,12,8,86,1],"don":3,"maf1":1,"maf2":7,"sherif":6,"firstKilled":8,"firstKilledGuessPoints":0,"cityWin":false},{"id":69,"date":"2020-03-14","players":[51,115,86,151,42,5,1,8,12,114],"don":7,"maf1":6,"maf2":8,"sherif":3,"firstKilled":9,"firstKilledGuessPoints":0.25,"cityWin":true},{"id":70,"date":"2020-03-14","players":[1,151,5,51,8,147,86,115,114,12],"don":4,"maf1":8,"maf2":9,"sherif":1,"firstKilled":7,"firstKilledGuessPoints":0,"cityWin":true},{"id":71,"date":"2020-03-14","players":[8,12,115,60,5,59,114,86,19,51],"don":3,"maf1":4,"maf2":6,"sherif":8,"firstKilled":9,"firstKilledGuessPoints":0.25,"cityWin":true},{"id":72,"date":"2020-03-16","players":[10,19,160,246,5,115,151,35,86,178],"don":2,"maf1":1,"maf2":3,"sherif":7,"cityWin":true},{"id":73,"date":"2020-03-16","players":[5,160,246,10,178,62,35,118,19,115],"don":4,"maf1":2,"maf2":9,"sherif":3,"firstKilled":8,"firstKilledGuessPoints":0,"cityWin":true},{"id":74,"date":"2020-03-16","players":[115,246,62,35,19,160,178,118,10,5],"don":0,"maf1":5,"maf2":9,"sherif":4,"firstKilled":7,"firstKilledGuessPoints":0.25,"cityWin":true},{"id":75,"date":"2020-03-16","players":[160,69,118,10,246,35,19,115,5,62],"don":1,"maf1":0,"maf2":5,"sherif":7,"firstKilled":2,"firstKilledGuessPoints":0,"cityWin":false},{"id":76,"date":"2020-03-16","players":[118,115,10,69,62,19,5,42,160,35],"don":0,"maf1":4,"maf2":9,"sherif":6,"firstKilled":6,"firstKilledGuessPoints":0.25,"cityWin":false},{"id":77,"date":"2020-03-16","players":[10,5,151,115,86,35,160,246,178,19],"don":9,"maf1":2,"maf2":7,"sherif":4,"firstKilled":null,"firstKilledGuessPoints":null,"cityWin":true},{"id":78,"date":"2020-03-18","players":[51,42,11,34,123,8,36,246,115,64],"don":0,"maf1":6,"maf2":8,"sherif":9,"firstKilled":7,"firstKilledGuessPoints":0,"cityWin":true},{"id":79,"date":"2020-03-18","players":[246,11,10,115,258,19,64,42,51,123],"don":4,"maf1":2,"maf2":5,"sherif":1,"firstKilled":9,"firstKilledGuessPoints":0,"cityWin":true},{"id":80,"date":"2020-03-18","players":[11,123,10,34,19,246,258,8,36,5],"don":8,"maf1":7,"maf2":9,"sherif":5,"firstKilled":5,"firstKilledGuessPoints":0.25,"cityWin":true},{"id":81,"date":"2020-03-18","players":[11,151,8,5,51,115,4,86,64,246],"don":8,"maf1":3,"maf2":5,"sherif":9,"firstKilled":4,"firstKilledGuessPoints":0,"cityWin":true},{"id":82,"date":"2020-03-18","players":[64,115,19,5,51,258,42,10,246,123],"don":7,"maf1":1,"maf2":5,"sherif":3,"firstKilled":3,"firstKilledGuessPoints":0.4,"cityWin":true},{"id":83,"date":"2020-03-18","players":[8,64,115,5,4,86,246,19,11,151],"don":4,"maf1":0,"maf2":3,"sherif":2,"firstKilled":7,"firstKilledGuessPoints":0,"cityWin":true},{"id":84,"date":"2020-03-19","players":[37,268,10,24,19,7,59,12,43,172],"don":9,"maf1":4,"maf2":7,"sherif":8,"cityWin":false,"firstKilled":3,"firstKilledGuessPoints":0},{"id":85,"date":"2020-03-19","players":[12,123,258,43,37,105,19,24,59,268],"don":7,"maf1":3,"maf2":6,"sherif":0,"firstKilled":0,"firstKilledGuessPoints":0,"cityWin":false},{"id":86,"date":"2020-03-19","players":[86,105,59,12,258,24,268,37,10,19],"don":5,"maf1":1,"maf2":3,"sherif":2,"firstKilled":6,"firstKilledGuessPoints":0,"cityWin":false},{"id":87,"date":"2020-03-19","players":[5,10,19,105,269,258,86,12,151,43],"don":5,"maf1":1,"maf2":7,"sherif":8,"firstKilled":2,"firstKilledGuessPoints":0.25,"cityWin":false},{"id":88,"date":"2020-03-19","players":[151,269,10,19,69,105,258,86,43,12],"don":2,"maf1":7,"maf2":9,"sherif":4,"firstKilled":0,"firstKilledGuessPoints":0,"cityWin":false},{"id":89,"date":"2020-03-20","players":[36,10,62,1,11,26,34,64,246,60],"don":8,"maf1":6,"maf2":9,"sherif":3,"cityWin":true},{"id":90,"date":"2020-03-20","players":[10,1,86,60,64,36,62,26,11,34],"don":1,"maf1":5,"maf2":7,"sherif":3,"firstKilled":6,"firstKilledGuessPoints":0,"cityWin":true},{"id":91,"date":"2020-03-20","players":[5,15,31,10,16,34,60,86,8,151],"don":7,"maf1":1,"maf2":8,"sherif":3,"firstKilled":4,"firstKilledGuessPoints":0,"cityWin":false},{"id":92,"date":"2020-03-20","players":[11,8,246,26,151,62,64,5,1,36],"don":8,"maf1":4,"maf2":7,"sherif":9,"firstKilled":3,"firstKilledGuessPoints":0.25,"cityWin":false},{"id":93,"date":"2020-03-20","players":[60,34,36,64,11,86,1,62,31,26],"don":0,"maf1":5,"maf2":8,"sherif":3,"firstKilled":3,"firstKilledGuessPoints":0,"cityWin":false},{"id":94,"date":"2020-03-20","players":[8,62,36,5,42,34,246,151,54,86],"don":1,"maf1":2,"maf2":7,"sherif":8,"firstKilled":3,"firstKilledGuessPoints":0.25,"cityWin":true},{"id":95,"date":"2020-03-20","players":[86,54,151,26,62,36,5,34,246,60],"don":4,"maf1":5,"maf2":9,"sherif":7,"firstKilled":null,"firstKilledGuessPoints":null,"cityWin":true},{"id":96,"date":"2020-03-21","players":[5,15,42,214,9,16,145,10,64,39],"don":9,"maf1":6,"maf2":7,"sherif":3,"cityWin":true},{"id":97,"date":"2020-03-21","players":[16,64,36,9,11,39,15,42,214,5],"don":8,"maf1":5,"maf2":9,"sherif":0,"firstKilled":0,"firstKilledGuessPoints":0,"cityWin":false},{"id":98,"date":"2020-03-21","players":[10,5,11,214,39,64,36,16,9,145],"don":6,"maf1":4,"maf2":9,"sherif":7,"firstKilled":null,"firstKilledGuessPoints":null,"cityWin":true},{"id":99,"date":"2020-03-21","players":[214,16,64,42,15,9,8,11,36,54],"don":1,"maf1":5,"maf2":9,"sherif":6,"firstKilled":7,"firstKilledGuessPoints":0.25,"cityWin":true},{"id":100,"date":"2020-03-21","players":[4,15,11,54,214,64,16,8,39,42],"don":1,"maf1":4,"maf2":8,"sherif":3,"firstKilled":null,"firstKilledGuessPoints":null,"cityWin":true},{"id":101,"date":"2020-03-23","players":[10,151,8,19,86,34,36,24,64,270],"don":5,"maf1":3,"maf2":8,"sherif":1,"firstKilled":2,"firstKilledGuessPoints":0,"cityWin":false},{"id":102,"date":"2020-03-23","players":[94,86,7,151,204,270,62,8,64,19],"don":2,"maf1":0,"maf2":7,"sherif":5,"firstKilled":8,"firstKilledGuessPoints":0.25,"cityWin":false},{"id":103,"date":"2020-03-23","players":[64,94,34,10,151,24,36,62,8,7],"don":2,"maf1":3,"maf2":7,"sherif":9,"firstKilled":1,"firstKilledGuessPoints":0,"cityWin":false},{"id":104,"date":"2020-03-23","players":[10,8,151,34,24,270,64,86,19,36],"don":7,"maf1":1,"maf2":6,"sherif":3,"firstKilled":2,"firstKilledGuessPoints":0.25,"cityWin":false},{"id":105,"date":"2020-03-23","players":[270,64,10,24,19,7,62,8,94,204],"don":2,"maf1":3,"maf2":9,"sherif":7,"firstKilled":8,"firstKilledGuessPoints":0.25,"cityWin":true},{"id":106,"date":"2020-03-25","players":[64,19,60,123,59,5,115,36,94,4],"don":1,"maf1":3,"maf2":5,"sherif":6,"firstKilled":4,"firstKilledGuessPoints":0,"cityWin":true},{"id":107,"date":"2020-03-25","players":[115,59,36,4,151,123,64,94,86,51],"don":1,"maf1":3,"maf2":8,"sherif":5,"firstKilled":5,"firstKilledGuessPoints":0,"cityWin":false},{"id":108,"date":"2020-03-25","players":[123,86,4,8,60,19,59,5,51,151],"don":6,"maf1":5,"maf2":7,"sherif":3,"firstKilled":9,"firstKilledGuessPoints":0.25,"cityWin":true},{"id":109,"date":"2020-03-25","players":[8,94,5,51,19,86,115,151,36,64],"don":5,"maf1":0,"maf2":6,"sherif":2,"firstKilled":4,"firstKilledGuessPoints":0,"cityWin":false},{"id":110,"date":"2020-03-25","players":[94,115,19,86,8,151,64,51,5,36],"don":8,"maf1":1,"maf2":7,"sherif":6,"firstKilled":3,"firstKilledGuessPoints":0,"cityWin":false},{"id":111,"date":"2020-03-25","players":[258,4,51,19,36,94,59,60,64,115],"don":5,"maf1":3,"maf2":4,"sherif":7,"firstKilled":1,"firstKilledGuessPoints":0,"cityWin":false},{"id":112,"date":"2020-03-26","players":[24,5,12,60,143,36,59,172,10,34],"don":5,"maf1":4,"maf2":6,"sherif":0,"cityWin":true,"firstKilled":3,"firstKilledGuessPoints":0},{"id":113,"date":"2020-03-26","players":[172,60,10,94,34,5,12,145,143,24],"don":1,"maf1":6,"maf2":8,"sherif":9,"firstKilled":null,"firstKilledGuessPoints":null,"cityWin":true},{"id":114,"date":"2020-03-26","players":[10,36,172,145,246,94,34,59,24,5],"don":8,"maf1":2,"maf2":5,"sherif":6,"firstKilled":3,"firstKilledGuessPoints":0,"cityWin":true},{"id":115,"date":"2020-03-26","players":[34,12,59,10,5,60,36,143,246,145],"don":1,"maf1":7,"maf2":9,"sherif":8,"firstKilled":null,"firstKilledGuessPoints":null,"cityWin":true},{"id":116,"date":"2020-03-26","players":[246,10,5,151,145,172,60,34,8,59],"don":7,"maf1":0,"maf2":5,"sherif":4,"firstKilled":2,"firstKilledGuessPoints":0.25,"cityWin":false},{"id":117,"date":"2020-03-26","players":[59,151,5,246,12,8,172,4,54,145],"don":6,"maf1":3,"maf2":7,"sherif":2,"firstKilled":2,"firstKilledGuessPoints":0.4,"cityWin":true},{"id":118,"date":"2020-03-27","players":[8,115,109,258,4,123,51,1,11,36],"don":5,"maf1":1,"maf2":6,"sherif":7,"cityWin":false,"firstKilled":2,"firstKilledGuessPoints":0},{"id":119,"date":"2020-03-27","players":[4,123,11,1,8,258,36,271,109,194],"don":9,"maf1":0,"maf2":6,"sherif":4,"firstKilled":2,"firstKilledGuessPoints":0,"cityWin":true},{"id":120,"date":"2020-03-27","players":[27,51,115,39,64,8,194,11,4,258],"don":4,"maf1":2,"maf2":9,"sherif":8,"firstKilled":5,"firstKilledGuessPoints":0,"cityWin":true},{"id":121,"date":"2020-03-27","players":[64,11,194,42,258,51,115,8,36,1],"don":0,"maf1":3,"maf2":6,"sherif":7,"firstKilled":5,"firstKilledGuessPoints":0,"cityWin":false},{"id":122,"date":"2020-03-27","players":[8,4,11,64,51,194,115,39,27,36],"don":4,"maf1":5,"maf2":8,"sherif":9,"firstKilled":3,"firstKilledGuessPoints":0.25,"cityWin":true},{"id":123,"date":"2020-03-28","players":[64,86,39,62,11,145,8,7,19,34],"don":2,"maf1":3,"maf2":8,"sherif":0,"cityWin":true,"firstKilledGuessPoints":0.25,"firstKilled":9},{"id":124,"date":"2020-03-28","players":[145,7,34,15,64,11,105,16,36,8],"don":2,"maf1":0,"maf2":4,"sherif":7,"firstKilled":null,"firstKilledGuessPoints":null,"cityWin":true},{"id":125,"date":"2020-03-28","players":[11,8,16,7,19,86,62,36,105,15],"don":9,"maf1":2,"maf2":4,"sherif":8,"firstKilled":0,"firstKilledGuessPoints":0.4,"cityWin":true},{"id":126,"date":"2020-03-28","players":[15,36,7,34,151,8,145,16,86,39],"don":8,"maf1":2,"maf2":7,"sherif":3,"firstKilled":null,"firstKilledGuessPoints":null,"cityWin":false},{"id":127,"date":"2020-03-28","players":[86,16,151,7,8,15,64,105,11,34],"don":7,"maf1":4,"maf2":9,"sherif":6,"firstKilled":8,"firstKilledGuessPoints":0,"cityWin":true},{"id":128,"date":"2020-03-30","players":[40,34,145,19,151,60,36,31,8,12],"don":1,"maf1":0,"maf2":6,"sherif":5,"firstKilled":7,"firstKilledGuessPoints":0,"cityWin":true},{"id":129,"date":"2020-03-30","players":[8,19,12,60,31,40,145,151,36,34],"don":8,"maf1":6,"maf2":7,"sherif":5,"firstKilled":3,"firstKilledGuessPoints":0,"cityWin":false},{"id":130,"date":"2020-03-30","players":[64,11,145,151,34,36,19,8,12,60],"don":4,"maf1":6,"maf2":7,"sherif":3,"firstKilled":0,"firstKilledGuessPoints":0,"cityWin":true},{"id":131,"date":"2020-03-28","players":[145,62,15,64,36,16,34,19,39,105],"don":2,"maf1":4,"maf2":9,"sherif":5,"firstKilled":3,"firstKilledGuessPoints":0.4,"cityWin":false},{"id":132,"date":"2020-03-28","players":[151,8,15,145,34,7,36,16,86,39],"don":9,"maf1":6,"maf2":8,"sherif":7,"cityWin":false}],"players":[{"id":60,"name":"Язва","nameHistory":[{"nameChangeId":1,"name":"Язва","date":1576220388177}]},{"id":41,"name":"Эми","nameHistory":[{"nameChangeId":1,"name":"Эми","date":1575894227951}]},{"id":127,"name":"Элла","nameHistory":[{"nameChangeId":1,"name":"Элла","date":1577427908480}]},{"id":128,"name":"Эликсир","nameHistory":[{"nameChangeId":1,"name":"Эликсир","date":1577427977224}]},{"id":65,"name":"Шип","nameHistory":[{"nameChangeId":1,"name":"Шип","date":1576221571246}]},{"id":131,"name":"ЧС","nameHistory":[{"nameChangeId":1,"name":"ЧС","date":1577614262851}]},{"id":117,"name":"Чешир","nameHistory":[{"nameChangeId":1,"name":"Чешир","date":1577168548818}]},{"id":138,"name":"Черника","nameHistory":[{"nameChangeId":1,"name":"Черника","date":1577960528531}]},{"id":30,"name":"Чен","nameHistory":[{"nameChangeId":1,"name":"Чен","date":1575554660015}]},{"id":10,"name":"Хусейн","nameHistory":[{"nameChangeId":1,"name":"Хусейн","date":1574854958509}]},{"id":71,"name":"Холод","nameHistory":[{"nameChangeId":1,"name":"холод","date":1576222264341},{"nameChangeId":2,"name":"Холод","date":1576222295704}]},{"id":4,"name":"Харви","nameHistory":[{"nameChangeId":1,"name":"Харви","date":1574854902750}]},{"id":53,"name":"ФурсДари","nameHistory":[{"nameChangeId":1,"name":"ФурсДари","date":1576219818564}]},{"id":119,"name":"Флоренция","nameHistory":[{"nameChangeId":1,"name":"Флоренция","date":1577168792183}]},{"id":84,"name":"Фирдэй","nameHistory":[{"nameChangeId":1,"name":"Фирдэй","date":1576741055319}]},{"id":21,"name":"Финч","nameHistory":[{"nameChangeId":1,"name":"Финч","date":1575553623456}]},{"id":26,"name":"Фил","nameHistory":[{"nameChangeId":1,"name":"Фил","date":1575554135761}]},{"id":25,"name":"Феликс","nameHistory":[{"nameChangeId":1,"name":"Феликс","date":1575554086491}]},{"id":136,"name":"Улыбакинсон","nameHistory":[{"nameChangeId":1,"name":"Улыбакинсон","date":1577960105347}]},{"id":137,"name":"Улитко","nameHistory":[{"nameChangeId":1,"name":"Улитко","date":1577960128195}]},{"id":48,"name":"Токио","nameHistory":[{"nameChangeId":1,"name":"Токио","date":1575895398095}]},{"id":24,"name":"Тобер","nameHistory":[{"nameChangeId":1,"name":"Тобер","date":1575554051238}]},{"id":73,"name":"Тихий","nameHistory":[{"nameChangeId":1,"name":"Тихий","date":1576223977179}]},{"id":52,"name":"Тимур","nameHistory":[{"nameChangeId":1,"name":"Тимур","date":1576219808931}]},{"id":61,"name":"Тенерифе","nameHistory":[{"nameChangeId":1,"name":"Тенерифе","date":1576220402583}]},{"id":140,"name":"Тайгер","nameHistory":[{"nameChangeId":1,"name":"Тайгер","date":1577961549834}]},{"id":23,"name":"Сумман","nameHistory":[{"nameChangeId":1,"name":"Сумман","date":1575553655374}]},{"id":77,"name":"Странник","nameHistory":[{"nameChangeId":1,"name":"Странник","date":1576739899124}]},{"id":31,"name":"Созерцающий","nameHistory":[{"nameChangeId":1,"name":"Созерцающий","date":1575554677216}]},{"id":16,"name":"Совесть","nameHistory":[{"nameChangeId":1,"name":"Совесть","date":1574858425406}]},{"id":94,"name":"Снайпер","nameHistory":[{"nameChangeId":1,"name":"Снайпер","date":1576741666121}]},{"id":36,"name":"Славик","nameHistory":[{"nameChangeId":1,"name":"Славик","date":1575555316020}]},{"id":134,"name":"Скарлет","nameHistory":[{"nameChangeId":1,"name":"Скарлет","date":1577614665384}]},{"id":19,"name":"Симба","nameHistory":[{"nameChangeId":1,"name":"Симба","date":1575552410977}]},{"id":18,"name":"Светлячок","nameHistory":[{"nameChangeId":1,"name":"Светлячок","date":1575552379194}]},{"id":14,"name":"Сантос","nameHistory":[{"nameChangeId":2,"name":"Игрок2","date":1574858545568},{"nameChangeId":1,"name":"Пила","date":1574858364739},{"nameChangeId":3,"name":"Сантос","date":1576221811650}]},{"id":109,"name":"Санта","nameHistory":[{"nameChangeId":1,"name":"Санта","date":1577167031354}]},{"id":29,"name":"Самбука","nameHistory":[{"nameChangeId":1,"name":"Самбука","date":1575554616209}]},{"id":3,"name":"Самаритянка","nameHistory":[{"nameChangeId":1,"name":"Самаритянка","date":1574854890790}]},{"id":56,"name":"Самаритянин","nameHistory":[{"nameChangeId":1,"name":"Самаритянин","date":1576219852081}]},{"id":135,"name":"Рыжая","nameHistory":[{"nameChangeId":1,"name":"Рыжая","date":1577614800021}]},{"id":13,"name":"Рокфеллер","nameHistory":[{"nameChangeId":1,"name":"Рокфеллер","date":1574854973684}]},{"id":11,"name":"Роза","nameHistory":[{"nameChangeId":1,"name":"Роза","date":1574854963697}]},{"id":112,"name":"Ричард","nameHistory":[{"nameChangeId":1,"name":"Ричард","date":1577167100354}]},{"id":81,"name":"Рич","nameHistory":[{"nameChangeId":1,"name":"Рич","date":1576740458521}]},{"id":58,"name":"Раб","nameHistory":[{"nameChangeId":1,"name":"Раб","date":1576220334915}]},{"id":32,"name":"Проповедник","nameHistory":[{"nameChangeId":1,"name":"Проповедник","date":1575554868974}]},{"id":124,"name":"Правда","nameHistory":[{"nameChangeId":1,"name":"Правда","date":1577427444106}]},{"id":55,"name":"Пончик (Муж)","nameHistory":[{"nameChangeId":1,"name":"Пончик (Муж)","date":1576219831097}]},{"id":123,"name":"Пончик (Жен)","nameHistory":[{"nameChangeId":1,"name":"Пончик (жен)","date":1577169940128},{"nameChangeId":2,"name":"Пончик (Жен)","date":1577169974409}]},{"id":126,"name":"Польза","nameHistory":[{"nameChangeId":1,"name":"Польза","date":1577427636444}]},{"id":95,"name":"Плуто","nameHistory":[{"nameChangeId":1,"name":"Плуто","date":1576742327896}]},{"id":44,"name":"Пиф","nameHistory":[{"nameChangeId":1,"name":"Пиф","date":1575894247029}]},{"id":5,"name":"Пила","nameHistory":[{"nameChangeId":1,"name":"Пила","date":1574854908282}]},{"id":141,"name":"Пегас","nameHistory":[{"nameChangeId":1,"name":"Пегас","date":1577961822178}]},{"id":74,"name":"Пантера","nameHistory":[{"nameChangeId":1,"name":"Пантера","date":1576739649817}]},{"id":86,"name":"Панда из Руанды","nameHistory":[{"nameChangeId":1,"name":"Панда из Руанды","date":1576741107634}]},{"id":51,"name":"Опер","nameHistory":[{"nameChangeId":1,"name":"Опер","date":1575896786612}]},{"id":91,"name":"Окси","nameHistory":[{"nameChangeId":1,"name":"Окси","date":1576741448033}]},{"id":66,"name":"Ника","nameHistory":[{"nameChangeId":1,"name":"Ника","date":1576221592395}]},{"id":62,"name":"Немо","nameHistory":[{"nameChangeId":1,"name":"Немо","date":1576221222979}]},{"id":47,"name":"Невидимка","nameHistory":[{"nameChangeId":1,"name":"Невидимка","date":1575895384781}]},{"id":130,"name":"Ната","nameHistory":[{"nameChangeId":1,"name":"Ната","date":1577614249296}]},{"id":22,"name":"Наркоманка","nameHistory":[{"nameChangeId":1,"name":"Наркоманка","date":1575553651154}]},{"id":63,"name":"Молочко","nameHistory":[{"nameChangeId":1,"name":"Молочко","date":1576221469040}]},{"id":106,"name":"Могу Долго","nameHistory":[{"nameChangeId":1,"name":"Могу Долго","date":1576745456562}]},{"id":78,"name":"Мишок","nameHistory":[{"nameChangeId":1,"name":"Мишок","date":1576739915984}]},{"id":75,"name":"Мироманка","nameHistory":[{"nameChangeId":1,"name":"Мироманка","date":1576739710334}]},{"id":68,"name":"Миледи","nameHistory":[{"nameChangeId":1,"name":"Миледи","date":1576222197717}]},{"id":118,"name":"Медведь","nameHistory":[{"nameChangeId":1,"name":"Медведь","date":1577168738086}]},{"id":6,"name":"Матильда","nameHistory":[{"nameChangeId":1,"name":"Матильда","date":1574854921746}]},{"id":8,"name":"Масяня","nameHistory":[{"nameChangeId":1,"name":"Масяня","date":1574854937901}]},{"id":50,"name":"Марк","nameHistory":[{"nameChangeId":1,"name":"Марк","date":1575896658238}]},{"id":38,"name":"Мариан","nameHistory":[{"nameChangeId":1,"name":"Мариан","date":1575555547289}]},{"id":115,"name":"Маракуйя","nameHistory":[{"nameChangeId":1,"name":"Маракуйя","date":1577167377925}]},{"id":12,"name":"Мао","nameHistory":[{"nameChangeId":1,"name":"Мао","date":1574854967322}]},{"id":122,"name":"Максим Занят","nameHistory":[{"nameChangeId":1,"name":"Максим Занят","date":1577169705847}]},{"id":99,"name":"Магистр","nameHistory":[{"nameChangeId":1,"name":"Магистр","date":1576743148260}]},{"id":33,"name":"Маг","nameHistory":[{"nameChangeId":1,"name":"Маг","date":1575554982450}]},{"id":34,"name":"Маваши","nameHistory":[{"nameChangeId":1,"name":"Маваши","date":1575555286390}]},{"id":57,"name":"М (Эм)","nameHistory":[{"nameChangeId":1,"name":"М (Эм)","date":1576220000144}]},{"id":116,"name":"Лулу","nameHistory":[{"nameChangeId":1,"name":"Лулу","date":1577167590333}]},{"id":42,"name":"Лобода","nameHistory":[{"nameChangeId":1,"name":"Лобода","date":1575894236618}]},{"id":132,"name":"Леся","nameHistory":[{"nameChangeId":1,"name":"Леся","date":1577614278503}]},{"id":111,"name":"Леонардо","nameHistory":[{"nameChangeId":1,"name":"Леонардо","date":1577167074516}]},{"id":85,"name":"Ленивец","nameHistory":[{"nameChangeId":1,"name":"Ленивец","date":1576741084984}]},{"id":15,"name":"Лелик","nameHistory":[{"nameChangeId":1,"name":"Лелик","date":1574858421278}]},{"id":104,"name":"Лекса","nameHistory":[{"nameChangeId":1,"name":"Лекса","date":1576744437078}]},{"id":90,"name":"Лаки","nameHistory":[{"nameChangeId":1,"name":"Лаки","date":1576741443366}]},{"id":7,"name":"Кью","nameHistory":[{"nameChangeId":1,"name":"Кью","date":1574854931272}]},{"id":27,"name":"Крот","nameHistory":[{"nameChangeId":1,"name":"Фини","date":1575554146639},{"nameChangeId":2,"name":"Крот","date":1575554610912}]},{"id":46,"name":"Крокодил","nameHistory":[{"nameChangeId":1,"name":"Крокодил","date":1575895325357}]},{"id":88,"name":"Кри","nameHistory":[{"nameChangeId":1,"name":"Кри","date":1576741400482}]},{"id":49,"name":"Красный Игрок","nameHistory":[{"nameChangeId":1,"name":"Красный Игрок","date":1575895881809}]},{"id":108,"name":"Колибри","nameHistory":[{"nameChangeId":1,"name":"Колибри","date":1577167013804}]},{"id":70,"name":"Клон","nameHistory":[{"nameChangeId":1,"name":"клон","date":1576222257733},{"nameChangeId":2,"name":"Клон","date":1576222289603}]},{"id":107,"name":"Картман","nameHistory":[{"nameChangeId":1,"name":"Картман","date":1577083141372}]},{"id":17,"name":"Карабас","nameHistory":[{"nameChangeId":1,"name":"Масяня","date":1574858447674},{"nameChangeId":2,"name":"Игрок1","date":1574858525309},{"nameChangeId":3,"name":"Карабас","date":1576741378984}]},{"id":125,"name":"Изи-Бризи","nameHistory":[{"nameChangeId":1,"name":"Изи-Бризи","date":1577427491475}]},{"id":139,"name":"Зик","nameHistory":[{"nameChangeId":1,"name":"Зик","date":1577961327220}]},{"id":35,"name":"Забей","nameHistory":[{"nameChangeId":1,"name":"Забей","date":1575555301037}]},{"id":69,"name":"Жена","nameHistory":[{"nameChangeId":1,"name":"Жена","date":1576222226970}]},{"id":105,"name":"Есаул","nameHistory":[{"nameChangeId":1,"name":"Есаул","date":1576745138086}]},{"id":82,"name":"Енот","nameHistory":[{"nameChangeId":1,"name":"Енот","date":1576740984768}]},{"id":92,"name":"Елка","nameHistory":[{"nameChangeId":1,"name":"Елка","date":1576741466798}]},{"id":100,"name":"Ева","nameHistory":[{"nameChangeId":1,"name":"Ева","date":1576744178264}]},{"id":72,"name":"Друг","nameHistory":[{"nameChangeId":1,"name":"Друг","date":1576223844564}]},{"id":133,"name":"Джонс","nameHistory":[{"nameChangeId":1,"name":"Джонс","date":1577614304068}]},{"id":89,"name":"Джексон","nameHistory":[{"nameChangeId":1,"name":"Джексон","date":1576741422931}]},{"id":101,"name":"Джек","nameHistory":[{"nameChangeId":1,"name":"Джек","date":1576744219201}]},{"id":40,"name":"Граф","nameHistory":[{"nameChangeId":1,"name":"Граф","date":1575555655534}]},{"id":59,"name":"Гонсалес","nameHistory":[{"nameChangeId":1,"name":"Гонсалес","date":1576220356981}]},{"id":110,"name":"Гольф","nameHistory":[{"nameChangeId":1,"name":"Гольф","date":1577167054573}]},{"id":20,"name":"Гоги","nameHistory":[{"nameChangeId":1,"name":"Гоги","date":1575552429743}]},{"id":54,"name":"Гитлерок","nameHistory":[{"nameChangeId":1,"name":"Гитлерок","date":1576219824428}]},{"id":113,"name":"Гиннес","nameHistory":[{"nameChangeId":1,"name":"Гиннес","date":1577167179849}]},{"id":98,"name":"Гидра","nameHistory":[{"nameChangeId":1,"name":"Гидра","date":1576743130683}]},{"id":120,"name":"Гермиона","nameHistory":[{"nameChangeId":1,"name":"Гермиона","date":1577169475938}]},{"id":2,"name":"Гермес","nameHistory":[{"nameChangeId":1,"name":"Гермес","date":1574854880179}]},{"id":96,"name":"Вульф","nameHistory":[{"nameChangeId":1,"name":"Вульф","date":1576742374822}]},{"id":102,"name":"Ву","nameHistory":[{"nameChangeId":1,"name":"Ву","date":1576744277733}]},{"id":79,"name":"Вита","nameHistory":[{"nameChangeId":1,"name":"Вита","date":1576739919631}]},{"id":129,"name":"Винч","nameHistory":[{"nameChangeId":1,"name":"Винч","date":1577614142916}]},{"id":67,"name":"Вильгельм","nameHistory":[{"nameChangeId":1,"name":"Вильгельм","date":1576222171961}]},{"id":39,"name":"Вертинский","nameHistory":[{"nameChangeId":1,"name":"Вертинский","date":1575555606043}]},{"id":45,"name":"ВВ","nameHistory":[{"nameChangeId":1,"name":"ВВ","date":1575895320220}]},{"id":76,"name":"Бугай","nameHistory":[{"nameChangeId":1,"name":"Бугай","date":1576739725064}]},{"id":9,"name":"Ботичелли","nameHistory":[{"nameChangeId":1,"name":"Ботичелли","date":1574854945966}]},{"id":121,"name":"Боб","nameHistory":[{"nameChangeId":1,"name":"Боб","date":1577169686290},{"nameChangeId":2,"name":"Максим Занят","date":1577169691463},{"nameChangeId":3,"name":"Боб","date":1577169698904}]},{"id":1,"name":"Бернинг","nameHistory":[{"nameChangeId":1,"name":"Бернинг","date":1574854870530}]},{"id":114,"name":"Белла","nameHistory":[{"nameChangeId":1,"name":"Белла","date":1577167275994}]},{"id":28,"name":"Баламут","nameHistory":[{"nameChangeId":1,"name":"Баламут","date":1575554600158}]},{"id":93,"name":"База","nameHistory":[{"nameChangeId":1,"name":"База","date":1576741485477}]},{"id":64,"name":"Аш","nameHistory":[{"nameChangeId":1,"name":"Аш","date":1576221491746}]},{"id":37,"name":"Аспин","nameHistory":[{"nameChangeId":1,"name":"Аспин","date":1575555342259}]},{"id":103,"name":"Антоновка","nameHistory":[{"nameChangeId":1,"name":"Антоновка","date":1576744299211}]},{"id":83,"name":"Антон","nameHistory":[{"nameChangeId":1,"name":"Антон","date":1576741007317}]},{"id":80,"name":"Айвори","nameHistory":[{"nameChangeId":1,"name":"Айвери","date":1576740433618},{"nameChangeId":2,"name":"Айвори","date":1576741499498}]},{"id":97,"name":"Агроном","nameHistory":[{"nameChangeId":1,"name":"Агроном","date":1576742839396}]},{"id":43,"name":"А1","nameHistory":[{"nameChangeId":1,"name":"А1","date":1575894242866}]},{"id":142,"name":"Марго","nameHistory":[{"nameChangeId":1,"name":"Марго","date":1578607922658}]},{"id":143,"name":"Фиалка","nameHistory":[{"nameChangeId":1,"name":"Фиалка","date":1578609588996}]},{"id":144,"name":"Бамблби","nameHistory":[{"nameChangeId":1,"name":"Бамблби","date":1578610021774}]},{"id":145,"name":"Руфер","nameHistory":[{"nameChangeId":1,"name":"Руфер","date":1578610690721}]},{"id":146,"name":"Лютик","nameHistory":[{"nameChangeId":1,"name":"Лютик","date":1578670345021}]},{"id":147,"name":"Маркус","nameHistory":[{"nameChangeId":1,"name":"Маркус","date":1578670704049}]},{"id":148,"name":"Эдж","nameHistory":[{"nameChangeId":1,"name":"Эдж","date":1578670734188}]},{"id":149,"name":"Мария","nameHistory":[{"nameChangeId":1,"name":"Мария","date":1578670765354}]},{"id":150,"name":"Вад","nameHistory":[{"nameChangeId":1,"name":"Вад","date":1578670888326}]},{"id":151,"name":"Зэт(Z)","nameHistory":[{"nameChangeId":1,"name":"Зэт(Z)","date":1578672007650}]},{"id":152,"name":"Дион Доу","nameHistory":[{"nameChangeId":1,"name":"Дион Доу","date":1578672562158}]},{"id":153,"name":"Лоя","nameHistory":[{"nameChangeId":1,"name":"Лоя","date":1578673749840}]},{"id":155,"name":"Нагинц","nameHistory":[{"nameChangeId":1,"name":"Нагинц","date":1578673828749}]},{"id":156,"name":"Чак Норрис","nameHistory":[{"nameChangeId":1,"name":"Чак Норрис","date":1578760230906}]},{"id":157,"name":"Алиса (молодечно)","nameHistory":[{"nameChangeId":1,"name":"Алиса (молодечно)","date":1578760894693}]},{"id":158,"name":"Лиса","nameHistory":[{"nameChangeId":1,"name":"Лиса","date":1578760919336}]},{"id":159,"name":"Грин","nameHistory":[{"nameChangeId":1,"name":"Грин","date":1578761034721}]},{"id":160,"name":"Штык","nameHistory":[{"nameChangeId":1,"name":"Штык","date":1578761056771}]},{"id":161,"name":"Башмак","nameHistory":[{"nameChangeId":1,"name":"Башмак","date":1578761219323}]},{"id":162,"name":"Арис","nameHistory":[{"nameChangeId":1,"name":"Арис","date":1578761587112}]},{"id":163,"name":"Жаклин","nameHistory":[{"nameChangeId":1,"name":"Жаклин","date":1578762288126}]},{"id":164,"name":"Виолетта","nameHistory":[{"nameChangeId":1,"name":"Виолетта","date":1578762318414}]},{"id":165,"name":"Доходяга","nameHistory":[{"nameChangeId":1,"name":"Доходяга","date":1578762346827}]},{"id":166,"name":"Забар","nameHistory":[{"nameChangeId":1,"name":"Забар","date":1578762390455}]},{"id":167,"name":"Смайл","nameHistory":[{"nameChangeId":1,"name":"Смайл","date":1578789865383}]},{"id":168,"name":"Фокс","nameHistory":[{"nameChangeId":1,"name":"Фокс","date":1578789920790}]},{"id":169,"name":"Август","nameHistory":[{"nameChangeId":1,"name":"Август","date":1578790521188}]},{"id":170,"name":"Номерок","nameHistory":[{"nameChangeId":1,"name":"Номерок","date":1578790577603}]},{"id":171,"name":"Чепух (варшава)","nameHistory":[{"nameChangeId":1,"name":"Чепух (варшава)","date":1578790821767}]},{"id":172,"name":"Хан","nameHistory":[{"nameChangeId":1,"name":"Хан","date":1578790996647}]},{"id":174,"name":"Савитар","nameHistory":[{"nameChangeId":1,"name":"Савитар","date":1578791262505}]},{"id":175,"name":"Кармилитка","nameHistory":[{"nameChangeId":1,"name":"Кармилитка","date":1578791413546}]},{"id":176,"name":"Барни Блудница","nameHistory":[{"nameChangeId":1,"name":"Барни Блудница","date":1578791458044}]},{"id":177,"name":"Ронни","nameHistory":[{"nameChangeId":1,"name":"Ронни","date":1579204151756}]},{"id":178,"name":"Йода","nameHistory":[{"nameChangeId":1,"name":"Йода","date":1579206714901}]},{"id":179,"name":"Анжела","nameHistory":[{"nameChangeId":1,"name":"Анжела","date":1579206911005}]},{"id":180,"name":"Наполеон","nameHistory":[{"nameChangeId":1,"name":"Наполеон","date":1579365786443}]},{"id":181,"name":"Коледжио","nameHistory":[{"nameChangeId":1,"name":"Коледжио","date":1579365864910}]},{"id":182,"name":"31","nameHistory":[{"nameChangeId":1,"name":"31","date":1579365899479}]},{"id":183,"name":"Нарк","nameHistory":[{"nameChangeId":1,"name":"Нарк","date":1579366685321}]},{"id":184,"name":"Львенок","nameHistory":[{"nameChangeId":1,"name":"Львенок","date":1579366705940}]},{"id":185,"name":"Микки","nameHistory":[{"nameChangeId":1,"name":"Микки","date":1579366736810}]},{"id":186,"name":"Кей","nameHistory":[{"nameChangeId":1,"name":"Кей","date":1579366760866}]},{"id":187,"name":"Сова","nameHistory":[{"nameChangeId":1,"name":"Сова","date":1579366782934}]},{"id":188,"name":"Диспер","nameHistory":[{"nameChangeId":1,"name":"Диспер","date":1579366818455}]},{"id":189,"name":"Тур","nameHistory":[{"nameChangeId":1,"name":"Тур","date":1579367269611}]},{"id":190,"name":"Талок","nameHistory":[{"nameChangeId":1,"name":"Талок","date":1579367902569}]},{"id":191,"name":"Вий","nameHistory":[{"nameChangeId":1,"name":"Вий","date":1579367951042}]},{"id":193,"name":"Ланс","nameHistory":[{"nameChangeId":1,"name":"Ланс","date":1579442828345}]},{"id":194,"name":"Лимон","nameHistory":[{"nameChangeId":1,"name":"Лимон","date":1579640471181}]},{"id":195,"name":"Элли","nameHistory":[{"nameChangeId":1,"name":"Элли","date":1579640937900}]},{"id":196,"name":"Мориарти","nameHistory":[{"nameChangeId":1,"name":"Мориарти","date":1579956761792}]},{"id":197,"name":"Эдриан","nameHistory":[{"nameChangeId":1,"name":"Эндрю","date":1579956876261},{"nameChangeId":2,"name":"Эдриан","date":1579957207211}]},{"id":198,"name":"Акула","nameHistory":[{"nameChangeId":1,"name":"Акула","date":1579957413678}]},{"id":199,"name":"Вилли","nameHistory":[{"nameChangeId":1,"name":"Вилли","date":1579957484180}]},{"id":200,"name":"Клипса","nameHistory":[{"nameChangeId":1,"name":"Клипса","date":1579957525983}]},{"id":201,"name":"Дэвиль","nameHistory":[{"nameChangeId":1,"name":"Дэвиль","date":1579957608177}]},{"id":202,"name":"Лера","nameHistory":[{"nameChangeId":1,"name":"Лера","date":1579958310324}]},{"id":203,"name":"Полдник","nameHistory":[{"nameChangeId":1,"name":"Полдник","date":1579959619459}]},{"id":204,"name":"Майкл","nameHistory":[{"nameChangeId":1,"name":"Майкл","date":1580070597141}]},{"id":205,"name":"Буба","nameHistory":[{"nameChangeId":1,"name":"Буба","date":1580070699280}]},{"id":206,"name":"Мистер Смит","nameHistory":[{"nameChangeId":1,"name":"Мистер Смит","date":1580070762320}]},{"id":207,"name":"Миссис Смит","nameHistory":[{"nameChangeId":1,"name":"Миссис Смит","date":1580070784604}]},{"id":208,"name":"Вихва","nameHistory":[{"nameChangeId":1,"name":"Вихва","date":1580071413720}]},{"id":209,"name":"Гиена","nameHistory":[{"nameChangeId":1,"name":"Гиена","date":1580165569327}]},{"id":210,"name":"Арктика","nameHistory":[{"nameChangeId":1,"name":"Арктика","date":1580165621707}]},{"id":211,"name":"Склиф","nameHistory":[{"nameChangeId":1,"name":"Склиф","date":1580557092467}]},{"id":212,"name":"Маргаритка","nameHistory":[{"nameChangeId":1,"name":"Маргаритка","date":1580557107176}]},{"id":213,"name":"Гаджет","nameHistory":[{"nameChangeId":1,"name":"Гаджет","date":1581172243158}]},{"id":214,"name":"Янни","nameHistory":[{"nameChangeId":1,"name":"Янни","date":1581173304639}]},{"id":215,"name":"Магнолия","nameHistory":[{"nameChangeId":1,"name":"Магнолия","date":1581177845201}]},{"id":216,"name":"Вирджиния","nameHistory":[{"nameChangeId":1,"name":"Вирджиния","date":1581179210175}]},{"id":217,"name":"Broo","nameHistory":[{"nameChangeId":1,"name":"Broo","date":1581180281944}]},{"id":218,"name":"Таша","nameHistory":[{"nameChangeId":1,"name":"Таша","date":1581180310839}]},{"id":219,"name":"LSD","nameHistory":[{"nameChangeId":1,"name":"LSD","date":1581180539365}]},{"id":220,"name":"Формат","nameHistory":[{"nameChangeId":1,"name":"Формат","date":1581180584102}]},{"id":221,"name":"Кокос","nameHistory":[{"nameChangeId":1,"name":"Кокос","date":1581180607867}]},{"id":222,"name":"Бореса","nameHistory":[{"nameChangeId":1,"name":"Бореса","date":1581180632183}]},{"id":223,"name":"Орк","nameHistory":[{"nameChangeId":1,"name":"Орк","date":1581180651530}]},{"id":224,"name":"Русский","nameHistory":[{"nameChangeId":1,"name":"Русский","date":1581627546087}]},{"id":225,"name":"Тип","nameHistory":[{"nameChangeId":1,"name":"Тип","date":1581628459363}]},{"id":226,"name":"В17","nameHistory":[{"nameChangeId":1,"name":"В17","date":1581629181637}]},{"id":227,"name":"Тигра","nameHistory":[{"nameChangeId":1,"name":"Тигра","date":1581629479901}]},{"id":228,"name":"Эстефания","nameHistory":[{"nameChangeId":1,"name":"Эстефания","date":1581630337169}]},{"id":229,"name":"Фонарь","nameHistory":[{"nameChangeId":1,"name":"Фонарь","date":1581630358686}]},{"id":230,"name":"Почемучка","nameHistory":[{"nameChangeId":1,"name":"Почемучка","date":1581767400321}]},{"id":231,"name":"Юджин","nameHistory":[{"nameChangeId":1,"name":"Юджин","date":1581767640127}]},{"id":232,"name":"Ротмистер","nameHistory":[{"nameChangeId":1,"name":"Ротмистер","date":1581767695528}]},{"id":233,"name":"Звезда","nameHistory":[{"nameChangeId":1,"name":"Звезда","date":1581767782960}]},{"id":234,"name":"Мадонна","nameHistory":[{"nameChangeId":1,"name":"Мадонна","date":1581767803387}]},{"id":235,"name":"Трепачева","nameHistory":[{"nameChangeId":1,"name":"Трепачева","date":1581888837465}]},{"id":236,"name":"Лори","nameHistory":[{"nameChangeId":1,"name":"Лори","date":1581889295108}]},{"id":237,"name":"Купидон","nameHistory":[{"nameChangeId":1,"name":"Купидон","date":1581889324680}]},{"id":238,"name":"Гуф","nameHistory":[{"nameChangeId":1,"name":"Гуф","date":1581889439356}]},{"id":239,"name":"Джина","nameHistory":[{"nameChangeId":1,"name":"Джина","date":1581889580752}]},{"id":240,"name":"Фифа","nameHistory":[{"nameChangeId":1,"name":"Фифа","date":1582231677453}]},{"id":241,"name":"Yesterday","nameHistory":[{"nameChangeId":1,"name":"Yesterday","date":1582231944298}]},{"id":242,"name":"Natsy","nameHistory":[{"nameChangeId":1,"name":"Natsy","date":1582232086439}]},{"id":243,"name":"Бон","nameHistory":[{"nameChangeId":1,"name":"Бон","date":1582232538204}]},{"id":244,"name":"Физик","nameHistory":[{"nameChangeId":1,"name":"Физик","date":1582479955902}]},{"id":245,"name":"Джульета","nameHistory":[{"nameChangeId":1,"name":"Джульета","date":1582480069060}]},{"id":246,"name":"Валли","nameHistory":[{"nameChangeId":1,"name":"Валли","date":1582480105262}]},{"id":247,"name":"Алиха","nameHistory":[{"nameChangeId":1,"name":"Алиха","date":1582480126755}]},{"id":248,"name":"Муж","nameHistory":[{"nameChangeId":1,"name":"Муж","date":1582480153192}]},{"id":249,"name":"Ноил","nameHistory":[{"nameChangeId":1,"name":"Ноил","date":1582480237782}]},{"id":250,"name":"Раница","nameHistory":[{"nameChangeId":1,"name":"Раница","date":1582480304603}]},{"id":251,"name":"Грета","nameHistory":[{"nameChangeId":1,"name":"Грета","date":1582480330734}]},{"id":252,"name":"Фрайдей","nameHistory":[{"nameChangeId":1,"name":"Фрайдей","date":1582549111064}]},{"id":253,"name":"Алиса(МВ)","nameHistory":[{"nameChangeId":1,"name":"Алиса(МВ)","date":1582562944069}]},{"id":254,"name":"Лайт","nameHistory":[{"nameChangeId":1,"name":"Лайт","date":1582562985836}]},{"id":255,"name":"Nlip(Россия)","nameHistory":[{"nameChangeId":1,"name":"Nlip(Россия)","date":1582971841321}]},{"id":256,"name":"Волга","nameHistory":[{"nameChangeId":1,"name":"Волга","date":1583022981986}]},{"id":257,"name":"Марфик(грузия)","nameHistory":[{"nameChangeId":1,"name":"Марфик(грузия)","date":1583023010850}]},{"id":258,"name":"Элис(грузия)","nameHistory":[{"nameChangeId":1,"name":"Элис(грузия)","date":1583023285567}]},{"id":259,"name":"Виски","nameHistory":[{"nameChangeId":1,"name":"Виски","date":1583876852944}]},{"id":260,"name":"Изольда","nameHistory":[{"nameChangeId":1,"name":"Изольда","date":1583877528933}]},{"id":261,"name":"Король","nameHistory":[{"nameChangeId":1,"name":"Король","date":1584047571002}]},{"id":262,"name":"Гибкий","nameHistory":[{"nameChangeId":1,"name":"Гибкий","date":1584047709539}]},{"id":263,"name":"Диамант","nameHistory":[{"nameChangeId":1,"name":"Диамант","date":1584047931728}]},{"id":264,"name":"Сельмашевский","nameHistory":[{"nameChangeId":1,"name":"Сельмашевский","date":1584048043032}]},{"id":265,"name":"Морган","nameHistory":[{"nameChangeId":1,"name":"Морган","date":1584048078653}]},{"id":266,"name":"Бандит","nameHistory":[{"nameChangeId":1,"name":"Бандит","date":1584048225262}]},{"id":267,"name":"Кубик","nameHistory":[{"nameChangeId":1,"name":"Кубик","date":1584187332203}]},{"id":268,"name":"Ракета","nameHistory":[{"nameChangeId":1,"name":"Ракета","date":1584697843725}]},{"id":269,"name":"Дон","nameHistory":[{"nameChangeId":1,"name":"Дон","date":1584698153591}]},{"id":270,"name":"Билли","nameHistory":[{"nameChangeId":1,"name":"Билли","date":1585174544548}]},{"id":271,"name":"Пэрис","nameHistory":[{"nameChangeId":1,"name":"Пэрис","date":1585478192353}]}]}