{"formatVersion":1,"settings":{"gamesMonth":"2020-09","maxPlayerId":319,"maxGameId":95},"games":[{"id":1,"date":"2020-09-02","players":[272,1,21,273,31,68,10,274,131,69],"don":7,"maf1":3,"maf2":6,"sherif":4,"firstKilled":2,"firstKilledGuessPoints":0,"cityWin":false},{"id":2,"date":"2020-09-02","players":[4,68,131,10,274,31,1,21,272,86],"don":6,"maf1":1,"maf2":7,"sherif":9,"firstKilled":2,"firstKilledGuessPoints":0,"cityWin":false},{"id":3,"date":"2020-09-02","players":[10,131,31,1,151,4,272,86,274,21],"don":1,"maf1":6,"maf2":7,"sherif":4,"firstKilled":9,"firstKilledGuessPoints":0,"cityWin":false},{"id":4,"date":"2020-09-02","players":[10,151,274,21,272,86,54,4,1,131],"don":2,"maf1":4,"maf2":7,"sherif":5,"firstKilled":null,"firstKilledGuessPoints":null,"cityWin":false},{"id":5,"date":"2020-09-02","players":[86,31,21,54,10,1,274,4,275,151],"don":0,"maf1":2,"maf2":3,"sherif":1,"firstKilled":6,"firstKilledGuessPoints":0.25,"cityWin":false},{"id":6,"date":"2020-09-04","players":[5,276,277,11,278,194,109,8,279,280],"don":5,"maf1":7,"maf2":8,"sherif":2,"cityWin":false,"firstKilled":2,"firstKilledGuessPoints":0},{"id":7,"date":"2020-09-04","players":[279,278,277,109,11,194,281,5,252,283],"don":4,"maf1":0,"maf2":6,"sherif":1,"firstKilled":7,"firstKilledGuessPoints":0.25,"cityWin":true},{"id":8,"date":"2020-09-04","players":[252,109,11,5,283,70,281,284,278,277],"don":2,"maf1":4,"maf2":6,"sherif":9,"firstKilled":null,"firstKilledGuessPoints":null,"cityWin":false},{"id":9,"date":"2020-09-04","players":[8,11,280,5,279,276,194,283,109,278],"don":9,"maf1":1,"maf2":5,"sherif":0,"firstKilled":0,"firstKilledGuessPoints":0.4,"cityWin":true},{"id":10,"date":"2020-09-05","players":[86,151,10,5,285,58,246,286,287,288],"don":1,"maf1":6,"maf2":8,"sherif":0,"firstKilled":3,"firstKilledGuessPoints":0.25,"cityWin":false},{"id":11,"date":"2020-09-05","players":[58,246,177,285,102,287,90,5,288,151],"don":9,"maf1":2,"maf2":5,"sherif":8,"firstKilled":8,"firstKilledGuessPoints":0,"cityWin":true},{"id":12,"date":"2020-09-05","players":[90,246,10,287,286,58,5,86,102,31],"don":8,"maf1":1,"maf2":9,"sherif":7,"firstKilled":null,"firstKilledGuessPoints":null,"cityWin":true},{"id":13,"date":"2020-09-05","players":[4,289,290,288,10,286,86,31,285,102],"don":6,"maf1":8,"maf2":9,"sherif":7,"firstKilled":7,"firstKilledGuessPoints":0,"cityWin":false},{"id":14,"date":"2020-09-05","players":[145,86,246,58,5,10,289,286,290,242],"don":1,"maf1":4,"maf2":6,"sherif":9,"firstKilled":8,"firstKilledGuessPoints":0,"cityWin":true},{"id":15,"date":"2020-09-05","players":[10,286,290,246,145,289,285,5,86,58],"don":7,"maf1":8,"maf2":9,"sherif":6,"firstKilled":3,"firstKilledGuessPoints":0,"cityWin":false},{"id":16,"date":"2020-09-05","players":[86,291,285,10,290,5,58,286,289,246],"don":1,"maf1":0,"maf2":4,"sherif":9,"firstKilled":6,"firstKilledGuessPoints":0,"cityWin":false},{"id":17,"date":"2020-09-05","players":[289,10,5,86,246,286,58,291,290,285],"don":1,"maf1":3,"maf2":7,"sherif":9,"firstKilled":2,"firstKilledGuessPoints":0,"cityWin":true},{"id":18,"date":"2020-09-09","players":[292,10,293,69,273,118,1,281,19,21],"don":2,"maf1":1,"maf2":9,"sherif":7,"cityWin":true,"firstKilled":5,"firstKilledGuessPoints":0},{"id":19,"date":"2020-09-09","players":[1,19,4,118,292,36,10,21,281,273],"don":0,"maf1":7,"maf2":8,"sherif":3,"firstKilled":null,"firstKilledGuessPoints":null,"cityWin":true},{"id":20,"date":"2020-09-09","players":[10,273,36,19,151,293,31,118,54,34],"don":4,"maf1":0,"maf2":3,"sherif":8,"firstKilled":8,"firstKilledGuessPoints":0.25,"cityWin":false},{"id":21,"date":"2020-09-09","players":[294,31,53,34,281,21,151,54,292,10],"don":1,"maf1":2,"maf2":4,"sherif":3,"firstKilled":5,"firstKilledGuessPoints":0,"cityWin":true},{"id":22,"date":"2020-09-09","players":[53,19,294,151,292,54,273,34,31,118],"don":1,"maf1":3,"maf2":9,"sherif":5,"firstKilled":7,"firstKilledGuessPoints":0.25,"cityWin":true},{"id":23,"date":"2020-09-11","players":[295,284,143,9,58,16,252,122,296,34],"don":9,"maf1":4,"maf2":6,"sherif":5,"cityWin":false,"firstKilled":3,"firstKilledGuessPoints":0.25},{"id":24,"date":"2020-09-11","players":[252,34,280,58,143,276,16,9,295,8],"don":8,"maf1":1,"maf2":2,"sherif":9,"firstKilled":null,"firstKilledGuessPoints":null,"cityWin":false},{"id":25,"date":"2020-09-11","players":[280,34,12,284,70,86,276,286,8,16],"don":4,"maf1":2,"maf2":9,"sherif":5,"firstKilled":0,"firstKilledGuessPoints":0,"cityWin":true},{"id":26,"date":"2020-09-11","players":[12,276,70,9,69,280,58,34,86,286],"don":1,"maf1":0,"maf2":8,"sherif":2,"firstKilled":2,"firstKilledGuessPoints":0.25,"cityWin":false},{"id":27,"date":"2020-09-11","players":[8,58,15,276,34,280,143,252,286,16],"don":6,"maf1":5,"maf2":8,"sherif":2,"firstKilled":1,"firstKilledGuessPoints":0,"cityWin":false},{"id":28,"date":"2020-09-11","players":[16,15,286,295,143,12,70,86,9,58],"don":4,"maf1":1,"maf2":8,"sherif":2,"firstKilled":0,"firstKilledGuessPoints":0,"cityWin":true},{"id":29,"date":"2020-09-11","players":[151,86,295,286,58,34,280,276,69,12],"don":3,"maf1":8,"maf2":9,"sherif":0,"firstKilled":7,"firstKilledGuessPoints":0,"cityWin":false},{"id":30,"date":"2020-09-12","players":[286,5,297,143,288,298,99,289,290,299],"don":2,"maf1":3,"maf2":6,"sherif":4,"cityWin":true,"firstKilled":9,"firstKilledGuessPoints":0},{"id":31,"date":"2020-09-12","players":[287,290,109,300,297,288,299,301,289,285],"don":0,"maf1":2,"maf2":3,"sherif":9,"firstKilled":9,"firstKilledGuessPoints":0.25,"cityWin":false},{"id":32,"date":"2020-09-12","players":[285,289,301,297,302,227,109,290,299,300],"don":6,"maf1":7,"maf2":8,"sherif":9,"firstKilled":1,"firstKilledGuessPoints":0,"cityWin":true},{"id":33,"date":"2020-09-12","players":[301,302,285,299,109,289,31,300,227,1],"don":0,"maf1":1,"maf2":4,"sherif":3,"firstKilled":2,"firstKilledGuessPoints":0,"cityWin":false},{"id":34,"date":"2020-09-12","players":[31,290,1,289,302,227,285,109,301,299],"don":3,"maf1":5,"maf2":7,"sherif":1,"firstKilled":0,"firstKilledGuessPoints":0,"cityWin":false},{"id":35,"date":"2020-09-12","players":[151,297,39,288,287,34,246,286,180,8],"don":1,"maf1":5,"maf2":7,"sherif":2,"firstKilled":8,"firstKilledGuessPoints":0.25,"cityWin":false},{"id":36,"date":"2020-09-12","players":[246,285,301,34,287,105,109,10,302,39],"don":1,"maf1":5,"maf2":8,"sherif":0,"firstKilled":7,"firstKilledGuessPoints":0,"cityWin":true},{"id":37,"date":"2020-09-12","players":[10,302,109,246,62,285,287,5,105,39],"don":8,"maf1":6,"maf2":9,"sherif":4,"firstKilled":7,"firstKilledGuessPoints":0,"cityWin":false},{"id":38,"date":"2020-09-12","players":[292,10,99,286,227,5,39,34,246,105],"don":9,"maf1":2,"maf2":7,"sherif":6,"firstKilled":8,"firstKilledGuessPoints":0,"cityWin":false},{"id":39,"date":"2020-09-12","players":[288,34,105,5,246,292,143,99,286,287],"don":4,"maf1":5,"maf2":9,"sherif":3,"firstKilled":2,"firstKilledGuessPoints":0.25,"cityWin":false},{"id":40,"date":"2020-09-12","players":[39,180,105,246,288,99,287,292,5,177],"don":4,"maf1":0,"maf2":7,"sherif":3,"firstKilled":2,"firstKilledGuessPoints":0,"cityWin":true},{"id":41,"date":"2020-09-12","players":[292,105,8,5,34,151,297,39,287,288],"don":4,"maf1":3,"maf2":5,"sherif":9,"firstKilled":0,"firstKilledGuessPoints":0.25,"cityWin":false},{"id":42,"date":"2020-09-12","players":[5,39,62,288,143,286,177,4,34,297],"don":4,"maf1":3,"maf2":6,"sherif":0,"firstKilled":2,"firstKilledGuessPoints":0,"cityWin":true},{"id":43,"date":"2020-09-18","players":[8,252,9,58,4,34,5,35,19,144],"don":9,"maf1":7,"maf2":8,"sherif":0,"cityWin":false},{"id":44,"date":"2020-09-18","players":[303,287,1,9,15,144,16,304,31,8],"don":1,"maf1":5,"maf2":7,"sherif":8,"firstKilled":8,"firstKilledGuessPoints":0,"cityWin":false},{"id":45,"date":"2020-09-18","players":[16,1,46,58,31,15,9,303,144,4],"don":2,"maf1":3,"maf2":5,"sherif":6,"firstKilled":9,"firstKilledGuessPoints":0,"cityWin":false},{"id":46,"date":"2020-09-18","players":[31,4,35,287,105,303,9,58,46,1],"don":0,"maf1":1,"maf2":2,"sherif":9,"firstKilled":3,"firstKilledGuessPoints":0.25,"cityWin":false},{"id":47,"date":"2020-09-18","players":[15,46,1,58,9,16,39,35,31,227],"don":6,"maf1":7,"maf2":8,"sherif":1,"firstKilled":3,"firstKilledGuessPoints":0.25,"cityWin":false},{"id":48,"date":"2020-09-18","players":[105,280,287,227,258,35,39,151,276,86],"don":1,"maf1":4,"maf2":7,"sherif":9,"firstKilled":5,"firstKilledGuessPoints":0,"cityWin":true},{"id":49,"date":"2020-09-18","players":[276,86,34,105,280,258,302,292,5,287],"don":8,"maf1":6,"maf2":7,"sherif":3,"firstKilled":2,"firstKilledGuessPoints":0.4,"cityWin":true},{"id":50,"date":"2020-09-18","players":[19,258,276,5,86,34,302,280,227,39],"don":4,"maf1":5,"maf2":9,"sherif":2,"firstKilled":1,"firstKilledGuessPoints":0,"cityWin":false},{"id":51,"date":"2020-09-18","players":[292,227,39,105,4,9,287,31,1,86],"don":3,"maf1":6,"maf2":9,"sherif":4,"firstKilled":0,"firstKilledGuessPoints":0,"cityWin":true},{"id":52,"date":"2020-09-18","players":[15,302,16,303,58,151,280,34,276,5],"don":4,"maf1":1,"maf2":7,"sherif":8,"firstKilled":2,"firstKilledGuessPoints":0,"cityWin":true},{"id":53,"date":"2020-09-19","players":[286,105,15,305,301,292,11,109,306,16],"don":6,"maf1":0,"maf2":5,"sherif":4,"firstKilled":3,"firstKilledGuessPoints":0,"cityWin":false},{"id":54,"date":"2020-09-18","players":[5,151,19,86,4,307,35,105,58,34],"don":9,"maf1":5,"maf2":6,"sherif":2,"firstKilled":2,"firstKilledGuessPoints":0,"cityWin":false},{"id":55,"date":"2020-09-19","players":[301,11,10,15,286,31,105,305,292,306],"don":5,"maf1":3,"maf2":8,"sherif":0,"firstKilled":7,"firstKilledGuessPoints":0,"cityWin":true},{"id":56,"date":"2020-09-19","players":[15,286,39,105,16,305,31,109,9,11],"don":6,"maf1":4,"maf2":8,"sherif":7,"firstKilled":0,"firstKilledGuessPoints":0,"cityWin":true},{"id":57,"date":"2020-09-19","players":[305,39,292,5,62,286,105,15,16,9],"don":6,"maf1":1,"maf2":8,"sherif":0,"firstKilled":9,"firstKilledGuessPoints":0,"cityWin":true},{"id":58,"date":"2020-09-19","players":[16,9,105,177,292,5,15,288,305,11],"don":6,"maf1":1,"maf2":7,"sherif":8,"firstKilled":0,"firstKilledGuessPoints":0,"cityWin":true},{"id":59,"date":"2020-09-19","players":[292,177,62,286,288,9,105,305,11,5],"don":6,"maf1":4,"maf2":9,"sherif":8,"firstKilled":8,"firstKilledGuessPoints":0,"cityWin":true},{"id":60,"date":"2020-09-23","players":[105,1,246,5,143,31,273,10,308,118],"don":9,"maf1":2,"maf2":5,"sherif":7,"cityWin":true,"firstKilled":0,"firstKilledGuessPoints":0},{"id":61,"date":"2020-09-23","players":[143,273,10,308,118,69,246,5,105,1],"don":4,"maf1":1,"maf2":6,"sherif":3,"firstKilled":9,"firstKilledGuessPoints":0,"cityWin":true},{"id":62,"date":"2020-09-23","players":[308,12,31,292,246,10,105,143,273,118],"don":5,"maf1":8,"maf2":9,"sherif":0,"firstKilled":6,"firstKilledGuessPoints":0,"cityWin":false},{"id":63,"date":"2020-09-23","players":[10,31,1,12,5,86,105,118,273,143],"don":8,"maf1":3,"maf2":9,"sherif":2,"firstKilled":5,"firstKilledGuessPoints":0,"cityWin":true},{"id":64,"date":"2020-09-23","players":[5,246,10,143,105,118,1,68,12,86],"don":8,"maf1":3,"maf2":9,"sherif":6,"firstKilled":7,"firstKilledGuessPoints":0,"cityWin":false},{"id":65,"date":"2020-09-23","players":[143,86,53,118,12,54,5,1,246,105],"don":8,"maf1":5,"maf2":7,"sherif":1,"firstKilled":6,"firstKilledGuessPoints":0,"cityWin":false},{"id":66,"date":"2020-09-25","players":[292,309,10,286,310,290,289,311,312,5],"don":7,"maf1":0,"maf2":2,"sherif":6,"cityWin":true,"firstKilled":4,"firstKilledGuessPoints":0},{"id":67,"date":"2020-09-25","players":[286,280,46,276,289,312,290,309,10,5],"don":7,"maf1":5,"maf2":8,"sherif":3,"firstKilled":9,"firstKilledGuessPoints":0,"cityWin":true},{"id":68,"date":"2020-09-25","players":[313,28,46,286,292,289,276,5,280,105],"don":1,"maf1":4,"maf2":8,"sherif":3,"firstKilled":9,"firstKilledGuessPoints":0.25,"cityWin":true},{"id":69,"date":"2020-09-25","players":[290,310,286,309,280,292,276,289,28,105],"don":4,"maf1":7,"maf2":9,"sherif":5,"firstKilled":5,"firstKilledGuessPoints":0.4,"cityWin":true},{"id":70,"date":"2020-09-25","players":[246,258,313,5,292,289,28,290,105,286],"don":2,"maf1":1,"maf2":3,"sherif":0,"firstKilled":8,"firstKilledGuessPoints":0,"cityWin":false},{"id":71,"date":"2020-09-25","players":[246,292,290,289,309,310,5,286,105,258],"don":7,"maf1":2,"maf2":6,"sherif":0,"firstKilled":1,"firstKilledGuessPoints":0.25,"cityWin":false},{"id":72,"date":"2020-09-26","players":[86,177,34,9,16,8,151,246,117,10],"don":9,"maf1":0,"maf2":7,"sherif":1,"firstKilled":8,"firstKilledGuessPoints":0,"cityWin":true},{"id":73,"date":"2020-09-26","players":[314,10,118,16,315,286,2,151,117,34],"don":4,"maf1":3,"maf2":6,"sherif":2,"firstKilled":2,"firstKilledGuessPoints":0,"cityWin":false},{"id":74,"date":"2020-09-26","players":[8,15,9,117,1,4,16,34,3,2],"don":8,"maf1":6,"maf2":7,"sherif":9,"firstKilled":2,"firstKilledGuessPoints":0.25,"cityWin":false},{"id":75,"date":"2020-09-26","players":[1,2,31,288,118,9,314,177,10,3],"don":5,"maf1":2,"maf2":7,"sherif":9,"firstKilled":1,"firstKilledGuessPoints":0.25,"cityWin":true},{"id":76,"date":"2020-09-26","players":[31,118,1,2,86,3,34,177,16,246],"don":9,"maf1":0,"maf2":4,"sherif":6,"firstKilled":6,"firstKilledGuessPoints":0,"cityWin":false},{"id":77,"date":"2020-09-26","players":[8,177,34,86,288,246,118,16,292,12],"don":5,"maf1":4,"maf2":6,"sherif":1,"firstKilled":3,"firstKilledGuessPoints":0,"cityWin":true},{"id":78,"date":"2020-09-26","players":[288,292,12,177,34,86,16,246,118,8],"don":8,"maf1":3,"maf2":7,"sherif":0,"firstKilled":null,"firstKilledGuessPoints":null,"cityWin":true},{"id":79,"date":"2020-09-28","players":[287,34,10,316,19,143,292,123,90,288],"don":9,"maf1":2,"maf2":8,"sherif":5,"cityWin":false,"firstKilled":1,"firstKilledGuessPoints":0},{"id":80,"date":"2020-09-28","players":[123,19,3,10,177,292,143,288,90,316],"don":4,"maf1":0,"maf2":5,"sherif":7,"firstKilled":1,"firstKilledGuessPoints":0,"cityWin":false},{"id":81,"date":"2020-09-28","players":[71,3,306,70,2,196,317,178,241,292],"don":6,"maf1":0,"maf2":1,"sherif":8,"firstKilled":3,"firstKilledGuessPoints":0.25,"cityWin":true},{"id":82,"date":"2020-09-28","players":[178,317,177,90,241,288,3,196,2,19],"don":3,"maf1":4,"maf2":6,"sherif":7,"firstKilled":7,"firstKilledGuessPoints":0.25,"cityWin":false},{"id":83,"date":"2020-09-28","players":[241,196,19,3,10,317,8,34,177,2],"don":9,"maf1":4,"maf2":6,"sherif":7,"firstKilled":5,"firstKilledGuessPoints":0,"cityWin":true},{"id":84,"date":"2020-09-28","players":[62,31,8,34,19,287,105,36,10,35],"don":3,"maf1":2,"maf2":9,"sherif":8,"firstKilled":4,"firstKilledGuessPoints":0,"cityWin":true},{"id":85,"date":"2020-09-28","players":[306,35,36,288,292,31,105,279,90,143],"don":8,"maf1":1,"maf2":5,"sherif":0,"firstKilled":4,"firstKilledGuessPoints":0,"cityWin":true},{"id":86,"date":"2020-09-28","players":[35,143,287,71,34,306,36,31,292,105],"don":4,"maf1":2,"maf2":7,"sherif":0,"firstKilled":0,"firstKilledGuessPoints":0,"cityWin":false},{"id":87,"date":"2020-09-28","players":[241,178,105,35,71,62,306,287,196,34],"don":3,"maf1":5,"maf2":9,"sherif":7,"firstKilled":0,"firstKilledGuessPoints":0,"cityWin":false},{"id":88,"date":"2020-09-28","players":[306,2,8,241,196,34,19,10,178,317],"don":2,"maf1":6,"maf2":8,"sherif":9,"firstKilled":9,"firstKilledGuessPoints":0,"cityWin":true},{"id":89,"date":"2020-09-30","players":[143,318,305,69,39,319,1,273,12,31],"don":4,"maf1":3,"maf2":8,"sherif":7,"cityWin":false,"firstKilled":9,"firstKilledGuessPoints":0},{"id":90,"date":"2020-09-30","players":[39,319,1,305,318,12,292,69,143,68],"don":2,"maf1":1,"maf2":3,"sherif":8,"firstKilled":null,"firstKilledGuessPoints":null,"cityWin":false},{"id":91,"date":"2020-09-30","players":[4,54,316,292,31,10,86,34,105,273],"don":4,"maf1":2,"maf2":5,"sherif":9,"firstKilled":3,"firstKilledGuessPoints":0,"cityWin":true},{"id":92,"date":"2020-09-30","players":[292,273,316,319,12,4,31,143,318,39],"don":8,"maf1":3,"maf2":9,"sherif":6,"firstKilled":0,"firstKilledGuessPoints":0.25,"cityWin":false},{"id":93,"date":"2020-09-30","players":[1,143,4,273,10,144,316,105,39,292],"don":9,"maf1":1,"maf2":5,"sherif":3,"firstKilled":8,"firstKilledGuessPoints":0,"cityWin":false},{"id":94,"date":"2020-09-30","players":[273,31,53,1,292,151,305,86,39,54],"don":7,"maf1":2,"maf2":3,"sherif":0,"firstKilled":6,"firstKilledGuessPoints":0,"cityWin":false},{"id":95,"date":"2020-09-30","players":[10,53,39,86,105,273,284,54,31,69],"don":6,"maf1":3,"maf2":7,"sherif":9,"cityWin":false,"firstKilled":1,"firstKilledGuessPoints":0}],"players":[{"id":60,"name":"Язва","nameHistory":[{"nameChangeId":1,"name":"Язва","date":1576220388177}]},{"id":41,"name":"Эми","nameHistory":[{"nameChangeId":1,"name":"Эми","date":1575894227951}]},{"id":127,"name":"Элла","nameHistory":[{"nameChangeId":1,"name":"Элла","date":1577427908480}]},{"id":128,"name":"Эликсир","nameHistory":[{"nameChangeId":1,"name":"Эликсир","date":1577427977224}]},{"id":65,"name":"Шип","nameHistory":[{"nameChangeId":1,"name":"Шип","date":1576221571246}]},{"id":131,"name":"ЧС","nameHistory":[{"nameChangeId":1,"name":"ЧС","date":1577614262851}]},{"id":117,"name":"Чешир","nameHistory":[{"nameChangeId":1,"name":"Чешир","date":1577168548818}]},{"id":138,"name":"Черника","nameHistory":[{"nameChangeId":1,"name":"Черника","date":1577960528531}]},{"id":30,"name":"Чен","nameHistory":[{"nameChangeId":1,"name":"Чен","date":1575554660015}]},{"id":10,"name":"Хусейн","nameHistory":[{"nameChangeId":1,"name":"Хусейн","date":1574854958509}]},{"id":71,"name":"Холод","nameHistory":[{"nameChangeId":1,"name":"холод","date":1576222264341},{"nameChangeId":2,"name":"Холод","date":1576222295704}]},{"id":4,"name":"Харви","nameHistory":[{"nameChangeId":1,"name":"Харви","date":1574854902750}]},{"id":53,"name":"ФурсДари","nameHistory":[{"nameChangeId":1,"name":"ФурсДари","date":1576219818564}]},{"id":119,"name":"Флоренция","nameHistory":[{"nameChangeId":1,"name":"Флоренция","date":1577168792183}]},{"id":84,"name":"Фирдэй","nameHistory":[{"nameChangeId":1,"name":"Фирдэй","date":1576741055319}]},{"id":21,"name":"Финч","nameHistory":[{"nameChangeId":1,"name":"Финч","date":1575553623456}]},{"id":26,"name":"Фил","nameHistory":[{"nameChangeId":1,"name":"Фил","date":1575554135761}]},{"id":25,"name":"Феликс","nameHistory":[{"nameChangeId":1,"name":"Феликс","date":1575554086491}]},{"id":136,"name":"Улыбакинсон","nameHistory":[{"nameChangeId":1,"name":"Улыбакинсон","date":1577960105347}]},{"id":137,"name":"Улитко","nameHistory":[{"nameChangeId":1,"name":"Улитко","date":1577960128195}]},{"id":48,"name":"Токио","nameHistory":[{"nameChangeId":1,"name":"Токио","date":1575895398095}]},{"id":24,"name":"Тобер","nameHistory":[{"nameChangeId":1,"name":"Тобер","date":1575554051238}]},{"id":73,"name":"Тихий","nameHistory":[{"nameChangeId":1,"name":"Тихий","date":1576223977179}]},{"id":52,"name":"Тимур","nameHistory":[{"nameChangeId":1,"name":"Тимур","date":1576219808931}]},{"id":61,"name":"Тенерифе","nameHistory":[{"nameChangeId":1,"name":"Тенерифе","date":1576220402583}]},{"id":140,"name":"Тайгер","nameHistory":[{"nameChangeId":1,"name":"Тайгер","date":1577961549834}]},{"id":23,"name":"Сумман","nameHistory":[{"nameChangeId":1,"name":"Сумман","date":1575553655374}]},{"id":77,"name":"Странник","nameHistory":[{"nameChangeId":1,"name":"Странник","date":1576739899124}]},{"id":31,"name":"Созерцающий","nameHistory":[{"nameChangeId":1,"name":"Созерцающий","date":1575554677216}]},{"id":16,"name":"Совесть","nameHistory":[{"nameChangeId":1,"name":"Совесть","date":1574858425406}]},{"id":94,"name":"Снайпер","nameHistory":[{"nameChangeId":1,"name":"Снайпер","date":1576741666121}]},{"id":36,"name":"Славик","nameHistory":[{"nameChangeId":1,"name":"Славик","date":1575555316020}]},{"id":134,"name":"Скарлет","nameHistory":[{"nameChangeId":1,"name":"Скарлет","date":1577614665384}]},{"id":19,"name":"Симба","nameHistory":[{"nameChangeId":1,"name":"Симба","date":1575552410977}]},{"id":18,"name":"Светлячок","nameHistory":[{"nameChangeId":1,"name":"Светлячок","date":1575552379194}]},{"id":14,"name":"Сантос","nameHistory":[{"nameChangeId":2,"name":"Игрок2","date":1574858545568},{"nameChangeId":1,"name":"Пила","date":1574858364739},{"nameChangeId":3,"name":"Сантос","date":1576221811650}]},{"id":109,"name":"Санта","nameHistory":[{"nameChangeId":1,"name":"Санта","date":1577167031354}]},{"id":29,"name":"Самбука","nameHistory":[{"nameChangeId":1,"name":"Самбука","date":1575554616209}]},{"id":3,"name":"Самаритянка","nameHistory":[{"nameChangeId":1,"name":"Самаритянка","date":1574854890790}]},{"id":56,"name":"Самаритянин","nameHistory":[{"nameChangeId":1,"name":"Самаритянин","date":1576219852081}]},{"id":135,"name":"Рыжая","nameHistory":[{"nameChangeId":1,"name":"Рыжая","date":1577614800021}]},{"id":13,"name":"Рокфеллер","nameHistory":[{"nameChangeId":1,"name":"Рокфеллер","date":1574854973684}]},{"id":11,"name":"Роза","nameHistory":[{"nameChangeId":1,"name":"Роза","date":1574854963697}]},{"id":112,"name":"Ричард","nameHistory":[{"nameChangeId":1,"name":"Ричард","date":1577167100354}]},{"id":81,"name":"Рич","nameHistory":[{"nameChangeId":1,"name":"Рич","date":1576740458521}]},{"id":58,"name":"Раб","nameHistory":[{"nameChangeId":1,"name":"Раб","date":1576220334915}]},{"id":32,"name":"Проповедник","nameHistory":[{"nameChangeId":1,"name":"Проповедник","date":1575554868974}]},{"id":124,"name":"Правда","nameHistory":[{"nameChangeId":1,"name":"Правда","date":1577427444106}]},{"id":55,"name":"Пончик (Муж)","nameHistory":[{"nameChangeId":1,"name":"Пончик (Муж)","date":1576219831097}]},{"id":123,"name":"Пончик (Жен)","nameHistory":[{"nameChangeId":1,"name":"Пончик (жен)","date":1577169940128},{"nameChangeId":2,"name":"Пончик (Жен)","date":1577169974409}]},{"id":126,"name":"Польза","nameHistory":[{"nameChangeId":1,"name":"Польза","date":1577427636444}]},{"id":95,"name":"Плуто","nameHistory":[{"nameChangeId":1,"name":"Плуто","date":1576742327896}]},{"id":44,"name":"Пиф","nameHistory":[{"nameChangeId":1,"name":"Пиф","date":1575894247029}]},{"id":5,"name":"Пила","nameHistory":[{"nameChangeId":1,"name":"Пила","date":1574854908282}]},{"id":141,"name":"Пегас","nameHistory":[{"nameChangeId":1,"name":"Пегас","date":1577961822178}]},{"id":74,"name":"Пантера","nameHistory":[{"nameChangeId":1,"name":"Пантера","date":1576739649817}]},{"id":86,"name":"Панда из Руанды","nameHistory":[{"nameChangeId":1,"name":"Панда из Руанды","date":1576741107634}]},{"id":51,"name":"Опер","nameHistory":[{"nameChangeId":1,"name":"Опер","date":1575896786612}]},{"id":91,"name":"Окси","nameHistory":[{"nameChangeId":1,"name":"Окси","date":1576741448033}]},{"id":66,"name":"Ника","nameHistory":[{"nameChangeId":1,"name":"Ника","date":1576221592395}]},{"id":62,"name":"Немо","nameHistory":[{"nameChangeId":1,"name":"Немо","date":1576221222979}]},{"id":47,"name":"Невидимка","nameHistory":[{"nameChangeId":1,"name":"Невидимка","date":1575895384781}]},{"id":130,"name":"Ната","nameHistory":[{"nameChangeId":1,"name":"Ната","date":1577614249296}]},{"id":22,"name":"Наркоманка","nameHistory":[{"nameChangeId":1,"name":"Наркоманка","date":1575553651154}]},{"id":63,"name":"Молочко","nameHistory":[{"nameChangeId":1,"name":"Молочко","date":1576221469040}]},{"id":106,"name":"Могу Долго","nameHistory":[{"nameChangeId":1,"name":"Могу Долго","date":1576745456562}]},{"id":78,"name":"Мишок","nameHistory":[{"nameChangeId":1,"name":"Мишок","date":1576739915984}]},{"id":75,"name":"Мироманка","nameHistory":[{"nameChangeId":1,"name":"Мироманка","date":1576739710334}]},{"id":68,"name":"Миледи","nameHistory":[{"nameChangeId":1,"name":"Миледи","date":1576222197717}]},{"id":118,"name":"Медведь","nameHistory":[{"nameChangeId":1,"name":"Медведь","date":1577168738086}]},{"id":6,"name":"Матильда","nameHistory":[{"nameChangeId":1,"name":"Матильда","date":1574854921746}]},{"id":8,"name":"Масяня","nameHistory":[{"nameChangeId":1,"name":"Масяня","date":1574854937901}]},{"id":50,"name":"Марк","nameHistory":[{"nameChangeId":1,"name":"Марк","date":1575896658238}]},{"id":38,"name":"Мариан","nameHistory":[{"nameChangeId":1,"name":"Мариан","date":1575555547289}]},{"id":115,"name":"Маракуйя","nameHistory":[{"nameChangeId":1,"name":"Маракуйя","date":1577167377925}]},{"id":12,"name":"Мао","nameHistory":[{"nameChangeId":1,"name":"Мао","date":1574854967322}]},{"id":122,"name":"Максим Занят","nameHistory":[{"nameChangeId":1,"name":"Максим Занят","date":1577169705847}]},{"id":99,"name":"Магистр","nameHistory":[{"nameChangeId":1,"name":"Магистр","date":1576743148260}]},{"id":33,"name":"Маг","nameHistory":[{"nameChangeId":1,"name":"Маг","date":1575554982450}]},{"id":34,"name":"Маваши","nameHistory":[{"nameChangeId":1,"name":"Маваши","date":1575555286390}]},{"id":57,"name":"М (Эм)","nameHistory":[{"nameChangeId":1,"name":"М (Эм)","date":1576220000144}]},{"id":116,"name":"Лулу","nameHistory":[{"nameChangeId":1,"name":"Лулу","date":1577167590333}]},{"id":42,"name":"Лобода","nameHistory":[{"nameChangeId":1,"name":"Лобода","date":1575894236618}]},{"id":132,"name":"Леся","nameHistory":[{"nameChangeId":1,"name":"Леся","date":1577614278503}]},{"id":111,"name":"Леонардо","nameHistory":[{"nameChangeId":1,"name":"Леонардо","date":1577167074516}]},{"id":85,"name":"Ленивец","nameHistory":[{"nameChangeId":1,"name":"Ленивец","date":1576741084984}]},{"id":15,"name":"Лелик","nameHistory":[{"nameChangeId":1,"name":"Лелик","date":1574858421278}]},{"id":104,"name":"Лекса","nameHistory":[{"nameChangeId":1,"name":"Лекса","date":1576744437078}]},{"id":90,"name":"Лаки","nameHistory":[{"nameChangeId":1,"name":"Лаки","date":1576741443366}]},{"id":7,"name":"Кью","nameHistory":[{"nameChangeId":1,"name":"Кью","date":1574854931272}]},{"id":27,"name":"Крот","nameHistory":[{"nameChangeId":1,"name":"Фини","date":1575554146639},{"nameChangeId":2,"name":"Крот","date":1575554610912}]},{"id":46,"name":"Крокодил","nameHistory":[{"nameChangeId":1,"name":"Крокодил","date":1575895325357}]},{"id":88,"name":"Кри","nameHistory":[{"nameChangeId":1,"name":"Кри","date":1576741400482}]},{"id":49,"name":"Красный Игрок","nameHistory":[{"nameChangeId":1,"name":"Красный Игрок","date":1575895881809}]},{"id":108,"name":"Колибри","nameHistory":[{"nameChangeId":1,"name":"Колибри","date":1577167013804}]},{"id":70,"name":"Клон","nameHistory":[{"nameChangeId":1,"name":"клон","date":1576222257733},{"nameChangeId":2,"name":"Клон","date":1576222289603}]},{"id":107,"name":"Картман","nameHistory":[{"nameChangeId":1,"name":"Картман","date":1577083141372}]},{"id":17,"name":"Карабас","nameHistory":[{"nameChangeId":1,"name":"Масяня","date":1574858447674},{"nameChangeId":2,"name":"Игрок1","date":1574858525309},{"nameChangeId":3,"name":"Карабас","date":1576741378984}]},{"id":125,"name":"Изи-Бризи","nameHistory":[{"nameChangeId":1,"name":"Изи-Бризи","date":1577427491475}]},{"id":139,"name":"Зик","nameHistory":[{"nameChangeId":1,"name":"Зик","date":1577961327220}]},{"id":35,"name":"Забей","nameHistory":[{"nameChangeId":1,"name":"Забей","date":1575555301037}]},{"id":69,"name":"Жена","nameHistory":[{"nameChangeId":1,"name":"Жена","date":1576222226970}]},{"id":105,"name":"Есаул","nameHistory":[{"nameChangeId":1,"name":"Есаул","date":1576745138086}]},{"id":82,"name":"Енот","nameHistory":[{"nameChangeId":1,"name":"Енот","date":1576740984768}]},{"id":92,"name":"Елка","nameHistory":[{"nameChangeId":1,"name":"Елка","date":1576741466798}]},{"id":100,"name":"Ева","nameHistory":[{"nameChangeId":1,"name":"Ева","date":1576744178264}]},{"id":72,"name":"Друг","nameHistory":[{"nameChangeId":1,"name":"Друг","date":1576223844564}]},{"id":133,"name":"Джонс","nameHistory":[{"nameChangeId":1,"name":"Джонс","date":1577614304068}]},{"id":89,"name":"Джексон","nameHistory":[{"nameChangeId":1,"name":"Джексон","date":1576741422931}]},{"id":101,"name":"Джек","nameHistory":[{"nameChangeId":1,"name":"Джек","date":1576744219201}]},{"id":40,"name":"Граф","nameHistory":[{"nameChangeId":1,"name":"Граф","date":1575555655534}]},{"id":59,"name":"Гонсалес","nameHistory":[{"nameChangeId":1,"name":"Гонсалес","date":1576220356981}]},{"id":110,"name":"Гольф","nameHistory":[{"nameChangeId":1,"name":"Гольф","date":1577167054573}]},{"id":20,"name":"Гоги","nameHistory":[{"nameChangeId":1,"name":"Гоги","date":1575552429743}]},{"id":54,"name":"Гитлерок","nameHistory":[{"nameChangeId":1,"name":"Гитлерок","date":1576219824428}]},{"id":113,"name":"Гиннес","nameHistory":[{"nameChangeId":1,"name":"Гиннес","date":1577167179849}]},{"id":98,"name":"Гидра","nameHistory":[{"nameChangeId":1,"name":"Гидра","date":1576743130683}]},{"id":120,"name":"Гермиона","nameHistory":[{"nameChangeId":1,"name":"Гермиона","date":1577169475938}]},{"id":2,"name":"Гермес","nameHistory":[{"nameChangeId":1,"name":"Гермес","date":1574854880179}]},{"id":96,"name":"Вульф","nameHistory":[{"nameChangeId":1,"name":"Вульф","date":1576742374822}]},{"id":102,"name":"Ву","nameHistory":[{"nameChangeId":1,"name":"Ву","date":1576744277733}]},{"id":79,"name":"Вита","nameHistory":[{"nameChangeId":1,"name":"Вита","date":1576739919631}]},{"id":129,"name":"Винч","nameHistory":[{"nameChangeId":1,"name":"Винч","date":1577614142916}]},{"id":67,"name":"Вильгельм","nameHistory":[{"nameChangeId":1,"name":"Вильгельм","date":1576222171961}]},{"id":39,"name":"Вертинский","nameHistory":[{"nameChangeId":1,"name":"Вертинский","date":1575555606043}]},{"id":45,"name":"ВВ","nameHistory":[{"nameChangeId":1,"name":"ВВ","date":1575895320220}]},{"id":76,"name":"Бугай","nameHistory":[{"nameChangeId":1,"name":"Бугай","date":1576739725064}]},{"id":9,"name":"Ботичелли","nameHistory":[{"nameChangeId":1,"name":"Ботичелли","date":1574854945966}]},{"id":121,"name":"Боб","nameHistory":[{"nameChangeId":1,"name":"Боб","date":1577169686290},{"nameChangeId":2,"name":"Максим Занят","date":1577169691463},{"nameChangeId":3,"name":"Боб","date":1577169698904}]},{"id":1,"name":"Бернинг","nameHistory":[{"nameChangeId":1,"name":"Бернинг","date":1574854870530}]},{"id":114,"name":"Белла","nameHistory":[{"nameChangeId":1,"name":"Белла","date":1577167275994}]},{"id":28,"name":"Баламут","nameHistory":[{"nameChangeId":1,"name":"Баламут","date":1575554600158}]},{"id":93,"name":"База","nameHistory":[{"nameChangeId":1,"name":"База","date":1576741485477}]},{"id":64,"name":"Аш","nameHistory":[{"nameChangeId":1,"name":"Аш","date":1576221491746}]},{"id":37,"name":"Аспин","nameHistory":[{"nameChangeId":1,"name":"Аспин","date":1575555342259}]},{"id":103,"name":"Антоновка","nameHistory":[{"nameChangeId":1,"name":"Антоновка","date":1576744299211}]},{"id":83,"name":"Антон","nameHistory":[{"nameChangeId":1,"name":"Антон","date":1576741007317}]},{"id":80,"name":"Айвори","nameHistory":[{"nameChangeId":1,"name":"Айвери","date":1576740433618},{"nameChangeId":2,"name":"Айвори","date":1576741499498}]},{"id":97,"name":"Агроном","nameHistory":[{"nameChangeId":1,"name":"Агроном","date":1576742839396}]},{"id":43,"name":"А1","nameHistory":[{"nameChangeId":1,"name":"А1","date":1575894242866}]},{"id":142,"name":"Марго","nameHistory":[{"nameChangeId":1,"name":"Марго","date":1578607922658}]},{"id":143,"name":"Фиалка","nameHistory":[{"nameChangeId":1,"name":"Фиалка","date":1578609588996}]},{"id":144,"name":"Бамблби","nameHistory":[{"nameChangeId":1,"name":"Бамблби","date":1578610021774}]},{"id":145,"name":"Руфер","nameHistory":[{"nameChangeId":1,"name":"Руфер","date":1578610690721}]},{"id":146,"name":"Лютик","nameHistory":[{"nameChangeId":1,"name":"Лютик","date":1578670345021}]},{"id":147,"name":"Маркус","nameHistory":[{"nameChangeId":1,"name":"Маркус","date":1578670704049}]},{"id":148,"name":"Эдж","nameHistory":[{"nameChangeId":1,"name":"Эдж","date":1578670734188}]},{"id":149,"name":"Мария","nameHistory":[{"nameChangeId":1,"name":"Мария","date":1578670765354}]},{"id":150,"name":"Вад","nameHistory":[{"nameChangeId":1,"name":"Вад","date":1578670888326}]},{"id":151,"name":"Зэт(Z)","nameHistory":[{"nameChangeId":1,"name":"Зэт(Z)","date":1578672007650}]},{"id":152,"name":"Дион Доу","nameHistory":[{"nameChangeId":1,"name":"Дион Доу","date":1578672562158}]},{"id":153,"name":"Лоя","nameHistory":[{"nameChangeId":1,"name":"Лоя","date":1578673749840}]},{"id":155,"name":"Нагинц","nameHistory":[{"nameChangeId":1,"name":"Нагинц","date":1578673828749}]},{"id":156,"name":"Чак Норрис","nameHistory":[{"nameChangeId":1,"name":"Чак Норрис","date":1578760230906}]},{"id":157,"name":"Алиса (молодечно)","nameHistory":[{"nameChangeId":1,"name":"Алиса (молодечно)","date":1578760894693}]},{"id":158,"name":"Лиса","nameHistory":[{"nameChangeId":1,"name":"Лиса","date":1578760919336}]},{"id":159,"name":"Грин","nameHistory":[{"nameChangeId":1,"name":"Грин","date":1578761034721}]},{"id":160,"name":"Штык","nameHistory":[{"nameChangeId":1,"name":"Штык","date":1578761056771}]},{"id":161,"name":"Башмак","nameHistory":[{"nameChangeId":1,"name":"Башмак","date":1578761219323}]},{"id":162,"name":"Арис","nameHistory":[{"nameChangeId":1,"name":"Арис","date":1578761587112}]},{"id":163,"name":"Жаклин","nameHistory":[{"nameChangeId":1,"name":"Жаклин","date":1578762288126}]},{"id":164,"name":"Виолетта","nameHistory":[{"nameChangeId":1,"name":"Виолетта","date":1578762318414}]},{"id":165,"name":"Доходяга","nameHistory":[{"nameChangeId":1,"name":"Доходяга","date":1578762346827}]},{"id":166,"name":"Забар","nameHistory":[{"nameChangeId":1,"name":"Забар","date":1578762390455}]},{"id":167,"name":"Смайл","nameHistory":[{"nameChangeId":1,"name":"Смайл","date":1578789865383}]},{"id":168,"name":"Фокс","nameHistory":[{"nameChangeId":1,"name":"Фокс","date":1578789920790}]},{"id":169,"name":"Август","nameHistory":[{"nameChangeId":1,"name":"Август","date":1578790521188}]},{"id":170,"name":"Номерок","nameHistory":[{"nameChangeId":1,"name":"Номерок","date":1578790577603}]},{"id":171,"name":"Чепух (варшава)","nameHistory":[{"nameChangeId":1,"name":"Чепух (варшава)","date":1578790821767}]},{"id":172,"name":"Хан","nameHistory":[{"nameChangeId":1,"name":"Хан","date":1578790996647}]},{"id":174,"name":"Савитар","nameHistory":[{"nameChangeId":1,"name":"Савитар","date":1578791262505}]},{"id":175,"name":"Кармилитка","nameHistory":[{"nameChangeId":1,"name":"Кармилитка","date":1578791413546}]},{"id":176,"name":"Барни Блудница","nameHistory":[{"nameChangeId":1,"name":"Барни Блудница","date":1578791458044}]},{"id":177,"name":"Ронни","nameHistory":[{"nameChangeId":1,"name":"Ронни","date":1579204151756}]},{"id":178,"name":"Йода","nameHistory":[{"nameChangeId":1,"name":"Йода","date":1579206714901}]},{"id":179,"name":"Анжела","nameHistory":[{"nameChangeId":1,"name":"Анжела","date":1579206911005}]},{"id":180,"name":"Наполеон","nameHistory":[{"nameChangeId":1,"name":"Наполеон","date":1579365786443}]},{"id":181,"name":"Коледжио","nameHistory":[{"nameChangeId":1,"name":"Коледжио","date":1579365864910}]},{"id":182,"name":"31","nameHistory":[{"nameChangeId":1,"name":"31","date":1579365899479}]},{"id":183,"name":"Нарк","nameHistory":[{"nameChangeId":1,"name":"Нарк","date":1579366685321}]},{"id":184,"name":"Львенок","nameHistory":[{"nameChangeId":1,"name":"Львенок","date":1579366705940}]},{"id":185,"name":"Микки","nameHistory":[{"nameChangeId":1,"name":"Микки","date":1579366736810}]},{"id":186,"name":"Кей","nameHistory":[{"nameChangeId":1,"name":"Кей","date":1579366760866}]},{"id":187,"name":"Сова","nameHistory":[{"nameChangeId":1,"name":"Сова","date":1579366782934}]},{"id":188,"name":"Диспер","nameHistory":[{"nameChangeId":1,"name":"Диспер","date":1579366818455}]},{"id":189,"name":"Тур","nameHistory":[{"nameChangeId":1,"name":"Тур","date":1579367269611}]},{"id":190,"name":"Талок","nameHistory":[{"nameChangeId":1,"name":"Талок","date":1579367902569}]},{"id":191,"name":"Вий","nameHistory":[{"nameChangeId":1,"name":"Вий","date":1579367951042}]},{"id":193,"name":"Ланс","nameHistory":[{"nameChangeId":1,"name":"Ланс","date":1579442828345}]},{"id":194,"name":"Лимон","nameHistory":[{"nameChangeId":1,"name":"Лимон","date":1579640471181}]},{"id":195,"name":"Элли","nameHistory":[{"nameChangeId":1,"name":"Элли","date":1579640937900}]},{"id":196,"name":"Мориарти","nameHistory":[{"nameChangeId":1,"name":"Мориарти","date":1579956761792}]},{"id":197,"name":"Эдриан","nameHistory":[{"nameChangeId":1,"name":"Эндрю","date":1579956876261},{"nameChangeId":2,"name":"Эдриан","date":1579957207211}]},{"id":198,"name":"Акула","nameHistory":[{"nameChangeId":1,"name":"Акула","date":1579957413678}]},{"id":199,"name":"Вилли","nameHistory":[{"nameChangeId":1,"name":"Вилли","date":1579957484180}]},{"id":200,"name":"Клипса","nameHistory":[{"nameChangeId":1,"name":"Клипса","date":1579957525983}]},{"id":201,"name":"Дэвиль","nameHistory":[{"nameChangeId":1,"name":"Дэвиль","date":1579957608177}]},{"id":202,"name":"Лера","nameHistory":[{"nameChangeId":1,"name":"Лера","date":1579958310324}]},{"id":203,"name":"Полдник","nameHistory":[{"nameChangeId":1,"name":"Полдник","date":1579959619459}]},{"id":204,"name":"Майкл","nameHistory":[{"nameChangeId":1,"name":"Майкл","date":1580070597141}]},{"id":205,"name":"Буба","nameHistory":[{"nameChangeId":1,"name":"Буба","date":1580070699280}]},{"id":206,"name":"Мистер Смит","nameHistory":[{"nameChangeId":1,"name":"Мистер Смит","date":1580070762320}]},{"id":207,"name":"Миссис Смит","nameHistory":[{"nameChangeId":1,"name":"Миссис Смит","date":1580070784604}]},{"id":208,"name":"Вихва","nameHistory":[{"nameChangeId":1,"name":"Вихва","date":1580071413720}]},{"id":209,"name":"Гиена","nameHistory":[{"nameChangeId":1,"name":"Гиена","date":1580165569327}]},{"id":210,"name":"Арктика","nameHistory":[{"nameChangeId":1,"name":"Арктика","date":1580165621707}]},{"id":211,"name":"Склиф","nameHistory":[{"nameChangeId":1,"name":"Склиф","date":1580557092467}]},{"id":212,"name":"Маргаритка","nameHistory":[{"nameChangeId":1,"name":"Маргаритка","date":1580557107176}]},{"id":213,"name":"Гаджет","nameHistory":[{"nameChangeId":1,"name":"Гаджет","date":1581172243158}]},{"id":214,"name":"Янни","nameHistory":[{"nameChangeId":1,"name":"Янни","date":1581173304639}]},{"id":215,"name":"Магнолия","nameHistory":[{"nameChangeId":1,"name":"Магнолия","date":1581177845201}]},{"id":216,"name":"Вирджиния","nameHistory":[{"nameChangeId":1,"name":"Вирджиния","date":1581179210175}]},{"id":217,"name":"Broo","nameHistory":[{"nameChangeId":1,"name":"Broo","date":1581180281944}]},{"id":218,"name":"Таша","nameHistory":[{"nameChangeId":1,"name":"Таша","date":1581180310839}]},{"id":219,"name":"LSD","nameHistory":[{"nameChangeId":1,"name":"LSD","date":1581180539365}]},{"id":220,"name":"Формат","nameHistory":[{"nameChangeId":1,"name":"Формат","date":1581180584102}]},{"id":221,"name":"Кокос","nameHistory":[{"nameChangeId":1,"name":"Кокос","date":1581180607867}]},{"id":222,"name":"Бореса","nameHistory":[{"nameChangeId":1,"name":"Бореса","date":1581180632183}]},{"id":223,"name":"Орк","nameHistory":[{"nameChangeId":1,"name":"Орк","date":1581180651530}]},{"id":224,"name":"Русский","nameHistory":[{"nameChangeId":1,"name":"Русский","date":1581627546087}]},{"id":225,"name":"Тип","nameHistory":[{"nameChangeId":1,"name":"Тип","date":1581628459363}]},{"id":226,"name":"В17","nameHistory":[{"nameChangeId":1,"name":"В17","date":1581629181637}]},{"id":227,"name":"Тигра","nameHistory":[{"nameChangeId":1,"name":"Тигра","date":1581629479901}]},{"id":228,"name":"Эстефания","nameHistory":[{"nameChangeId":1,"name":"Эстефания","date":1581630337169}]},{"id":229,"name":"Фонарь","nameHistory":[{"nameChangeId":1,"name":"Фонарь","date":1581630358686}]},{"id":230,"name":"Почемучка","nameHistory":[{"nameChangeId":1,"name":"Почемучка","date":1581767400321}]},{"id":231,"name":"Юджин","nameHistory":[{"nameChangeId":1,"name":"Юджин","date":1581767640127}]},{"id":232,"name":"Ротмистер","nameHistory":[{"nameChangeId":1,"name":"Ротмистер","date":1581767695528}]},{"id":233,"name":"Звезда","nameHistory":[{"nameChangeId":1,"name":"Звезда","date":1581767782960}]},{"id":234,"name":"Мадонна","nameHistory":[{"nameChangeId":1,"name":"Мадонна","date":1581767803387}]},{"id":235,"name":"Трепачева","nameHistory":[{"nameChangeId":1,"name":"Трепачева","date":1581888837465}]},{"id":236,"name":"Лори","nameHistory":[{"nameChangeId":1,"name":"Лори","date":1581889295108}]},{"id":237,"name":"Купидон","nameHistory":[{"nameChangeId":1,"name":"Купидон","date":1581889324680}]},{"id":238,"name":"Гуф","nameHistory":[{"nameChangeId":1,"name":"Гуф","date":1581889439356}]},{"id":239,"name":"Джина","nameHistory":[{"nameChangeId":1,"name":"Джина","date":1581889580752}]},{"id":240,"name":"Фифа","nameHistory":[{"nameChangeId":1,"name":"Фифа","date":1582231677453}]},{"id":241,"name":"Yesterday","nameHistory":[{"nameChangeId":1,"name":"Yesterday","date":1582231944298}]},{"id":242,"name":"Natsy","nameHistory":[{"nameChangeId":1,"name":"Natsy","date":1582232086439}]},{"id":243,"name":"Бон","nameHistory":[{"nameChangeId":1,"name":"Бон","date":1582232538204}]},{"id":244,"name":"Физик","nameHistory":[{"nameChangeId":1,"name":"Физик","date":1582479955902}]},{"id":245,"name":"Джульета","nameHistory":[{"nameChangeId":1,"name":"Джульета","date":1582480069060}]},{"id":246,"name":"Валли","nameHistory":[{"nameChangeId":1,"name":"Валли","date":1582480105262}]},{"id":247,"name":"Алиха","nameHistory":[{"nameChangeId":1,"name":"Алиха","date":1582480126755}]},{"id":248,"name":"Муж","nameHistory":[{"nameChangeId":1,"name":"Муж","date":1582480153192}]},{"id":249,"name":"Ноил","nameHistory":[{"nameChangeId":1,"name":"Ноил","date":1582480237782}]},{"id":250,"name":"Раница","nameHistory":[{"nameChangeId":1,"name":"Раница","date":1582480304603}]},{"id":251,"name":"Грета","nameHistory":[{"nameChangeId":1,"name":"Грета","date":1582480330734}]},{"id":252,"name":"Фрайдей","nameHistory":[{"nameChangeId":1,"name":"Фрайдей","date":1582549111064}]},{"id":253,"name":"Алиса(МВ)","nameHistory":[{"nameChangeId":1,"name":"Алиса(МВ)","date":1582562944069}]},{"id":254,"name":"Лайт","nameHistory":[{"nameChangeId":1,"name":"Лайт","date":1582562985836}]},{"id":255,"name":"Nlip(Россия)","nameHistory":[{"nameChangeId":1,"name":"Nlip(Россия)","date":1582971841321}]},{"id":256,"name":"Волга","nameHistory":[{"nameChangeId":1,"name":"Волга","date":1583022981986}]},{"id":257,"name":"Марфик(грузия)","nameHistory":[{"nameChangeId":1,"name":"Марфик(грузия)","date":1583023010850}]},{"id":258,"name":"Элис(грузия)","nameHistory":[{"nameChangeId":1,"name":"Элис(грузия)","date":1583023285567}]},{"id":259,"name":"Виски","nameHistory":[{"nameChangeId":1,"name":"Виски","date":1583876852944}]},{"id":260,"name":"Изольда","nameHistory":[{"nameChangeId":1,"name":"Изольда","date":1583877528933}]},{"id":261,"name":"Король","nameHistory":[{"nameChangeId":1,"name":"Король","date":1584047571002}]},{"id":262,"name":"Гибкий","nameHistory":[{"nameChangeId":1,"name":"Гибкий","date":1584047709539}]},{"id":263,"name":"Диамант","nameHistory":[{"nameChangeId":1,"name":"Диамант","date":1584047931728}]},{"id":264,"name":"Сельмашевский","nameHistory":[{"nameChangeId":1,"name":"Сельмашевский","date":1584048043032}]},{"id":265,"name":"Морган","nameHistory":[{"nameChangeId":1,"name":"Морган","date":1584048078653}]},{"id":266,"name":"Бандит","nameHistory":[{"nameChangeId":1,"name":"Бандит","date":1584048225262}]},{"id":267,"name":"Кубик","nameHistory":[{"nameChangeId":1,"name":"Кубик","date":1584187332203}]},{"id":268,"name":"Ракета","nameHistory":[{"nameChangeId":1,"name":"Ракета","date":1584697843725}]},{"id":269,"name":"Дон","nameHistory":[{"nameChangeId":1,"name":"Дон","date":1584698153591}]},{"id":270,"name":"Билли","nameHistory":[{"nameChangeId":1,"name":"Билли","date":1585174544548}]},{"id":271,"name":"Пэрис","nameHistory":[{"nameChangeId":1,"name":"Пэрис","date":1585478192353}]},{"id":272,"name":"Туристка","nameHistory":[{"nameChangeId":1,"name":"Туристка","date":1599149878970}]},{"id":273,"name":"Артемида","nameHistory":[{"nameChangeId":1,"name":"Артемида","date":1599149957629}]},{"id":274,"name":"Империя","nameHistory":[{"nameChangeId":1,"name":"Империя","date":1599150000808}]},{"id":275,"name":"Мишка","nameHistory":[{"nameChangeId":1,"name":"Мишка","date":1599150445019}]},{"id":276,"name":"Анима","nameHistory":[{"nameChangeId":1,"name":"Анима","date":1599393805979}]},{"id":277,"name":"Dido(Дидо)","nameHistory":[{"nameChangeId":1,"name":"Dido(Дидо)","date":1599393846978}]},{"id":278,"name":"Бухгалтер","nameHistory":[{"nameChangeId":1,"name":"Бухгалтер","date":1599393871956}]},{"id":279,"name":"Прикол","nameHistory":[{"nameChangeId":1,"name":"Прикол","date":1599393906848}]},{"id":280,"name":"Мак-Магон","nameHistory":[{"nameChangeId":1,"name":"Мак-Магон","date":1599393925424}]},{"id":281,"name":"Свободный","nameHistory":[{"nameChangeId":1,"name":"Свободный","date":1599394026527}]},{"id":283,"name":"Ветер","nameHistory":[{"nameChangeId":1,"name":"Ветер","date":1599394125173}]},{"id":284,"name":"Айз","nameHistory":[{"nameChangeId":1,"name":"Айс","date":1599394235756},{"nameChangeId":2,"name":"Айз","date":1601542916238}]},{"id":285,"name":"ББ","nameHistory":[{"nameChangeId":1,"name":"ББ","date":1599394472970}]},{"id":286,"name":"Китана","nameHistory":[{"nameChangeId":1,"name":"Китана","date":1599394523711}]},{"id":287,"name":"Мишель","nameHistory":[{"nameChangeId":1,"name":"Мишель","date":1599394542855}]},{"id":288,"name":"Игра слов","nameHistory":[{"nameChangeId":1,"name":"Игра слов","date":1599394563033}]},{"id":289,"name":"Океан Борща","nameHistory":[{"nameChangeId":1,"name":"Океан Борща","date":1599394920401}]},{"id":290,"name":"Галадриэль","nameHistory":[{"nameChangeId":1,"name":"Галадриэль","date":1599394954800}]},{"id":291,"name":"Левша","nameHistory":[{"nameChangeId":1,"name":"Левша","date":1599395285238}]},{"id":292,"name":"Сергеевна","nameHistory":[{"nameChangeId":1,"name":"Сергеевна","date":1599748982075}]},{"id":293,"name":"Андерсон","nameHistory":[{"nameChangeId":1,"name":"Андерсон","date":1599749078231}]},{"id":294,"name":"Оксимирон","nameHistory":[{"nameChangeId":1,"name":"Оксимирон","date":1599749390009}]},{"id":295,"name":"Белый","nameHistory":[{"nameChangeId":1,"name":"Белый","date":1599920551224}]},{"id":296,"name":"Капеллан","nameHistory":[{"nameChangeId":1,"name":"Капеллан","date":1599920816194}]},{"id":297,"name":"Дайс","nameHistory":[{"nameChangeId":1,"name":"Дайс","date":1600012218327}]},{"id":298,"name":"Ежевика","nameHistory":[{"nameChangeId":1,"name":"Ежевика","date":1600012258825}]},{"id":299,"name":"Рыжик","nameHistory":[{"nameChangeId":1,"name":"Рыжик","date":1600012317703}]},{"id":300,"name":"Леон","nameHistory":[{"nameChangeId":1,"name":"Леон","date":1600012413106}]},{"id":301,"name":"Буся","nameHistory":[{"nameChangeId":1,"name":"Буся","date":1600012451931}]},{"id":302,"name":"Очевидность","nameHistory":[{"nameChangeId":1,"name":"Очевидность","date":1600012546184}]},{"id":303,"name":"Ёрш","nameHistory":[{"nameChangeId":1,"name":"Ёрш","date":1600622826833}]},{"id":304,"name":"Ариша","nameHistory":[{"nameChangeId":1,"name":"Ариша","date":1600622997525}]},{"id":305,"name":"Василек","nameHistory":[{"nameChangeId":1,"name":"Василек","date":1600624346987}]},{"id":306,"name":"Интерактив","nameHistory":[{"nameChangeId":1,"name":"Интерактив","date":1600624393605}]},{"id":307,"name":"Боженька","nameHistory":[{"nameChangeId":1,"name":"Боженька","date":1600624646189}]},{"id":308,"name":"Джо(Joe)","nameHistory":[{"nameChangeId":1,"name":"Джо(Joe)","date":1600921799623}]},{"id":309,"name":"Кукловод","nameHistory":[{"nameChangeId":1,"name":"Кукловод","date":1601207718551}]},{"id":310,"name":"Пандора","nameHistory":[{"nameChangeId":1,"name":"Пандора","date":1601207762007}]},{"id":311,"name":"Бонита","nameHistory":[{"nameChangeId":1,"name":"Бонита","date":1601207846443}]},{"id":312,"name":"Динозавр","nameHistory":[{"nameChangeId":1,"name":"Динозавр","date":1601207880564}]},{"id":313,"name":"Джобс","nameHistory":[{"nameChangeId":1,"name":"Джобс","date":1601208106506}]},{"id":314,"name":"Гитлер","nameHistory":[{"nameChangeId":1,"name":"Гитлер","date":1601208842597}]},{"id":315,"name":"Сталин","nameHistory":[{"nameChangeId":1,"name":"Сталин","date":1601208875674}]},{"id":316,"name":"Июльский","nameHistory":[{"nameChangeId":1,"name":"Июльский","date":1601367752739}]},{"id":317,"name":"Ремеди","nameHistory":[{"nameChangeId":1,"name":"Ремеди","date":1601368259701}]},{"id":318,"name":"Миклашевский","nameHistory":[{"nameChangeId":1,"name":"Миклашевский","date":1601540114320}]},{"id":319,"name":"Alvi (Алви)","nameHistory":[{"nameChangeId":1,"name":"Alvi (Алви)","date":1601540220790}]}]}