{"formatVersion":1,"settings":{"gamesMonth":"2020-12","maxPlayerId":403,"maxGameId":56},"games":[{"id":1,"date":"2020-12-02","players":[12,37,59,60,284,294,246,69,19,330],"don":4,"maf1":1,"maf2":7,"sherif":9,"firstKilled":3,"firstKilledGuessPoints":0.25,"cityWin":false},{"id":2,"date":"2020-12-02","players":[294,19,37,35,382,12,60,330,59,246],"don":6,"maf1":5,"maf2":9,"sherif":1,"firstKilled":null,"firstKilledGuessPoints":null,"cityWin":false},{"id":3,"date":"2020-12-02","players":[19,330,382,12,59,21,35,284,60,246],"don":0,"maf1":3,"maf2":6,"sherif":5,"firstKilled":8,"firstKilledGuessPoints":null,"cityWin":false},{"id":4,"date":"2020-12-02","players":[284,35,330,151,322,246,250,382,86,21],"don":0,"maf1":5,"maf2":9,"sherif":7,"firstKilled":7,"firstKilledGuessPoints":0,"cityWin":false},{"id":5,"date":"2020-12-02","players":[330,322,21,246,382,86,35,284,250,151],"don":4,"maf1":0,"maf2":2,"sherif":8,"firstKilled":9,"firstKilledGuessPoints":0,"cityWin":true},{"id":6,"date":"2020-12-07","players":[31,332,16,254,143,268,28,68,382,253],"don":6,"maf1":5,"maf2":9,"sherif":4,"cityWin":true,"firstKilledGuessPoints":0,"firstKilled":0},{"id":7,"date":"2020-12-07","players":[254,253,62,28,268,16,295,143,382,332],"don":0,"maf1":2,"maf2":5,"sherif":7,"firstKilled":6,"firstKilledGuessPoints":0,"cityWin":false},{"id":8,"date":"2020-12-07","players":[332,254,28,16,382,69,295,268,62,143],"don":7,"maf1":0,"maf2":6,"sherif":8,"firstKilled":null,"firstKilledGuessPoints":null,"cityWin":true},{"id":9,"date":"2020-12-07","players":[28,332,31,253,143,268,69,16,382,254],"don":3,"maf1":7,"maf2":8,"sherif":6,"firstKilled":1,"firstKilledGuessPoints":0,"cityWin":false},{"id":10,"date":"2020-12-10","players":[143,330,2,378,338,60,382,305,354,3],"don":3,"maf1":4,"maf2":5,"sherif":9,"cityWin":false,"firstKilled":9,"firstKilledGuessPoints":0},{"id":11,"date":"2020-12-10","players":[59,37,36,268,62,143,19,60,378,330],"don":5,"maf1":6,"maf2":8,"sherif":0,"firstKilled":2,"firstKilledGuessPoints":0.25,"cityWin":true},{"id":12,"date":"2020-12-10","players":[36,382,19,3,378,253,2,59,7,354],"don":5,"maf1":0,"maf2":3,"sherif":4,"firstKilled":7,"firstKilledGuessPoints":0,"cityWin":true},{"id":13,"date":"2020-12-10","players":[330,354,338,143,60,382,3,378,36,253],"don":6,"maf1":4,"maf2":7,"sherif":3,"firstKilled":2,"firstKilledGuessPoints":0.25,"cityWin":false},{"id":14,"date":"2020-12-10","players":[268,7,59,338,330,36,60,143,37,19],"don":4,"maf1":6,"maf2":7,"sherif":0,"firstKilled":9,"firstKilledGuessPoints":0,"cityWin":true},{"id":15,"date":"2020-12-14","players":[332,268,254,368,69,330,4,7,354,68],"don":0,"maf1":6,"maf2":8,"sherif":9,"cityWin":false,"firstKilled":1,"firstKilledGuessPoints":0},{"id":16,"date":"2020-12-15","players":[7,368,354,294,268,4,330,68,332,254],"don":7,"maf1":0,"maf2":2,"sherif":9,"firstKilled":8,"firstKilledGuessPoints":0,"cityWin":true},{"id":17,"date":"2020-12-15","players":[294,69,68,4,7,332,254,268,368,330],"don":5,"maf1":6,"maf2":9,"sherif":7,"firstKilled":null,"firstKilledGuessPoints":null,"cityWin":false},{"id":18,"date":"2020-12-16","players":[59,268,5,4,60,330,378,382,143,31],"don":7,"maf1":3,"maf2":4,"sherif":5,"cityWin":false,"firstKilled":0,"firstKilledGuessPoints":0.25},{"id":19,"date":"2020-12-16","players":[268,143,12,378,59,5,338,4,60,330],"don":7,"maf1":0,"maf2":3,"sherif":6,"firstKilled":1,"firstKilledGuessPoints":0,"cityWin":false},{"id":20,"date":"2020-12-16","players":[12,382,86,31,378,268,60,143,59,98],"don":2,"maf1":5,"maf2":6,"sherif":9,"firstKilled":null,"firstKilledGuessPoints":null,"cityWin":true},{"id":21,"date":"2020-12-16","players":[294,330,60,382,176,98,5,31,86,338],"don":7,"maf1":8,"maf2":9,"sherif":1,"firstKilled":2,"firstKilledGuessPoints":0,"cityWin":false},{"id":22,"date":"2020-12-16","players":[98,338,5,143,86,12,378,60,294,59],"don":6,"maf1":0,"maf2":1,"sherif":4,"firstKilled":4,"firstKilledGuessPoints":0.25,"cityWin":false},{"id":23,"date":"2020-12-21","players":[370,332,7,71,268,36,60,330,68,369],"don":6,"maf1":2,"maf2":8,"sherif":7,"cityWin":false,"firstKilled":0,"firstKilledGuessPoints":0},{"id":24,"date":"2020-12-21","players":[330,332,68,370,268,7,369,294,36,60],"don":2,"maf1":3,"maf2":6,"sherif":1,"firstKilled":5,"firstKilledGuessPoints":0,"cityWin":true},{"id":25,"date":"2020-12-21","players":[369,60,294,268,370,330,68,7,36,332],"don":6,"maf1":0,"maf2":7,"sherif":2,"firstKilled":1,"firstKilledGuessPoints":0,"cityWin":false},{"id":26,"date":"2020-12-21","players":[370,330,369,268,7,68,60,36,70,332],"don":7,"maf1":4,"maf2":6,"sherif":0,"firstKilled":8,"firstKilledGuessPoints":0,"cityWin":false},{"id":27,"date":"2020-12-21","players":[59,7,70,60,330,36,370,369,68,332],"don":6,"maf1":4,"maf2":5,"sherif":9,"firstKilled":8,"firstKilledGuessPoints":0.25,"cityWin":true},{"id":28,"date":"2020-12-23","players":[354,294,59,370,378,36,330,19,31,12],"don":1,"maf1":2,"maf2":8,"sherif":9,"cityWin":false,"firstKilled":6,"firstKilledGuessPoints":0},{"id":29,"date":"2020-12-23","players":[31,19,330,12,370,378,354,382,59,36],"don":5,"maf1":1,"maf2":8,"sherif":9,"firstKilled":2,"firstKilledGuessPoints":0,"cityWin":false},{"id":30,"date":"2020-12-23","players":[59,19,69,378,12,382,354,370,352,330],"don":5,"maf1":0,"maf2":8,"sherif":9,"firstKilled":null,"firstKilledGuessPoints":null,"cityWin":false},{"id":31,"date":"2020-12-23","players":[330,36,382,370,294,12,378,354,31,5],"don":0,"maf1":4,"maf2":6,"sherif":7,"firstKilled":8,"firstKilledGuessPoints":0,"cityWin":true},{"id":32,"date":"2020-12-28","players":[369,284,268,370,19,70,368,354,105,330],"don":4,"maf1":1,"maf2":5,"sherif":0,"cityWin":true,"firstKilled":8,"firstKilledGuessPoints":0.25},{"id":33,"date":"2020-12-28","players":[12,354,369,105,284,19,394,330,370,368],"don":3,"maf1":1,"maf2":6,"sherif":7,"firstKilled":5,"firstKilledGuessPoints":0,"cityWin":false},{"id":34,"date":"2020-12-28","players":[105,19,394,69,369,70,354,370,284,330],"don":0,"maf1":2,"maf2":5,"sherif":3,"firstKilled":1,"firstKilledGuessPoints":0,"cityWin":true},{"id":35,"date":"2020-12-28","players":[370,70,330,368,12,105,268,19,369,354],"don":3,"maf1":8,"maf2":9,"sherif":0,"firstKilled":0,"firstKilledGuessPoints":0.25,"cityWin":false},{"id":36,"date":"2021-01-13","players":[5,19,11,118,330,21,31,105,320,12],"don":4,"maf1":3,"maf2":5,"sherif":8,"cityWin":false,"firstKilled":9,"firstKilledGuessPoints":0.25},{"id":37,"date":"2021-01-13","players":[354,3,5,268,19,34,12,320,118,330],"don":7,"maf1":0,"maf2":5,"sherif":1,"firstKilled":9,"firstKilledGuessPoints":0,"cityWin":false},{"id":38,"date":"2021-01-13","players":[330,5,19,34,118,12,320,31,11,21],"don":0,"maf1":3,"maf2":8,"sherif":5,"firstKilled":6,"firstKilledGuessPoints":0,"cityWin":false},{"id":39,"date":"2021-01-13","players":[105,330,3,11,118,320,2,5,19,34],"don":0,"maf1":3,"maf2":9,"sherif":2,"firstKilled":6,"firstKilledGuessPoints":0.25,"cityWin":false},{"id":40,"date":"2021-01-13","players":[40,2,12,118,105,354,4,34,3,171],"don":2,"maf1":1,"maf2":7,"sherif":8,"firstKilled":null,"firstKilledGuessPoints":null,"cityWin":false},{"id":41,"date":"2021-01-13","players":[4,5,330,34,40,105,268,19,320,2],"don":1,"maf1":4,"maf2":5,"sherif":0,"firstKilled":3,"firstKilledGuessPoints":0.25,"cityWin":false},{"id":42,"date":"2021-01-18","players":[382,19,354,62,352,330,12,370,143,368],"don":1,"maf1":6,"maf2":7,"sherif":8,"cityWin":false,"firstKilled":3,"firstKilledGuessPoints":0.25},{"id":43,"date":"2021-01-18","players":[382,368,330,19,370,68,12,86,31,294],"don":3,"maf1":1,"maf2":8,"sherif":4,"firstKilled":null,"firstKilledGuessPoints":null,"cityWin":false},{"id":44,"date":"2021-01-18","players":[31,382,12,19,4,370,368,143,86,68],"don":8,"maf1":4,"maf2":7,"sherif":5,"firstKilled":null,"firstKilledGuessPoints":null,"cityWin":false},{"id":45,"date":"2021-01-18","players":[86,382,370,368,12,354,19,143,330,68],"don":5,"maf1":0,"maf2":4,"sherif":6,"firstKilled":null,"firstKilledGuessPoints":null,"cityWin":true},{"id":46,"date":"2021-01-18","players":[294,143,68,330,19,31,368,382,86,370],"don":5,"maf1":1,"maf2":3,"sherif":0,"firstKilled":2,"firstKilledGuessPoints":0,"cityWin":false},{"id":47,"date":"2021-01-25","players":[370,284,19,338,382,354,69,254,395,4],"don":4,"maf1":5,"maf2":8,"sherif":9,"cityWin":true,"firstKilled":3,"firstKilledGuessPoints":0},{"id":48,"date":"2021-01-25","players":[354,395,370,4,123,19,143,254,338,284],"don":3,"maf1":0,"maf2":1,"sherif":4,"firstKilled":9,"firstKilledGuessPoints":0,"cityWin":true},{"id":49,"date":"2021-01-25","players":[338,19,254,370,396,382,31,123,143,68],"don":6,"maf1":2,"maf2":7,"sherif":5,"firstKilled":4,"firstKilledGuessPoints":0,"cityWin":false},{"id":50,"date":"2021-01-25","players":[4,382,31,143,284,396,395,338,19,370],"don":1,"maf1":7,"maf2":9,"sherif":5,"firstKilled":null,"firstKilledGuessPoints":null,"cityWin":false},{"id":51,"date":"2021-01-25","players":[284,370,143,382,31,19,396,395,4,68],"don":6,"maf1":1,"maf2":3,"sherif":8,"firstKilled":5,"firstKilledGuessPoints":0,"cityWin":true},{"id":52,"date":"2021-01-27","players":[68,397,398,396,382,399,400,31,401,4],"don":4,"maf1":3,"maf2":5,"sherif":1,"cityWin":true,"firstKilled":8,"firstKilledGuessPoints":0},{"id":53,"date":"2021-01-27","players":[4,370,402,43,397,400,382,401,284,105],"don":2,"maf1":4,"maf2":6,"sherif":7,"firstKilled":3,"firstKilledGuessPoints":0,"cityWin":false},{"id":54,"date":"2021-01-27","players":[284,4,31,402,105,398,397,399,396,370],"don":3,"maf1":7,"maf2":8,"sherif":2,"firstKilled":null,"firstKilledGuessPoints":null,"cityWin":true},{"id":55,"date":"2021-01-27","players":[400,399,396,37,403,401,284,43,382,31],"don":6,"maf1":5,"maf2":8,"sherif":9,"firstKilled":0,"firstKilledGuessPoints":0,"cityWin":false},{"id":56,"date":"2021-01-27","players":[401,4,370,382,398,399,31,402,397,284],"don":0,"maf1":1,"maf2":2,"sherif":6,"firstKilled":8,"firstKilledGuessPoints":0,"cityWin":false}],"players":[{"id":60,"name":"Язва","nameHistory":[{"nameChangeId":1,"name":"Язва","date":1576220388177}]},{"id":41,"name":"Эми","nameHistory":[{"nameChangeId":1,"name":"Эми","date":1575894227951}]},{"id":127,"name":"Элла","nameHistory":[{"nameChangeId":1,"name":"Элла","date":1577427908480}]},{"id":128,"name":"Эликсир","nameHistory":[{"nameChangeId":1,"name":"Эликсир","date":1577427977224}]},{"id":65,"name":"Шип","nameHistory":[{"nameChangeId":1,"name":"Шип","date":1576221571246}]},{"id":131,"name":"ЧС","nameHistory":[{"nameChangeId":1,"name":"ЧС","date":1577614262851}]},{"id":117,"name":"Чешир","nameHistory":[{"nameChangeId":1,"name":"Чешир","date":1577168548818}]},{"id":138,"name":"Черника","nameHistory":[{"nameChangeId":1,"name":"Черника","date":1577960528531}]},{"id":30,"name":"Чен","nameHistory":[{"nameChangeId":1,"name":"Чен","date":1575554660015}]},{"id":10,"name":"Хусейн","nameHistory":[{"nameChangeId":1,"name":"Хусейн","date":1574854958509}]},{"id":71,"name":"Холод","nameHistory":[{"nameChangeId":1,"name":"холод","date":1576222264341},{"nameChangeId":2,"name":"Холод","date":1576222295704}]},{"id":4,"name":"Харви","nameHistory":[{"nameChangeId":1,"name":"Харви","date":1574854902750}]},{"id":53,"name":"ФурсДари","nameHistory":[{"nameChangeId":1,"name":"ФурсДари","date":1576219818564}]},{"id":119,"name":"Флоренция","nameHistory":[{"nameChangeId":1,"name":"Флоренция","date":1577168792183}]},{"id":84,"name":"Фирдэй","nameHistory":[{"nameChangeId":1,"name":"Фирдэй","date":1576741055319}]},{"id":21,"name":"Финч","nameHistory":[{"nameChangeId":1,"name":"Финч","date":1575553623456}]},{"id":26,"name":"Фил","nameHistory":[{"nameChangeId":1,"name":"Фил","date":1575554135761}]},{"id":25,"name":"Феликс","nameHistory":[{"nameChangeId":1,"name":"Феликс","date":1575554086491}]},{"id":136,"name":"Улыбакинсон","nameHistory":[{"nameChangeId":1,"name":"Улыбакинсон","date":1577960105347}]},{"id":137,"name":"Улитка","nameHistory":[{"nameChangeId":1,"name":"Улитко","date":1577960128195},{"nameChangeId":2,"name":"Улитка","date":1602416119130}]},{"id":48,"name":"Токио","nameHistory":[{"nameChangeId":1,"name":"Токио","date":1575895398095}]},{"id":24,"name":"Тобер","nameHistory":[{"nameChangeId":1,"name":"Тобер","date":1575554051238}]},{"id":73,"name":"Тихий","nameHistory":[{"nameChangeId":1,"name":"Тихий","date":1576223977179}]},{"id":52,"name":"Тимур","nameHistory":[{"nameChangeId":1,"name":"Тимур","date":1576219808931}]},{"id":61,"name":"Тенерифе","nameHistory":[{"nameChangeId":1,"name":"Тенерифе","date":1576220402583}]},{"id":140,"name":"Тайгер","nameHistory":[{"nameChangeId":1,"name":"Тайгер","date":1577961549834}]},{"id":23,"name":"Сумман","nameHistory":[{"nameChangeId":1,"name":"Сумман","date":1575553655374}]},{"id":77,"name":"Странник","nameHistory":[{"nameChangeId":1,"name":"Странник","date":1576739899124}]},{"id":31,"name":"Созерцающий","nameHistory":[{"nameChangeId":1,"name":"Созерцающий","date":1575554677216}]},{"id":16,"name":"Совесть","nameHistory":[{"nameChangeId":1,"name":"Совесть","date":1574858425406}]},{"id":94,"name":"Снайпер","nameHistory":[{"nameChangeId":1,"name":"Снайпер","date":1576741666121}]},{"id":36,"name":"Славик","nameHistory":[{"nameChangeId":1,"name":"Славик","date":1575555316020}]},{"id":134,"name":"Скарлет","nameHistory":[{"nameChangeId":1,"name":"Скарлет","date":1577614665384}]},{"id":19,"name":"Симба","nameHistory":[{"nameChangeId":1,"name":"Симба","date":1575552410977}]},{"id":18,"name":"Светлячок","nameHistory":[{"nameChangeId":1,"name":"Светлячок","date":1575552379194}]},{"id":14,"name":"Сантос","nameHistory":[{"nameChangeId":2,"name":"Игрок2","date":1574858545568},{"nameChangeId":1,"name":"Пила","date":1574858364739},{"nameChangeId":3,"name":"Сантос","date":1576221811650}]},{"id":109,"name":"Санта","nameHistory":[{"nameChangeId":1,"name":"Санта","date":1577167031354}]},{"id":29,"name":"Самбука","nameHistory":[{"nameChangeId":1,"name":"Самбука","date":1575554616209}]},{"id":3,"name":"Самаритянка","nameHistory":[{"nameChangeId":1,"name":"Самаритянка","date":1574854890790}]},{"id":56,"name":"Самаритянин","nameHistory":[{"nameChangeId":1,"name":"Самаритянин","date":1576219852081}]},{"id":135,"name":"Рыжая","nameHistory":[{"nameChangeId":1,"name":"Рыжая","date":1577614800021}]},{"id":13,"name":"Рокфеллер","nameHistory":[{"nameChangeId":1,"name":"Рокфеллер","date":1574854973684}]},{"id":11,"name":"Роза","nameHistory":[{"nameChangeId":1,"name":"Роза","date":1574854963697}]},{"id":112,"name":"Ричард","nameHistory":[{"nameChangeId":1,"name":"Ричард","date":1577167100354}]},{"id":81,"name":"Рич","nameHistory":[{"nameChangeId":1,"name":"Рич","date":1576740458521}]},{"id":58,"name":"Раб","nameHistory":[{"nameChangeId":1,"name":"Раб","date":1576220334915}]},{"id":32,"name":"Проповедник","nameHistory":[{"nameChangeId":1,"name":"Проповедник","date":1575554868974}]},{"id":124,"name":"Правда","nameHistory":[{"nameChangeId":1,"name":"Правда","date":1577427444106}]},{"id":55,"name":"Пончик (Муж)","nameHistory":[{"nameChangeId":1,"name":"Пончик (Муж)","date":1576219831097}]},{"id":123,"name":"Пончик (Жен)","nameHistory":[{"nameChangeId":1,"name":"Пончик (жен)","date":1577169940128},{"nameChangeId":2,"name":"Пончик (Жен)","date":1577169974409}]},{"id":126,"name":"Польза","nameHistory":[{"nameChangeId":1,"name":"Польза","date":1577427636444}]},{"id":95,"name":"Плуто","nameHistory":[{"nameChangeId":1,"name":"Плуто","date":1576742327896}]},{"id":44,"name":"Пиф","nameHistory":[{"nameChangeId":1,"name":"Пиф","date":1575894247029}]},{"id":5,"name":"Пила","nameHistory":[{"nameChangeId":1,"name":"Пила","date":1574854908282}]},{"id":141,"name":"Пегас","nameHistory":[{"nameChangeId":1,"name":"Пегас","date":1577961822178}]},{"id":74,"name":"Пантера","nameHistory":[{"nameChangeId":1,"name":"Пантера","date":1576739649817}]},{"id":86,"name":"Панда из Руанды","nameHistory":[{"nameChangeId":1,"name":"Панда из Руанды","date":1576741107634}]},{"id":51,"name":"Опер","nameHistory":[{"nameChangeId":1,"name":"Опер","date":1575896786612}]},{"id":91,"name":"Окси","nameHistory":[{"nameChangeId":1,"name":"Окси","date":1576741448033}]},{"id":66,"name":"Ника","nameHistory":[{"nameChangeId":1,"name":"Ника","date":1576221592395}]},{"id":62,"name":"Немо","nameHistory":[{"nameChangeId":1,"name":"Немо","date":1576221222979}]},{"id":47,"name":"Невидимка","nameHistory":[{"nameChangeId":1,"name":"Невидимка","date":1575895384781}]},{"id":130,"name":"Ната","nameHistory":[{"nameChangeId":1,"name":"Ната","date":1577614249296}]},{"id":22,"name":"Наркоманка","nameHistory":[{"nameChangeId":1,"name":"Наркоманка","date":1575553651154}]},{"id":63,"name":"Молочко","nameHistory":[{"nameChangeId":1,"name":"Молочко","date":1576221469040}]},{"id":106,"name":"Могу Долго","nameHistory":[{"nameChangeId":1,"name":"Могу Долго","date":1576745456562}]},{"id":78,"name":"Мишок","nameHistory":[{"nameChangeId":1,"name":"Мишок","date":1576739915984}]},{"id":75,"name":"Мироманка","nameHistory":[{"nameChangeId":1,"name":"Мироманка","date":1576739710334}]},{"id":68,"name":"Миледи","nameHistory":[{"nameChangeId":1,"name":"Миледи","date":1576222197717}]},{"id":118,"name":"Медведь","nameHistory":[{"nameChangeId":1,"name":"Медведь","date":1577168738086}]},{"id":6,"name":"Матильда","nameHistory":[{"nameChangeId":1,"name":"Матильда","date":1574854921746}]},{"id":8,"name":"Масяня","nameHistory":[{"nameChangeId":1,"name":"Масяня","date":1574854937901}]},{"id":50,"name":"Марк","nameHistory":[{"nameChangeId":1,"name":"Марк","date":1575896658238}]},{"id":38,"name":"Мариан","nameHistory":[{"nameChangeId":1,"name":"Мариан","date":1575555547289}]},{"id":115,"name":"Маракуйя","nameHistory":[{"nameChangeId":1,"name":"Маракуйя","date":1577167377925}]},{"id":12,"name":"Мао","nameHistory":[{"nameChangeId":1,"name":"Мао","date":1574854967322}]},{"id":122,"name":"Максим Занят","nameHistory":[{"nameChangeId":1,"name":"Максим Занят","date":1577169705847}]},{"id":99,"name":"Магистр","nameHistory":[{"nameChangeId":1,"name":"Магистр","date":1576743148260}]},{"id":33,"name":"Маг","nameHistory":[{"nameChangeId":1,"name":"Маг","date":1575554982450}]},{"id":34,"name":"Маваши","nameHistory":[{"nameChangeId":1,"name":"Маваши","date":1575555286390}]},{"id":57,"name":"М (Эм)","nameHistory":[{"nameChangeId":1,"name":"М (Эм)","date":1576220000144}]},{"id":116,"name":"Лулу","nameHistory":[{"nameChangeId":1,"name":"Лулу","date":1577167590333}]},{"id":42,"name":"Лобода","nameHistory":[{"nameChangeId":1,"name":"Лобода","date":1575894236618}]},{"id":132,"name":"Леся","nameHistory":[{"nameChangeId":1,"name":"Леся","date":1577614278503}]},{"id":111,"name":"Леонардо","nameHistory":[{"nameChangeId":1,"name":"Леонардо","date":1577167074516}]},{"id":85,"name":"Ленивец","nameHistory":[{"nameChangeId":1,"name":"Ленивец","date":1576741084984}]},{"id":15,"name":"Лелик","nameHistory":[{"nameChangeId":1,"name":"Лелик","date":1574858421278}]},{"id":104,"name":"Лекса","nameHistory":[{"nameChangeId":1,"name":"Лекса","date":1576744437078}]},{"id":90,"name":"Лаки","nameHistory":[{"nameChangeId":1,"name":"Лаки","date":1576741443366}]},{"id":7,"name":"Кью","nameHistory":[{"nameChangeId":1,"name":"Кью","date":1574854931272}]},{"id":27,"name":"Крот","nameHistory":[{"nameChangeId":1,"name":"Фини","date":1575554146639},{"nameChangeId":2,"name":"Крот","date":1575554610912}]},{"id":46,"name":"Крокодил","nameHistory":[{"nameChangeId":1,"name":"Крокодил","date":1575895325357}]},{"id":88,"name":"Кри","nameHistory":[{"nameChangeId":1,"name":"Кри","date":1576741400482}]},{"id":49,"name":"Красный Игрок","nameHistory":[{"nameChangeId":1,"name":"Красный Игрок","date":1575895881809}]},{"id":108,"name":"Колибри","nameHistory":[{"nameChangeId":1,"name":"Колибри","date":1577167013804}]},{"id":70,"name":"Клон","nameHistory":[{"nameChangeId":1,"name":"клон","date":1576222257733},{"nameChangeId":2,"name":"Клон","date":1576222289603}]},{"id":107,"name":"Картман","nameHistory":[{"nameChangeId":1,"name":"Картман","date":1577083141372}]},{"id":17,"name":"Карабас","nameHistory":[{"nameChangeId":1,"name":"Масяня","date":1574858447674},{"nameChangeId":2,"name":"Игрок1","date":1574858525309},{"nameChangeId":3,"name":"Карабас","date":1576741378984}]},{"id":125,"name":"Изи-Бризи","nameHistory":[{"nameChangeId":1,"name":"Изи-Бризи","date":1577427491475}]},{"id":139,"name":"Зик","nameHistory":[{"nameChangeId":1,"name":"Зик","date":1577961327220}]},{"id":35,"name":"Забей","nameHistory":[{"nameChangeId":1,"name":"Забей","date":1575555301037}]},{"id":69,"name":"Жена","nameHistory":[{"nameChangeId":1,"name":"Жена","date":1576222226970}]},{"id":105,"name":"Есаул","nameHistory":[{"nameChangeId":1,"name":"Есаул","date":1576745138086}]},{"id":82,"name":"Енот","nameHistory":[{"nameChangeId":1,"name":"Енот","date":1576740984768}]},{"id":92,"name":"Елка","nameHistory":[{"nameChangeId":1,"name":"Елка","date":1576741466798}]},{"id":100,"name":"Ева","nameHistory":[{"nameChangeId":1,"name":"Ева","date":1576744178264}]},{"id":72,"name":"Друг","nameHistory":[{"nameChangeId":1,"name":"Друг","date":1576223844564}]},{"id":133,"name":"Джонс","nameHistory":[{"nameChangeId":1,"name":"Джонс","date":1577614304068}]},{"id":89,"name":"Джексон","nameHistory":[{"nameChangeId":1,"name":"Джексон","date":1576741422931}]},{"id":101,"name":"Джек","nameHistory":[{"nameChangeId":1,"name":"Джек","date":1576744219201}]},{"id":40,"name":"Граф","nameHistory":[{"nameChangeId":1,"name":"Граф","date":1575555655534}]},{"id":59,"name":"Гонсалес","nameHistory":[{"nameChangeId":1,"name":"Гонсалес","date":1576220356981}]},{"id":110,"name":"Гольф","nameHistory":[{"nameChangeId":1,"name":"Гольф","date":1577167054573}]},{"id":20,"name":"Гоги","nameHistory":[{"nameChangeId":1,"name":"Гоги","date":1575552429743}]},{"id":54,"name":"Гитлерок","nameHistory":[{"nameChangeId":1,"name":"Гитлерок","date":1576219824428}]},{"id":113,"name":"Гиннес","nameHistory":[{"nameChangeId":1,"name":"Гиннес","date":1577167179849}]},{"id":98,"name":"Гидра","nameHistory":[{"nameChangeId":1,"name":"Гидра","date":1576743130683}]},{"id":120,"name":"Гермиона","nameHistory":[{"nameChangeId":1,"name":"Гермиона","date":1577169475938}]},{"id":2,"name":"Гермес","nameHistory":[{"nameChangeId":1,"name":"Гермес","date":1574854880179}]},{"id":96,"name":"Вульф","nameHistory":[{"nameChangeId":1,"name":"Вульф","date":1576742374822}]},{"id":102,"name":"Ву","nameHistory":[{"nameChangeId":1,"name":"Ву","date":1576744277733}]},{"id":79,"name":"Вита","nameHistory":[{"nameChangeId":1,"name":"Вита","date":1576739919631}]},{"id":129,"name":"Винч","nameHistory":[{"nameChangeId":1,"name":"Винч","date":1577614142916}]},{"id":67,"name":"Вильгельм","nameHistory":[{"nameChangeId":1,"name":"Вильгельм","date":1576222171961}]},{"id":39,"name":"Вертинский","nameHistory":[{"nameChangeId":1,"name":"Вертинский","date":1575555606043}]},{"id":45,"name":"ВВ","nameHistory":[{"nameChangeId":1,"name":"ВВ","date":1575895320220}]},{"id":76,"name":"Бугай","nameHistory":[{"nameChangeId":1,"name":"Бугай","date":1576739725064}]},{"id":9,"name":"Ботичелли","nameHistory":[{"nameChangeId":1,"name":"Ботичелли","date":1574854945966}]},{"id":121,"name":"Боб","nameHistory":[{"nameChangeId":1,"name":"Боб","date":1577169686290},{"nameChangeId":2,"name":"Максим Занят","date":1577169691463},{"nameChangeId":3,"name":"Боб","date":1577169698904}]},{"id":1,"name":"Бернинг","nameHistory":[{"nameChangeId":1,"name":"Бернинг","date":1574854870530}]},{"id":114,"name":"Белла","nameHistory":[{"nameChangeId":1,"name":"Белла","date":1577167275994}]},{"id":28,"name":"Баламут","nameHistory":[{"nameChangeId":1,"name":"Баламут","date":1575554600158}]},{"id":93,"name":"База","nameHistory":[{"nameChangeId":1,"name":"База","date":1576741485477}]},{"id":64,"name":"Аш","nameHistory":[{"nameChangeId":1,"name":"Аш","date":1576221491746}]},{"id":37,"name":"Аспин","nameHistory":[{"nameChangeId":1,"name":"Аспин","date":1575555342259}]},{"id":103,"name":"Антоновка","nameHistory":[{"nameChangeId":1,"name":"Антоновка","date":1576744299211}]},{"id":83,"name":"Антон","nameHistory":[{"nameChangeId":1,"name":"Антон","date":1576741007317}]},{"id":80,"name":"Айвори","nameHistory":[{"nameChangeId":1,"name":"Айвери","date":1576740433618},{"nameChangeId":2,"name":"Айвори","date":1576741499498}]},{"id":97,"name":"Агроном","nameHistory":[{"nameChangeId":1,"name":"Агроном","date":1576742839396}]},{"id":43,"name":"А1","nameHistory":[{"nameChangeId":1,"name":"А1","date":1575894242866}]},{"id":142,"name":"Марго","nameHistory":[{"nameChangeId":1,"name":"Марго","date":1578607922658}]},{"id":143,"name":"Фиалка","nameHistory":[{"nameChangeId":1,"name":"Фиалка","date":1578609588996}]},{"id":144,"name":"Бамблби","nameHistory":[{"nameChangeId":1,"name":"Бамблби","date":1578610021774}]},{"id":145,"name":"Руфер","nameHistory":[{"nameChangeId":1,"name":"Руфер","date":1578610690721}]},{"id":146,"name":"Лютик","nameHistory":[{"nameChangeId":1,"name":"Лютик","date":1578670345021}]},{"id":147,"name":"Маркус","nameHistory":[{"nameChangeId":1,"name":"Маркус","date":1578670704049}]},{"id":148,"name":"Эдж","nameHistory":[{"nameChangeId":1,"name":"Эдж","date":1578670734188}]},{"id":149,"name":"Мария","nameHistory":[{"nameChangeId":1,"name":"Мария","date":1578670765354}]},{"id":150,"name":"Вад","nameHistory":[{"nameChangeId":1,"name":"Вад","date":1578670888326}]},{"id":151,"name":"Зэт(Z)","nameHistory":[{"nameChangeId":1,"name":"Зэт(Z)","date":1578672007650}]},{"id":152,"name":"Дион Доу","nameHistory":[{"nameChangeId":1,"name":"Дион Доу","date":1578672562158}]},{"id":153,"name":"Лоя","nameHistory":[{"nameChangeId":1,"name":"Лоя","date":1578673749840}]},{"id":155,"name":"Нагинц","nameHistory":[{"nameChangeId":1,"name":"Нагинц","date":1578673828749}]},{"id":156,"name":"Чак Норрис","nameHistory":[{"nameChangeId":1,"name":"Чак Норрис","date":1578760230906}]},{"id":157,"name":"Алиса (молодечно)","nameHistory":[{"nameChangeId":1,"name":"Алиса (молодечно)","date":1578760894693}]},{"id":158,"name":"Лиса","nameHistory":[{"nameChangeId":1,"name":"Лиса","date":1578760919336}]},{"id":159,"name":"Грин","nameHistory":[{"nameChangeId":1,"name":"Грин","date":1578761034721}]},{"id":160,"name":"Штык","nameHistory":[{"nameChangeId":1,"name":"Штык","date":1578761056771}]},{"id":161,"name":"Башмак","nameHistory":[{"nameChangeId":1,"name":"Башмак","date":1578761219323}]},{"id":162,"name":"Арис","nameHistory":[{"nameChangeId":1,"name":"Арис","date":1578761587112}]},{"id":163,"name":"Жаклин","nameHistory":[{"nameChangeId":1,"name":"Жаклин","date":1578762288126}]},{"id":164,"name":"Виолетта","nameHistory":[{"nameChangeId":1,"name":"Виолетта","date":1578762318414}]},{"id":165,"name":"Доходяга","nameHistory":[{"nameChangeId":1,"name":"Доходяга","date":1578762346827}]},{"id":166,"name":"Забар","nameHistory":[{"nameChangeId":1,"name":"Забар","date":1578762390455}]},{"id":167,"name":"Смайл","nameHistory":[{"nameChangeId":1,"name":"Смайл","date":1578789865383}]},{"id":168,"name":"Фокс","nameHistory":[{"nameChangeId":1,"name":"Фокс","date":1578789920790}]},{"id":169,"name":"Август","nameHistory":[{"nameChangeId":1,"name":"Август","date":1578790521188}]},{"id":170,"name":"Номерок","nameHistory":[{"nameChangeId":1,"name":"Номерок","date":1578790577603}]},{"id":171,"name":"Чепух (варшава)","nameHistory":[{"nameChangeId":1,"name":"Чепух (варшава)","date":1578790821767}]},{"id":172,"name":"Хан","nameHistory":[{"nameChangeId":1,"name":"Хан","date":1578790996647}]},{"id":174,"name":"Савитар","nameHistory":[{"nameChangeId":1,"name":"Савитар","date":1578791262505}]},{"id":175,"name":"Кармилитка","nameHistory":[{"nameChangeId":1,"name":"Кармилитка","date":1578791413546}]},{"id":176,"name":"Барни Блудница","nameHistory":[{"nameChangeId":1,"name":"Барни Блудница","date":1578791458044}]},{"id":177,"name":"Ронни","nameHistory":[{"nameChangeId":1,"name":"Ронни","date":1579204151756}]},{"id":178,"name":"Йода","nameHistory":[{"nameChangeId":1,"name":"Йода","date":1579206714901}]},{"id":179,"name":"Анжела","nameHistory":[{"nameChangeId":1,"name":"Анжела","date":1579206911005}]},{"id":180,"name":"Наполеон","nameHistory":[{"nameChangeId":1,"name":"Наполеон","date":1579365786443}]},{"id":181,"name":"Коледжио","nameHistory":[{"nameChangeId":1,"name":"Коледжио","date":1579365864910}]},{"id":182,"name":"31","nameHistory":[{"nameChangeId":1,"name":"31","date":1579365899479}]},{"id":183,"name":"Нарк","nameHistory":[{"nameChangeId":1,"name":"Нарк","date":1579366685321}]},{"id":184,"name":"Львенок","nameHistory":[{"nameChangeId":1,"name":"Львенок","date":1579366705940}]},{"id":185,"name":"Микки","nameHistory":[{"nameChangeId":1,"name":"Микки","date":1579366736810}]},{"id":186,"name":"Кей","nameHistory":[{"nameChangeId":1,"name":"Кей","date":1579366760866}]},{"id":187,"name":"Сова","nameHistory":[{"nameChangeId":1,"name":"Сова","date":1579366782934}]},{"id":188,"name":"Диспер","nameHistory":[{"nameChangeId":1,"name":"Диспер","date":1579366818455}]},{"id":189,"name":"Тур","nameHistory":[{"nameChangeId":1,"name":"Тур","date":1579367269611}]},{"id":190,"name":"Талок","nameHistory":[{"nameChangeId":1,"name":"Талок","date":1579367902569}]},{"id":191,"name":"Вий","nameHistory":[{"nameChangeId":1,"name":"Вий","date":1579367951042}]},{"id":193,"name":"Ланс","nameHistory":[{"nameChangeId":1,"name":"Ланс","date":1579442828345}]},{"id":194,"name":"Лимон","nameHistory":[{"nameChangeId":1,"name":"Лимон","date":1579640471181}]},{"id":195,"name":"Элли","nameHistory":[{"nameChangeId":1,"name":"Элли","date":1579640937900}]},{"id":196,"name":"Мориарти","nameHistory":[{"nameChangeId":1,"name":"Мориарти","date":1579956761792}]},{"id":197,"name":"Эдриан","nameHistory":[{"nameChangeId":1,"name":"Эндрю","date":1579956876261},{"nameChangeId":2,"name":"Эдриан","date":1579957207211}]},{"id":198,"name":"Акула","nameHistory":[{"nameChangeId":1,"name":"Акула","date":1579957413678}]},{"id":199,"name":"Вилли","nameHistory":[{"nameChangeId":1,"name":"Вилли","date":1579957484180}]},{"id":200,"name":"Клипса","nameHistory":[{"nameChangeId":1,"name":"Клипса","date":1579957525983}]},{"id":201,"name":"Дэвиль","nameHistory":[{"nameChangeId":1,"name":"Дэвиль","date":1579957608177}]},{"id":202,"name":"Лера","nameHistory":[{"nameChangeId":1,"name":"Лера","date":1579958310324}]},{"id":203,"name":"Полдник","nameHistory":[{"nameChangeId":1,"name":"Полдник","date":1579959619459}]},{"id":204,"name":"Майкл","nameHistory":[{"nameChangeId":1,"name":"Майкл","date":1580070597141}]},{"id":205,"name":"Буба","nameHistory":[{"nameChangeId":1,"name":"Буба","date":1580070699280}]},{"id":206,"name":"Мистер Смит","nameHistory":[{"nameChangeId":1,"name":"Мистер Смит","date":1580070762320}]},{"id":207,"name":"Миссис Смит","nameHistory":[{"nameChangeId":1,"name":"Миссис Смит","date":1580070784604}]},{"id":208,"name":"Вихва","nameHistory":[{"nameChangeId":1,"name":"Вихва","date":1580071413720}]},{"id":209,"name":"Гиена","nameHistory":[{"nameChangeId":1,"name":"Гиена","date":1580165569327}]},{"id":210,"name":"Арктика","nameHistory":[{"nameChangeId":1,"name":"Арктика","date":1580165621707}]},{"id":211,"name":"Склиф","nameHistory":[{"nameChangeId":1,"name":"Склиф","date":1580557092467}]},{"id":212,"name":"Маргаритка","nameHistory":[{"nameChangeId":1,"name":"Маргаритка","date":1580557107176}]},{"id":213,"name":"Гаджет","nameHistory":[{"nameChangeId":1,"name":"Гаджет","date":1581172243158}]},{"id":214,"name":"Янни","nameHistory":[{"nameChangeId":1,"name":"Янни","date":1581173304639}]},{"id":215,"name":"Магнолия","nameHistory":[{"nameChangeId":1,"name":"Магнолия","date":1581177845201}]},{"id":216,"name":"Вирджиния","nameHistory":[{"nameChangeId":1,"name":"Вирджиния","date":1581179210175}]},{"id":217,"name":"Broo","nameHistory":[{"nameChangeId":1,"name":"Broo","date":1581180281944}]},{"id":218,"name":"Таша","nameHistory":[{"nameChangeId":1,"name":"Таша","date":1581180310839}]},{"id":219,"name":"LSD","nameHistory":[{"nameChangeId":1,"name":"LSD","date":1581180539365}]},{"id":220,"name":"Формат","nameHistory":[{"nameChangeId":1,"name":"Формат","date":1581180584102}]},{"id":221,"name":"Кокос","nameHistory":[{"nameChangeId":1,"name":"Кокос","date":1581180607867}]},{"id":222,"name":"Бореса","nameHistory":[{"nameChangeId":1,"name":"Бореса","date":1581180632183}]},{"id":223,"name":"Орк","nameHistory":[{"nameChangeId":1,"name":"Орк","date":1581180651530}]},{"id":224,"name":"Русский","nameHistory":[{"nameChangeId":1,"name":"Русский","date":1581627546087}]},{"id":225,"name":"Тип","nameHistory":[{"nameChangeId":1,"name":"Тип","date":1581628459363}]},{"id":226,"name":"В17","nameHistory":[{"nameChangeId":1,"name":"В17","date":1581629181637}]},{"id":227,"name":"Тигра","nameHistory":[{"nameChangeId":1,"name":"Тигра","date":1581629479901}]},{"id":228,"name":"Эстефания","nameHistory":[{"nameChangeId":1,"name":"Эстефания","date":1581630337169}]},{"id":229,"name":"Фонарь","nameHistory":[{"nameChangeId":1,"name":"Фонарь","date":1581630358686}]},{"id":230,"name":"Почемучка","nameHistory":[{"nameChangeId":1,"name":"Почемучка","date":1581767400321}]},{"id":231,"name":"Юджин","nameHistory":[{"nameChangeId":1,"name":"Юджин","date":1581767640127}]},{"id":232,"name":"Ротмистер","nameHistory":[{"nameChangeId":1,"name":"Ротмистер","date":1581767695528}]},{"id":233,"name":"Звезда","nameHistory":[{"nameChangeId":1,"name":"Звезда","date":1581767782960}]},{"id":234,"name":"Мадонна","nameHistory":[{"nameChangeId":1,"name":"Мадонна","date":1581767803387}]},{"id":235,"name":"Трепачева","nameHistory":[{"nameChangeId":1,"name":"Трепачева","date":1581888837465}]},{"id":236,"name":"Лори","nameHistory":[{"nameChangeId":1,"name":"Лори","date":1581889295108}]},{"id":237,"name":"Купидон","nameHistory":[{"nameChangeId":1,"name":"Купидон","date":1581889324680}]},{"id":238,"name":"Гуф","nameHistory":[{"nameChangeId":1,"name":"Гуф","date":1581889439356}]},{"id":239,"name":"Джина","nameHistory":[{"nameChangeId":1,"name":"Джина","date":1581889580752}]},{"id":240,"name":"Фифа","nameHistory":[{"nameChangeId":1,"name":"Фифа","date":1582231677453}]},{"id":241,"name":"Yesterday","nameHistory":[{"nameChangeId":1,"name":"Yesterday","date":1582231944298}]},{"id":242,"name":"Natsy","nameHistory":[{"nameChangeId":1,"name":"Natsy","date":1582232086439}]},{"id":243,"name":"Бон","nameHistory":[{"nameChangeId":1,"name":"Бон","date":1582232538204}]},{"id":244,"name":"Физик","nameHistory":[{"nameChangeId":1,"name":"Физик","date":1582479955902}]},{"id":245,"name":"Джульета","nameHistory":[{"nameChangeId":1,"name":"Джульета","date":1582480069060}]},{"id":246,"name":"Валли","nameHistory":[{"nameChangeId":1,"name":"Валли","date":1582480105262}]},{"id":247,"name":"Алиха","nameHistory":[{"nameChangeId":1,"name":"Алиха","date":1582480126755}]},{"id":248,"name":"Муж","nameHistory":[{"nameChangeId":1,"name":"Муж","date":1582480153192}]},{"id":249,"name":"Ноил","nameHistory":[{"nameChangeId":1,"name":"Ноил","date":1582480237782}]},{"id":250,"name":"Раница","nameHistory":[{"nameChangeId":1,"name":"Раница","date":1582480304603}]},{"id":251,"name":"Грета","nameHistory":[{"nameChangeId":1,"name":"Грета","date":1582480330734}]},{"id":252,"name":"Фрайдей","nameHistory":[{"nameChangeId":1,"name":"Фрайдей","date":1582549111064}]},{"id":253,"name":"Алиса(МВ)","nameHistory":[{"nameChangeId":1,"name":"Алиса(МВ)","date":1582562944069}]},{"id":254,"name":"Лайт","nameHistory":[{"nameChangeId":1,"name":"Лайт","date":1582562985836}]},{"id":255,"name":"Nlip(Россия)","nameHistory":[{"nameChangeId":1,"name":"Nlip(Россия)","date":1582971841321}]},{"id":256,"name":"Волга","nameHistory":[{"nameChangeId":1,"name":"Волга","date":1583022981986}]},{"id":257,"name":"Марфик(грузия)","nameHistory":[{"nameChangeId":1,"name":"Марфик(грузия)","date":1583023010850}]},{"id":258,"name":"Элис(грузия)","nameHistory":[{"nameChangeId":1,"name":"Элис(грузия)","date":1583023285567}]},{"id":259,"name":"Виски","nameHistory":[{"nameChangeId":1,"name":"Виски","date":1583876852944}]},{"id":260,"name":"Изольда","nameHistory":[{"nameChangeId":1,"name":"Изольда","date":1583877528933}]},{"id":261,"name":"Король","nameHistory":[{"nameChangeId":1,"name":"Король","date":1584047571002}]},{"id":262,"name":"Гибкий","nameHistory":[{"nameChangeId":1,"name":"Гибкий","date":1584047709539}]},{"id":263,"name":"Диамант","nameHistory":[{"nameChangeId":1,"name":"Диамант","date":1584047931728}]},{"id":264,"name":"Сельмашевский","nameHistory":[{"nameChangeId":1,"name":"Сельмашевский","date":1584048043032}]},{"id":265,"name":"Морган","nameHistory":[{"nameChangeId":1,"name":"Морган","date":1584048078653}]},{"id":266,"name":"Бандит","nameHistory":[{"nameChangeId":1,"name":"Бандит","date":1584048225262}]},{"id":267,"name":"Кубик","nameHistory":[{"nameChangeId":1,"name":"Кубик","date":1584187332203}]},{"id":268,"name":"Ракета","nameHistory":[{"nameChangeId":1,"name":"Ракета","date":1584697843725}]},{"id":269,"name":"Дон","nameHistory":[{"nameChangeId":1,"name":"Дон","date":1584698153591}]},{"id":270,"name":"Билли","nameHistory":[{"nameChangeId":1,"name":"Билли","date":1585174544548}]},{"id":271,"name":"Пэрис","nameHistory":[{"nameChangeId":1,"name":"Пэрис","date":1585478192353}]},{"id":272,"name":"Туристка","nameHistory":[{"nameChangeId":1,"name":"Туристка","date":1599149878970}]},{"id":273,"name":"Артемида","nameHistory":[{"nameChangeId":1,"name":"Артемида","date":1599149957629}]},{"id":274,"name":"Империя","nameHistory":[{"nameChangeId":1,"name":"Империя","date":1599150000808}]},{"id":275,"name":"Мишка","nameHistory":[{"nameChangeId":1,"name":"Мишка","date":1599150445019}]},{"id":276,"name":"Анима","nameHistory":[{"nameChangeId":1,"name":"Анима","date":1599393805979}]},{"id":277,"name":"Dido(Дидо)","nameHistory":[{"nameChangeId":1,"name":"Dido(Дидо)","date":1599393846978}]},{"id":278,"name":"Бухгалтер","nameHistory":[{"nameChangeId":1,"name":"Бухгалтер","date":1599393871956}]},{"id":279,"name":"Прикол","nameHistory":[{"nameChangeId":1,"name":"Прикол","date":1599393906848}]},{"id":280,"name":"Мак-Магон","nameHistory":[{"nameChangeId":1,"name":"Мак-Магон","date":1599393925424}]},{"id":281,"name":"Свободный","nameHistory":[{"nameChangeId":1,"name":"Свободный","date":1599394026527}]},{"id":283,"name":"Ветер","nameHistory":[{"nameChangeId":1,"name":"Ветер","date":1599394125173}]},{"id":284,"name":"Айз","nameHistory":[{"nameChangeId":1,"name":"Айс","date":1599394235756},{"nameChangeId":2,"name":"Айз","date":1601542916238}]},{"id":285,"name":"ББ","nameHistory":[{"nameChangeId":1,"name":"ББ","date":1599394472970}]},{"id":286,"name":"Китана","nameHistory":[{"nameChangeId":1,"name":"Китана","date":1599394523711}]},{"id":287,"name":"Мишель","nameHistory":[{"nameChangeId":1,"name":"Мишель","date":1599394542855}]},{"id":288,"name":"Игра слов","nameHistory":[{"nameChangeId":1,"name":"Игра слов","date":1599394563033}]},{"id":289,"name":"Океан Борща","nameHistory":[{"nameChangeId":1,"name":"Океан Борща","date":1599394920401}]},{"id":290,"name":"Галадриэль","nameHistory":[{"nameChangeId":1,"name":"Галадриэль","date":1599394954800}]},{"id":291,"name":"Левша","nameHistory":[{"nameChangeId":1,"name":"Левша","date":1599395285238}]},{"id":292,"name":"Сергеевна","nameHistory":[{"nameChangeId":1,"name":"Сергеевна","date":1599748982075}]},{"id":293,"name":"Андерсон","nameHistory":[{"nameChangeId":1,"name":"Андерсон","date":1599749078231}]},{"id":294,"name":"Оксимирон","nameHistory":[{"nameChangeId":1,"name":"Оксимирон","date":1599749390009}]},{"id":295,"name":"Белый","nameHistory":[{"nameChangeId":1,"name":"Белый","date":1599920551224}]},{"id":296,"name":"Капеллан","nameHistory":[{"nameChangeId":1,"name":"Капеллан","date":1599920816194}]},{"id":297,"name":"Дайс","nameHistory":[{"nameChangeId":1,"name":"Дайс","date":1600012218327}]},{"id":298,"name":"Ежевика","nameHistory":[{"nameChangeId":1,"name":"Ежевика","date":1600012258825}]},{"id":299,"name":"Рыжик","nameHistory":[{"nameChangeId":1,"name":"Рыжик","date":1600012317703}]},{"id":300,"name":"Леон","nameHistory":[{"nameChangeId":1,"name":"Леон","date":1600012413106}]},{"id":301,"name":"Буся","nameHistory":[{"nameChangeId":1,"name":"Буся","date":1600012451931}]},{"id":302,"name":"Очевидность","nameHistory":[{"nameChangeId":1,"name":"Очевидность","date":1600012546184}]},{"id":303,"name":"Ёрш","nameHistory":[{"nameChangeId":1,"name":"Ёрш","date":1600622826833}]},{"id":304,"name":"Ариша","nameHistory":[{"nameChangeId":1,"name":"Ариша","date":1600622997525}]},{"id":305,"name":"Василек","nameHistory":[{"nameChangeId":1,"name":"Василек","date":1600624346987}]},{"id":306,"name":"Интерактив","nameHistory":[{"nameChangeId":1,"name":"Интерактив","date":1600624393605}]},{"id":307,"name":"Боженька","nameHistory":[{"nameChangeId":1,"name":"Боженька","date":1600624646189}]},{"id":308,"name":"Джо(Joe)","nameHistory":[{"nameChangeId":1,"name":"Джо(Joe)","date":1600921799623}]},{"id":309,"name":"Кукловод","nameHistory":[{"nameChangeId":1,"name":"Кукловод","date":1601207718551}]},{"id":310,"name":"Пандора","nameHistory":[{"nameChangeId":1,"name":"Пандора","date":1601207762007}]},{"id":311,"name":"Бонита","nameHistory":[{"nameChangeId":1,"name":"Бонита","date":1601207846443}]},{"id":312,"name":"Динозавр","nameHistory":[{"nameChangeId":1,"name":"Динозавр","date":1601207880564}]},{"id":313,"name":"Джобс","nameHistory":[{"nameChangeId":1,"name":"Джобс","date":1601208106506}]},{"id":314,"name":"Гитлер","nameHistory":[{"nameChangeId":1,"name":"Гитлер","date":1601208842597}]},{"id":315,"name":"Сталин","nameHistory":[{"nameChangeId":1,"name":"Сталин","date":1601208875674}]},{"id":316,"name":"Июльский","nameHistory":[{"nameChangeId":1,"name":"Июльский","date":1601367752739}]},{"id":317,"name":"Ремеди","nameHistory":[{"nameChangeId":1,"name":"Ремеди","date":1601368259701}]},{"id":318,"name":"Миклашевский","nameHistory":[{"nameChangeId":1,"name":"Миклашевский","date":1601540114320}]},{"id":319,"name":"Alvi (Алви)","nameHistory":[{"nameChangeId":1,"name":"Alvi (Алви)","date":1601540220790}]},{"id":320,"name":"Бонаква","nameHistory":[{"nameChangeId":1,"name":"Бонаква","date":1601727860748}]},{"id":321,"name":"Лена(муж.)","nameHistory":[{"nameChangeId":1,"name":"Лена(муж.)","date":1601727912948}]},{"id":322,"name":"Люцифер","nameHistory":[{"nameChangeId":1,"name":"Люцифер","date":1601728272923}]},{"id":323,"name":"Франц","nameHistory":[{"nameChangeId":1,"name":"Франц","date":1601728364164}]},{"id":324,"name":"Бенкси","nameHistory":[{"nameChangeId":1,"name":"Бенкси","date":1601728510105}]},{"id":325,"name":"Ханна","nameHistory":[{"nameChangeId":1,"name":"Ханна","date":1601728539551}]},{"id":326,"name":"Грин(мзи)","nameHistory":[{"nameChangeId":1,"name":"Грин(мзи)","date":1601731969564}]},{"id":327,"name":"Стас","nameHistory":[{"nameChangeId":1,"name":"Стас","date":1601731993818}]},{"id":328,"name":"Донскоф","nameHistory":[{"nameChangeId":1,"name":"Донскоф","date":1601732250139}]},{"id":329,"name":"Папай","nameHistory":[{"nameChangeId":1,"name":"Папай","date":1601734073566}]},{"id":330,"name":"Дайрин","nameHistory":[{"nameChangeId":1,"name":"Дайрин","date":1601798503101}]},{"id":331,"name":"Йцукен","nameHistory":[{"nameChangeId":1,"name":"Йцукен","date":1601798565684}]},{"id":332,"name":"Энгри Догги Дог","nameHistory":[{"nameChangeId":1,"name":"Энгри Догги Дог","date":1601799168148}]},{"id":333,"name":"Лисенок","nameHistory":[{"nameChangeId":1,"name":"Лисенок","date":1601976435477}]},{"id":334,"name":"Вольво","nameHistory":[{"nameChangeId":1,"name":"Вольво","date":1602156813783}]},{"id":335,"name":"Артик","nameHistory":[{"nameChangeId":1,"name":"Артик","date":1602416091683}]},{"id":336,"name":"Зюзя","nameHistory":[{"nameChangeId":1,"name":"Зюзя","date":1602416098176}]},{"id":337,"name":"Криста","nameHistory":[{"nameChangeId":1,"name":"Криста","date":1602416106215}]},{"id":338,"name":"Боня","nameHistory":[{"nameChangeId":1,"name":"Боня","date":1602416360954}]},{"id":339,"name":"Кракис","nameHistory":[{"nameChangeId":1,"name":"Кракис","date":1602417478321}]},{"id":340,"name":"Новичок","nameHistory":[{"nameChangeId":1,"name":"Новичок","date":1602417496626}]},{"id":341,"name":"Солли","nameHistory":[{"nameChangeId":1,"name":"Солли","date":1602417508819}]},{"id":342,"name":"Училка","nameHistory":[{"nameChangeId":1,"name":"Училка","date":1602419035495}]},{"id":343,"name":"Центральный","nameHistory":[{"nameChangeId":1,"name":"Центральный","date":1602419769665}]},{"id":344,"name":"Ми-ми","nameHistory":[{"nameChangeId":1,"name":"Мими","date":1602419819202},{"nameChangeId":2,"name":"Ми-ми","date":1602572324492}]},{"id":345,"name":"Стешняшка","nameHistory":[{"nameChangeId":1,"name":"Стешняшка","date":1602572953280}]},{"id":346,"name":"Эйк","nameHistory":[{"nameChangeId":1,"name":"Эйк","date":1602776859417}]},{"id":347,"name":"Угвей","nameHistory":[{"nameChangeId":1,"name":"Угвей","date":1603017871672}]},{"id":348,"name":"Орел","nameHistory":[{"nameChangeId":1,"name":"Орел","date":1603017887147}]},{"id":349,"name":"Крошка Картошка","nameHistory":[{"nameChangeId":1,"name":"Крошка Картошка","date":1603017906468}]},{"id":350,"name":"Малина","nameHistory":[{"nameChangeId":1,"name":"Малина","date":1603017941716}]},{"id":351,"name":"Верзилла","nameHistory":[{"nameChangeId":1,"name":"Верзилла","date":1603017959322}]},{"id":352,"name":"Флэш","nameHistory":[{"nameChangeId":1,"name":"Флэш","date":1603018203010}]},{"id":353,"name":"Жнец","nameHistory":[{"nameChangeId":1,"name":"Жнец","date":1603018436804}]},{"id":354,"name":"Шахматист","nameHistory":[{"nameChangeId":1,"name":"Шахматист","date":1603177291311}]},{"id":355,"name":"Хината","nameHistory":[{"nameChangeId":1,"name":"Хината","date":1603177380322}]},{"id":356,"name":"Писатель","nameHistory":[{"nameChangeId":1,"name":"Писатель","date":1603526426595}]},{"id":357,"name":"Вишенька","nameHistory":[{"nameChangeId":1,"name":"Вишенька","date":1603624937546}]},{"id":358,"name":"Вовчик","nameHistory":[{"nameChangeId":1,"name":"Вовчик","date":1603625034783}]},{"id":359,"name":"Chinaski (IMС) ","nameHistory":[{"nameChangeId":1,"name":"Chinaski ","date":1603625144874},{"nameChangeId":2,"name":"Chinaski (IMС) ","date":1603625263658}]},{"id":360,"name":"Winchester (IMС)","nameHistory":[{"nameChangeId":1,"name":"Winchester (IMС)","date":1603625244519}]},{"id":361,"name":"Полусладкая (IMС)","nameHistory":[{"nameChangeId":1,"name":"Полусладкая (IMС)","date":1603625297484}]},{"id":362,"name":"Karpal (IMС)","nameHistory":[{"nameChangeId":1,"name":"Karpal (IMС)","date":1603625400025}]},{"id":363,"name":"Хлебушек","nameHistory":[{"nameChangeId":1,"name":"Хлебушек","date":1603625483924}]},{"id":364,"name":"Сахар","nameHistory":[{"nameChangeId":1,"name":"Сахар","date":1603625734333}]},{"id":365,"name":"Медведь (МЗИ)","nameHistory":[{"nameChangeId":1,"name":"Медведь (МЗИ)","date":1603625932450}]},{"id":366,"name":" Мэри Поппинс","nameHistory":[{"nameChangeId":1,"name":" Мэри Поппинс","date":1603626586209}]},{"id":367,"name":"Лилу","nameHistory":[{"nameChangeId":1,"name":"Лилу","date":1603626707507}]},{"id":368,"name":"Эрин","nameHistory":[{"nameChangeId":1,"name":"Эрин","date":1603778973291}]},{"id":369,"name":"Оракл","nameHistory":[{"nameChangeId":1,"name":"Оракл","date":1603779121794}]},{"id":370,"name":"Нефелим","nameHistory":[{"nameChangeId":1,"name":"Нефелим","date":1604055898417}]},{"id":371,"name":"Весна","nameHistory":[{"nameChangeId":1,"name":"Весна","date":1604734680452}]},{"id":372,"name":"Гризли","nameHistory":[{"nameChangeId":1,"name":"Гризли","date":1605112448707}]},{"id":373,"name":"Розали","nameHistory":[{"nameChangeId":1,"name":"Розали","date":1605112573683}]},{"id":374,"name":"Пабло Эскобар","nameHistory":[{"nameChangeId":1,"name":"Пабло Эскобар","date":1605112641058}]},{"id":375,"name":"Рокфеллер(RBF)","nameHistory":[{"nameChangeId":1,"name":"Рокфеллер(RBF)","date":1605112726095}]},{"id":376,"name":"Валерун-Балерун","nameHistory":[{"nameChangeId":1,"name":"Валерун-Балерун","date":1605113661519}]},{"id":377,"name":"Дождь","nameHistory":[{"nameChangeId":1,"name":"Дождь","date":1605113821411}]},{"id":378,"name":"Хайзенберг","nameHistory":[{"nameChangeId":1,"name":"Хайзенберг","date":1605520845475}]},{"id":379,"name":"Домино","nameHistory":[{"nameChangeId":1,"name":"Домино","date":1605522721937}]},{"id":380,"name":"Классика","nameHistory":[{"nameChangeId":1,"name":"Классика","date":1605522968869}]},{"id":381,"name":"Кусок","nameHistory":[{"nameChangeId":1,"name":"Кусок","date":1605523035942}]},{"id":382,"name":"г-жа Альфа","nameHistory":[{"nameChangeId":3,"name":"г-ж Альфа","date":1605799295401},{"nameChangeId":2,"name":"Альфа г-ж","date":1605799262314},{"nameChangeId":1,"name":"Альфа","date":1605799214388},{"nameChangeId":4,"name":"г-жа Альфа","date":1609233993880}]},{"id":383,"name":"Геральд","nameHistory":[{"nameChangeId":1,"name":"Геральд","date":1605799474154}]},{"id":384,"name":"Юрия","nameHistory":[{"nameChangeId":1,"name":"Юрия","date":1606162466704}]},{"id":385,"name":"Зорро","nameHistory":[{"nameChangeId":1,"name":"Зорро","date":1606162519370}]},{"id":386,"name":"Георгий","nameHistory":[{"nameChangeId":1,"name":"Георгий","date":1606162685555}]},{"id":387,"name":"Джованни","nameHistory":[{"nameChangeId":1,"name":"Джованни","date":1606162775330}]},{"id":388,"name":"Ёж","nameHistory":[{"nameChangeId":1,"name":"Ёж","date":1606167019446}]},{"id":389,"name":"Дядя Толя","nameHistory":[{"nameChangeId":1,"name":"Дядя Толя","date":1606167110935}]},{"id":390,"name":"Венедиктов","nameHistory":[{"nameChangeId":1,"name":"Венедиктов","date":1606167155646}]},{"id":391,"name":"Восемь","nameHistory":[{"nameChangeId":1,"name":"Восемь","date":1606167183849}]},{"id":392,"name":"Мисс","nameHistory":[{"nameChangeId":1,"name":"Мисс","date":1606167724147}]},{"id":393,"name":"Рая","nameHistory":[{"nameChangeId":1,"name":"Рая","date":1606689462981}]},{"id":394,"name":"ДаВинчи","nameHistory":[{"nameChangeId":1,"name":"ДаВинчи","date":1609234304068}]},{"id":395,"name":"Сицилия","nameHistory":[{"nameChangeId":1,"name":"Сицилия","date":1611648130740}]},{"id":396,"name":"Кристо","nameHistory":[{"nameChangeId":1,"name":"Кристо","date":1611648524548}]},{"id":397,"name":"Ден Круз","nameHistory":[{"nameChangeId":1,"name":"Ден Круз","date":1611845729220}]},{"id":398,"name":"Импульс","nameHistory":[{"nameChangeId":1,"name":"Импульс","date":1611845768000}]},{"id":399,"name":"Пушка","nameHistory":[{"nameChangeId":1,"name":"Пушка","date":1611845813617}]},{"id":400,"name":"Киросянка","nameHistory":[{"nameChangeId":1,"name":"Киросянка","date":1611845841780}]},{"id":401,"name":"Мисс Каприз","nameHistory":[{"nameChangeId":1,"name":"Мисс Каприз","date":1611845880207}]},{"id":402,"name":"Вегас","nameHistory":[{"nameChangeId":1,"name":"Вегас","date":1611845960058}]},{"id":403,"name":"Yukimi","nameHistory":[{"nameChangeId":1,"name":"Yukimi","date":1611846152744}]}]}