{"formatVersion":1,"settings":{"gamesMonth":"2020-01","maxPlayerId":212,"maxGameId":179},"games":[{"id":1,"date":"2020-01-01","players":[36,58,16,142,37,8,34,99,119,27],"don":8,"maf1":0,"maf2":7,"sherif":1,"firstKilled":1,"firstKilledGuessPoints":0,"cityWin":false},{"id":2,"date":"2020-01-08","players":[21,29,24,7,39,143,46,10,61,35],"don":9,"maf1":0,"maf2":3,"sherif":5,"firstKilled":1,"firstKilledGuessPoints":0,"cityWin":true},{"id":3,"date":"2020-01-08","players":[24,35,123,39,19,10,21,61,46,34],"don":4,"maf1":3,"maf2":7,"sherif":5,"firstKilled":9,"firstKilledGuessPoints":0,"cityWin":false},{"id":4,"date":"2020-01-08","players":[8,25,29,58,123,34,19,143,99,142],"don":4,"maf1":1,"maf2":3,"sherif":0,"firstKilled":8,"firstKilledGuessPoints":0,"cityWin":true},{"id":5,"date":"2020-01-08","players":[51,23,10,35,1,21,46,39,119,58],"don":0,"maf1":1,"maf2":3,"sherif":6,"firstKilled":2,"firstKilledGuessPoints":0,"cityWin":false},{"id":6,"date":"2020-01-08","players":[29,144,15,142,58,61,62,143,36,119],"don":3,"maf1":4,"maf2":9,"sherif":1,"firstKilled":8,"firstKilledGuessPoints":0,"cityWin":true},{"id":7,"date":"2020-01-03","players":[42,15,18,34,12,59,58,25,36,10],"don":8,"maf1":3,"maf2":6,"sherif":7,"firstKilled":1,"firstKilledGuessPoints":0,"cityWin":false},{"id":8,"date":"2020-01-03","players":[10,12,25,36,11,18,58,34,123,61],"don":9,"maf1":4,"maf2":6,"sherif":3,"firstKilled":7,"firstKilledGuessPoints":0,"cityWin":true},{"id":9,"date":"2020-01-03","players":[18,61,36,142,58,123,51,86,124,34],"don":2,"maf1":1,"maf2":3,"sherif":0,"firstKilled":8,"firstKilledGuessPoints":0,"cityWin":false},{"id":10,"date":"2020-01-01","players":[95,30,145,114,10,5,16,98,42,26],"don":4,"maf1":5,"maf2":9,"sherif":3,"firstKilled":0,"firstKilledGuessPoints":0,"cityWin":false},{"id":11,"date":"2020-01-01","players":[5,145,42,24,26,16,98,95,114,14],"don":9,"maf1":5,"maf2":7,"sherif":6,"firstKilled":0,"firstKilledGuessPoints":0.25,"cityWin":false},{"id":12,"date":"2020-01-03","players":[114,146,15,26,95,10,5,16,98,42],"don":1,"maf1":2,"maf2":4,"sherif":3,"firstKilled":3,"firstKilledGuessPoints":0,"cityWin":false},{"id":13,"date":"2020-01-03","players":[14,30,15,10,16,95,50,40,26,24],"don":9,"maf1":4,"maf2":6,"sherif":1,"firstKilled":1,"firstKilledGuessPoints":0,"cityWin":false},{"id":14,"date":"2020-01-03","players":[34,147,86,148,29,149,51,19,58,36],"don":4,"maf1":3,"maf2":8,"sherif":0,"firstKilled":9,"firstKilledGuessPoints":0,"cityWin":true},{"id":15,"date":"2020-01-03","players":[8,142,15,150,1,34,18,10,42,36],"don":8,"maf1":1,"maf2":6,"sherif":7,"firstKilled":3,"firstKilledGuessPoints":0.25,"cityWin":true},{"id":16,"date":"2020-01-03","players":[145,15,114,30,5,24,16,26,14,95],"don":3,"maf1":2,"maf2":5,"sherif":4,"firstKilled":8,"firstKilledGuessPoints":0,"cityWin":true},{"id":17,"date":"2020-01-03","players":[15,16,5,30,145,26,12,114,24,95],"don":1,"maf1":2,"maf2":8,"sherif":4,"firstKilled":4,"firstKilledGuessPoints":0,"cityWin":false},{"id":18,"date":"2020-01-03","players":[57,99,149,63,5,49,19,124,15,23],"don":2,"maf1":0,"maf2":9,"sherif":5,"firstKilled":null,"firstKilledGuessPoints":null,"cityWin":true},{"id":19,"date":"2020-01-04","players":[99,16,27,23,58,119,51,37,36,25],"don":7,"maf1":8,"maf2":9,"sherif":6,"firstKilled":3,"firstKilledGuessPoints":0.25,"cityWin":false},{"id":20,"date":"2020-01-04","players":[36,62,37,34,27,51,144,19,142,16],"don":8,"maf1":1,"maf2":4,"sherif":2,"firstKilled":5,"firstKilledGuessPoints":0,"cityWin":true},{"id":21,"date":"2020-01-04","players":[143,7,62,144,15,142,61,29,19,34],"don":0,"maf1":5,"maf2":7,"sherif":1,"firstKilled":1,"firstKilledGuessPoints":0,"cityWin":true},{"id":22,"date":"2020-01-08","players":[51,36,37,19,24,7,23,34,27,16],"don":1,"maf1":5,"maf2":7,"sherif":8,"firstKilled":6,"firstKilledGuessPoints":0,"cityWin":false},{"id":23,"date":"2020-01-06","players":[81,62,118,8,151,114,64,86,4,61],"don":2,"maf1":6,"maf2":8,"sherif":7,"firstKilled":null,"firstKilledGuessPoints":null,"cityWin":true},{"id":24,"date":"2020-01-06","players":[44,81,118,60,50,11,59,40,62,10],"don":3,"maf1":2,"maf2":4,"sherif":9,"firstKilled":0,"firstKilledGuessPoints":0,"cityWin":false},{"id":25,"date":"2020-01-06","players":[4,64,61,118,50,44,62,59,151,11],"don":3,"maf1":6,"maf2":7,"sherif":0,"firstKilled":9,"firstKilledGuessPoints":0,"cityWin":true},{"id":26,"date":"2020-01-06","players":[61,114,60,59,40,11,44,10,152,81],"don":5,"maf1":0,"maf2":3,"sherif":2,"firstKilled":null,"firstKilledGuessPoints":null,"cityWin":false},{"id":27,"date":"2020-01-06","players":[10,62,151,152,86,44,61,114,50,118],"don":5,"maf1":3,"maf2":7,"sherif":8,"firstKilled":0,"firstKilledGuessPoints":0,"cityWin":false},{"id":28,"date":"2020-01-06","players":[11,118,14,152,62,81,114,61,59,60],"don":7,"maf1":5,"maf2":9,"sherif":8,"firstKilled":0,"firstKilledGuessPoints":0.25,"cityWin":true},{"id":29,"date":"2020-01-03","players":[20,23,58,142,150,1,59,60,102,61],"don":7,"maf1":1,"maf2":3,"sherif":9,"firstKilled":6,"firstKilledGuessPoints":0.25,"cityWin":false},{"id":30,"date":"2020-01-03","players":[51,123,149,151,58,61,147,19,36,34],"don":9,"maf1":1,"maf2":3,"sherif":6,"firstKilled":null,"firstKilledGuessPoints":null,"cityWin":true},{"id":31,"date":"2020-01-03","players":[124,8,147,86,42,149,19,151,11,57],"don":8,"maf1":6,"maf2":9,"sherif":2,"firstKilled":0,"firstKilledGuessPoints":0,"cityWin":true},{"id":32,"date":"2020-01-06","players":[118,8,61,50,11,62,81,152,114,64],"don":7,"maf1":2,"maf2":9,"sherif":8,"firstKilled":5,"firstKilledGuessPoints":0,"cityWin":true},{"id":33,"date":"2020-01-04","players":[50,24,147,143,153,155,146,30,16,14],"don":8,"maf1":0,"maf2":7,"sherif":5,"firstKilled":6,"firstKilledGuessPoints":0,"cityWin":true},{"id":34,"date":"2020-01-09","players":[156,42,53,8,29,36,54,34,145,44],"don":0,"maf1":1,"maf2":9,"sherif":3,"cityWin":true,"firstKilled":7,"firstKilledGuessPoints":0},{"id":35,"date":"2020-01-09","players":[10,1,53,25,42,54,36,61,5,43],"don":5,"maf1":8,"maf2":9,"sherif":0,"firstKilled":6,"firstKilledGuessPoints":0,"cityWin":false},{"id":36,"date":"2020-01-09","players":[11,44,8,34,43,156,36,29,42,64],"don":3,"maf1":7,"maf2":8,"sherif":6,"firstKilled":9,"firstKilledGuessPoints":0,"cityWin":true},{"id":37,"date":"2020-01-09","players":[25,64,8,145,36,10,11,61,54,34],"don":7,"maf1":6,"maf2":9,"sherif":0,"firstKilled":8,"firstKilledGuessPoints":0,"cityWin":false},{"id":38,"date":"2020-01-09","players":[54,156,29,5,8,61,44,10,1,25],"don":9,"maf1":0,"maf2":6,"sherif":7,"firstKilled":7,"firstKilledGuessPoints":0,"cityWin":false},{"id":39,"date":"2020-01-10","players":[16,7,15,42,31,145,21,86,8,1],"don":4,"maf1":7,"maf2":9,"sherif":5,"firstKilled":null,"firstKilledGuessPoints":null,"cityWin":false},{"id":40,"date":"2020-01-10","players":[145,9,15,157,158,86,159,160,31,1],"don":8,"maf1":3,"maf2":6,"sherif":5,"firstKilled":null,"firstKilledGuessPoints":null,"cityWin":true},{"id":41,"date":"2020-01-10","players":[26,42,29,5,24,7,8,36,16,161],"don":6,"maf1":3,"maf2":4,"sherif":1,"firstKilled":7,"firstKilledGuessPoints":0,"cityWin":false},{"id":42,"date":"2020-01-10","players":[4,26,24,9,160,147,161,1,86,16],"don":9,"maf1":5,"maf2":7,"sherif":4,"firstKilled":null,"firstKilledGuessPoints":null,"cityWin":true},{"id":43,"date":"2020-01-10","players":[31,15,1,19,4,26,16,157,98,86],"don":5,"maf1":0,"maf2":6,"sherif":2,"firstKilled":null,"firstKilledGuessPoints":null,"cityWin":false},{"id":44,"date":"2020-01-06","players":[152,151,11,40,81,114,59,86,10,4],"don":7,"maf1":2,"maf2":3,"sherif":4,"firstKilled":null,"firstKilledGuessPoints":null,"cityWin":false},{"id":45,"date":"2020-01-08","players":[144,162,124,29,12,23,99,20,148,19],"don":3,"maf1":0,"maf2":8,"sherif":5,"firstKilled":9,"firstKilledGuessPoints":0,"cityWin":false},{"id":46,"date":"2020-01-08","players":[49,164,63,147,165,77,163,143,166,50],"don":2,"maf1":1,"maf2":3,"sherif":9,"firstKilled":5,"firstKilledGuessPoints":0,"cityWin":false},{"id":47,"date":"2020-01-08","players":[8,51,142,123,102,124,148,23,162,20],"don":5,"maf1":0,"maf2":3,"sherif":7,"firstKilled":7,"firstKilledGuessPoints":0,"cityWin":false},{"id":48,"date":"2020-01-08","players":[49,77,146,155,164,166,143,163,165,63],"don":5,"maf1":6,"maf2":9,"sherif":7,"firstKilled":0,"firstKilledGuessPoints":0,"cityWin":false},{"id":49,"date":"2020-01-08","players":[26,165,49,63,24,50,14,147,153,163],"don":5,"maf1":2,"maf2":9,"sherif":4,"firstKilled":0,"firstKilledGuessPoints":0,"cityWin":false},{"id":50,"date":"2020-01-08","players":[99,8,51,144,142,20,162,106,148,102],"don":5,"maf1":6,"maf2":9,"sherif":3,"firstKilled":1,"firstKilledGuessPoints":0,"cityWin":true},{"id":51,"date":"2020-01-10","players":[7,5,19,36,8,114,34,159,158,145],"don":7,"maf1":1,"maf2":6,"sherif":4,"cityWin":false},{"id":52,"date":"2020-01-10","players":[24,147,167,114,145,5,168,7,36,34],"don":1,"maf1":7,"maf2":9,"sherif":3,"firstKilled":4,"firstKilledGuessPoints":0,"cityWin":false},{"id":53,"date":"2020-01-10","players":[4,98,21,9,160,24,147,26,16,167],"don":7,"maf1":2,"maf2":9,"sherif":8,"firstKilled":8,"firstKilledGuessPoints":0.25,"cityWin":false},{"id":54,"date":"2020-01-10","players":[98,9,4,160,16,15,161,19,26,21],"don":1,"maf1":2,"maf2":5,"sherif":3,"firstKilled":3,"firstKilledGuessPoints":0.25,"cityWin":false},{"id":55,"date":"2020-01-11","players":[8,39,62,169,86,50,10,170,160,171],"don":9,"maf1":3,"maf2":4,"sherif":0,"firstKilled":0,"firstKilledGuessPoints":0.25,"cityWin":true},{"id":56,"date":"2020-01-11","players":[159,50,86,170,169,129,158,171,160,172],"don":1,"maf1":0,"maf2":3,"sherif":4,"firstKilled":9,"firstKilledGuessPoints":0,"cityWin":false},{"id":57,"date":"2020-01-11","players":[29,129,171,39,4,170,160,86,172,159],"don":2,"maf1":0,"maf2":5,"sherif":3,"firstKilled":8,"firstKilledGuessPoints":0,"cityWin":true},{"id":58,"date":"2020-01-11","players":[172,43,174,175,20,158,118,176,159,36],"don":9,"maf1":4,"maf2":8,"sherif":7,"firstKilled":null,"firstKilledGuessPoints":null,"cityWin":true},{"id":59,"date":"2020-01-11","players":[171,129,160,4,174,159,170,86,5,8],"don":7,"maf1":2,"maf2":6,"sherif":5,"firstKilled":5,"firstKilledGuessPoints":0,"cityWin":true},{"id":60,"date":"2020-01-11","players":[4,29,8,39,172,5,158,62,118,36],"don":5,"maf1":4,"maf2":6,"sherif":7,"firstKilled":2,"firstKilledGuessPoints":0,"cityWin":true},{"id":61,"date":"2020-01-11","players":[42,39,172,29,174,8,118,62,36,34],"don":9,"maf1":3,"maf2":7,"sherif":6,"firstKilled":2,"firstKilledGuessPoints":0,"cityWin":false},{"id":62,"date":"2020-01-11","players":[118,20,8,36,39,172,11,34,50,10],"don":1,"maf1":4,"maf2":9,"sherif":8,"firstKilled":6,"firstKilledGuessPoints":0,"cityWin":true},{"id":63,"date":"2020-01-13","players":[36,34,123,8,59,43,10,4,60,51],"don":2,"maf1":3,"maf2":4,"sherif":8,"cityWin":true,"firstKilled":5,"firstKilledGuessPoints":0.25},{"id":64,"date":"2020-01-13","players":[60,19,16,10,98,34,25,8,59,177],"don":5,"maf1":6,"maf2":9,"sherif":7,"firstKilled":7,"firstKilledGuessPoints":0.25,"cityWin":true},{"id":65,"date":"2020-01-13","players":[59,60,51,25,10,20,19,43,36,16],"don":1,"maf1":2,"maf2":3,"sherif":5,"firstKilled":9,"firstKilledGuessPoints":0.25,"cityWin":false},{"id":66,"date":"2020-01-13","players":[177,20,29,15,19,16,36,10,59,51],"don":2,"maf1":4,"maf2":6,"sherif":7,"firstKilled":7,"firstKilledGuessPoints":0,"cityWin":false},{"id":67,"date":"2020-01-13","players":[29,16,34,123,15,177,25,98,43,19],"don":8,"maf1":5,"maf2":6,"sherif":9,"firstKilled":9,"firstKilledGuessPoints":0,"cityWin":false},{"id":68,"date":"2020-01-15","players":[67,62,36,19,15,76,131,34,46,51],"don":2,"maf1":1,"maf2":8,"sherif":7,"firstKilled":6,"firstKilledGuessPoints":0,"cityWin":false},{"id":69,"date":"2020-01-15","players":[76,151,86,53,156,54,24,160,5,8],"don":7,"maf1":0,"maf2":2,"sherif":6,"firstKilled":null,"firstKilledGuessPoints":null,"cityWin":true},{"id":70,"date":"2020-01-15","players":[53,86,114,24,26,54,56,8,151,5],"don":9,"maf1":2,"maf2":6,"sherif":0,"firstKilled":7,"firstKilledGuessPoints":0,"cityWin":false},{"id":71,"date":"2020-01-15","players":[21,160,26,11,5,114,158,159,76,15],"don":0,"maf1":4,"maf2":5,"sherif":7,"firstKilled":null,"firstKilledGuessPoints":null,"cityWin":true},{"id":72,"date":"2020-01-15","players":[5,24,114,158,118,26,11,21,160,16],"don":6,"maf1":0,"maf2":7,"sherif":5,"firstKilled":2,"firstKilledGuessPoints":0,"cityWin":true},{"id":73,"date":"2020-01-15","players":[114,36,177,31,67,157,178,16,19,51],"don":1,"maf1":3,"maf2":8,"sherif":6,"firstKilled":7,"firstKilledGuessPoints":0,"cityWin":true},{"id":74,"date":"2020-01-15","players":[11,67,15,179,114,76,21,16,62,46],"don":8,"maf1":1,"maf2":3,"sherif":2,"firstKilled":5,"firstKilledGuessPoints":0,"cityWin":true},{"id":75,"date":"2020-01-15","players":[118,24,36,159,19,160,34,158,26,76],"don":6,"maf1":1,"maf2":5,"sherif":7,"firstKilled":3,"firstKilledGuessPoints":0,"cityWin":false},{"id":76,"date":"2020-01-15","players":[11,62,21,177,15,24,179,114,19,16],"don":5,"maf1":1,"maf2":2,"sherif":7,"firstKilled":8,"firstKilledGuessPoints":0.25,"cityWin":true},{"id":77,"date":"2020-01-15","players":[16,158,19,26,46,67,24,160,159,118],"don":9,"maf1":1,"maf2":6,"sherif":5,"firstKilled":0,"firstKilledGuessPoints":0,"cityWin":false},{"id":78,"date":"2020-01-15","players":[51,36,156,158,31,157,19,178,159,67],"don":7,"maf1":1,"maf2":3,"sherif":4,"firstKilled":9,"firstKilledGuessPoints":0.25,"cityWin":true},{"id":79,"date":"2020-01-15","players":[86,51,46,34,67,36,156,16,19,24],"don":2,"maf1":5,"maf2":6,"sherif":3,"firstKilled":1,"firstKilledGuessPoints":0,"cityWin":false},{"id":80,"date":"2020-01-15","players":[34,58,29,102,180,8,22,181,36,182],"don":6,"maf1":5,"maf2":9,"sherif":1,"firstKilled":4,"firstKilledGuessPoints":0,"cityWin":true},{"id":81,"date":"2020-01-17","players":[86,183,102,184,185,186,187,188,12,21],"don":2,"maf1":6,"maf2":8,"sherif":9,"firstKilled":null,"firstKilledGuessPoints":null,"cityWin":false},{"id":82,"date":"2020-01-17","players":[42,189,143,183,185,8,147,187,114,86],"don":1,"maf1":3,"maf2":7,"sherif":8,"firstKilled":null,"firstKilledGuessPoints":null,"cityWin":false},{"id":83,"date":"2020-01-17","players":[147,183,181,8,86,42,189,143,187,114],"don":9,"maf1":2,"maf2":4,"sherif":1,"firstKilled":6,"firstKilledGuessPoints":0,"cityWin":false},{"id":84,"date":"2020-01-17","players":[188,184,12,143,147,187,183,86,189,185],"don":7,"maf1":5,"maf2":6,"sherif":0,"firstKilled":4,"firstKilledGuessPoints":0,"cityWin":true},{"id":85,"date":"2020-01-17","players":[48,186,29,21,26,5,143,147,185,102],"don":3,"maf1":4,"maf2":7,"sherif":2,"firstKilled":8,"firstKilledGuessPoints":0,"cityWin":true},{"id":86,"date":"2020-01-17","players":[5,188,131,156,147,187,184,143,48,185],"don":5,"maf1":2,"maf2":7,"sherif":3,"firstKilled":9,"firstKilledGuessPoints":0,"cityWin":false},{"id":87,"date":"2020-01-17","players":[5,114,147,190,42,189,191,143,183,8],"don":5,"maf1":8,"maf2":9,"sherif":0,"firstKilled":2,"firstKilledGuessPoints":0,"cityWin":true},{"id":88,"date":"2020-01-17","players":[26,184,188,143,185,5,187,131,156,147],"don":3,"maf1":4,"maf2":6,"sherif":2,"cityWin":false,"firstKilled":7,"firstKilledGuessPoints":0},{"id":89,"date":"2020-01-03","players":[19,58,61,5,102,11,147,64,60,144],"don":7,"maf1":0,"maf2":5,"sherif":1,"cityWin":true,"firstKilled":4,"firstKilledGuessPoints":0.25},{"id":90,"date":"2020-01-17","players":[54,97,48,22,26,5,186,181,8,21],"don":2,"maf1":3,"maf2":4,"sherif":9,"cityWin":false,"firstKilled":8,"firstKilledGuessPoints":0.25},{"id":91,"date":"2020-01-17","players":[114,53,97,58,189,54,180,73,156,8],"don":4,"maf1":5,"maf2":8,"sherif":7,"firstKilled":null,"firstKilledGuessPoints":null,"cityWin":false},{"id":92,"date":"2020-01-17","players":[1,53,97,12,54,73,186,5,48,26],"don":9,"maf1":0,"maf2":6,"sherif":3,"firstKilled":null,"firstKilledGuessPoints":null,"cityWin":true},{"id":93,"date":"2020-01-17","players":[192,185,29,156,34,36,189,193,143,48],"don":6,"maf1":3,"maf2":9,"sherif":5,"firstKilled":null,"firstKilledGuessPoints":null,"cityWin":true},{"id":94,"date":"2020-01-18","players":[86,100,12,50,31,29,158,195,3,109],"don":8,"maf1":3,"maf2":7,"sherif":0,"cityWin":true,"firstKilled":5,"firstKilledGuessPoints":0},{"id":95,"date":"2020-01-18","players":[109,29,194,158,86,195,100,12,50,42],"don":4,"maf1":7,"maf2":9,"sherif":0,"firstKilled":0,"firstKilledGuessPoints":0,"cityWin":false},{"id":96,"date":"2020-01-18","players":[194,100,159,35,50,29,86,109,195,51],"don":7,"maf1":8,"maf2":9,"sherif":0,"firstKilled":1,"firstKilledGuessPoints":0,"cityWin":false},{"id":97,"date":"2020-01-18","players":[50,86,100,195,98,159,109,194,35,19],"don":0,"maf1":5,"maf2":8,"sherif":4,"firstKilled":9,"firstKilledGuessPoints":0,"cityWin":false},{"id":98,"date":"2020-01-18","players":[27,51,16,35,19,39,1,8,194,15],"don":6,"maf1":5,"maf2":9,"sherif":0,"firstKilled":null,"firstKilledGuessPoints":null,"cityWin":true},{"id":99,"date":"2020-01-18","players":[39,51,15,109,100,19,35,16,8,61],"don":3,"maf1":4,"maf2":7,"sherif":8,"firstKilled":2,"firstKilledGuessPoints":0,"cityWin":true},{"id":100,"date":"2020-01-18","players":[15,19,39,8,35,98,61,16,159,51],"don":1,"maf1":5,"maf2":7,"sherif":6,"firstKilled":9,"firstKilledGuessPoints":0.25,"cityWin":false},{"id":101,"date":"2020-01-18","players":[12,16,15,61,8,158,19,39,98,51],"don":8,"maf1":2,"maf2":3,"sherif":7,"firstKilled":9,"firstKilledGuessPoints":0.25,"cityWin":false},{"id":102,"date":"2020-01-18","players":[1,50,194,86,12,2,21,39,8,51],"don":3,"maf1":5,"maf2":8,"sherif":1,"firstKilled":null,"firstKilledGuessPoints":null,"cityWin":true},{"id":103,"date":"2020-01-20","players":[10,16,160,27,39,177,8,12,15,40],"don":8,"maf1":2,"maf2":9,"sherif":4,"firstKilled":1,"firstKilledGuessPoints":null,"cityWin":true},{"id":104,"date":"2020-01-20","players":[102,42,64,151,10,39,34,25,40,98],"don":9,"maf1":2,"maf2":4,"sherif":8,"firstKilled":5,"firstKilledGuessPoints":0,"cityWin":false},{"id":105,"date":"2020-01-20","players":[31,11,25,98,16,64,102,160,39,15],"don":9,"maf1":2,"maf2":8,"sherif":4,"firstKilled":4,"firstKilledGuessPoints":0.25,"cityWin":true},{"id":106,"date":"2020-01-20","players":[11,19,5,4,64,43,98,41,25,29],"don":1,"maf1":3,"maf2":6,"sherif":5,"firstKilled":2,"firstKilledGuessPoints":0.25,"cityWin":true},{"id":107,"date":"2020-01-20","players":[64,29,12,10,21,62,4,19,5,58],"don":0,"maf1":3,"maf2":5,"sherif":9,"firstKilled":7,"firstKilledGuessPoints":0.25,"cityWin":false},{"id":108,"date":"2020-01-20","players":[5,177,10,41,4,69,19,58,62,21],"don":9,"maf1":4,"maf2":5,"sherif":6,"firstKilled":1,"firstKilledGuessPoints":0,"cityWin":false},{"id":109,"date":"2020-01-20","players":[31,36,5,19,27,8,58,54,39,160],"don":7,"maf1":1,"maf2":4,"sherif":3,"firstKilled":3,"firstKilledGuessPoints":0,"cityWin":false},{"id":110,"date":"2020-01-20","players":[5,21,27,58,19,160,36,8,34,1],"don":7,"maf1":0,"maf2":4,"sherif":1,"firstKilled":8,"firstKilledGuessPoints":0,"cityWin":true},{"id":111,"date":"2020-01-20","players":[27,58,21,36,62,34,1,10,5,43],"don":8,"maf1":0,"maf2":3,"sherif":4,"firstKilled":2,"firstKilledGuessPoints":0,"cityWin":false},{"id":112,"date":"2020-01-20","players":[8,40,41,25,42,43,160,15,16,177],"don":7,"maf1":2,"maf2":3,"sherif":4,"firstKilled":6,"firstKilledGuessPoints":0,"cityWin":true},{"id":113,"date":"2020-01-18","players":[61,35,8,39,51,19,16,98,194,15],"don":5,"maf1":3,"maf2":4,"sherif":7,"cityWin":false,"firstKilled":1,"firstKilledGuessPoints":0},{"id":114,"date":"2020-01-23","players":[51,42,53,10,102,35,54,98,8,31],"don":6,"maf1":1,"maf2":9,"sherif":5,"firstKilled":4,"firstKilledGuessPoints":0.4,"cityWin":true},{"id":115,"date":"2020-01-23","players":[54,36,151,8,51,177,98,145,86,34],"don":2,"maf1":0,"maf2":9,"sherif":7,"firstKilled":3,"firstKilledGuessPoints":0,"cityWin":false},{"id":116,"date":"2020-01-23","players":[8,86,102,98,151,145,10,54,36,34],"don":5,"maf1":1,"maf2":6,"sherif":7,"firstKilled":3,"firstKilledGuessPoints":0,"cityWin":true},{"id":117,"date":"2020-01-23","players":[10,35,86,34,51,42,151,145,102,36],"don":8,"maf1":2,"maf2":6,"sherif":7,"firstKilled":3,"firstKilledGuessPoints":0.25,"cityWin":false},{"id":118,"date":"2020-01-23","players":[145,54,8,31,51,36,34,98,35,151],"don":3,"maf1":4,"maf2":8,"sherif":2,"firstKilled":1,"firstKilledGuessPoints":0.25,"cityWin":true},{"id":119,"date":"2020-01-22","players":[51,15,1,39,196,114,19,177,119,178],"don":6,"maf1":3,"maf2":9,"sherif":7,"firstKilled":2,"firstKilledGuessPoints":0.25,"cityWin":true},{"id":120,"date":"2020-01-22","players":[15,54,31,197,119,1,19,10,123,16],"don":7,"maf1":0,"maf2":9,"sherif":1,"firstKilled":8,"firstKilledGuessPoints":0.25,"cityWin":true},{"id":121,"date":"2020-01-22","players":[27,5,1,16,123,196,39,178,54,51],"don":3,"maf1":4,"maf2":9,"sherif":7,"firstKilled":8,"firstKilledGuessPoints":0.25,"cityWin":true},{"id":122,"date":"2020-01-22","players":[8,31,39,51,19,53,197,1,54,27],"don":6,"maf1":3,"maf2":8,"sherif":1,"firstKilled":0,"firstKilledGuessPoints":0.4,"cityWin":true},{"id":123,"date":"2020-01-22","players":[27,19,53,8,39,197,54,119,31,51],"don":5,"maf1":3,"maf2":4,"sherif":0,"firstKilled":2,"firstKilledGuessPoints":0,"cityWin":false},{"id":124,"date":"2020-01-22","players":[198,54,29,151,46,199,5,21,53,200],"don":0,"maf1":2,"maf2":9,"sherif":4,"firstKilled":null,"firstKilledGuessPoints":null,"cityWin":true},{"id":125,"date":"2020-01-22","players":[199,62,200,201,198,151,156,46,114,119],"don":3,"maf1":2,"maf2":6,"sherif":7,"firstKilled":7,"firstKilledGuessPoints":0,"cityWin":false},{"id":126,"date":"2020-01-22","players":[151,12,29,86,102,156,114,199,198,46],"don":2,"maf1":0,"maf2":8,"sherif":4,"firstKilled":null,"firstKilledGuessPoints":null,"cityWin":true},{"id":127,"date":"2020-01-22","players":[201,177,15,21,19,16,62,5,199,198],"don":6,"maf1":0,"maf2":8,"sherif":2,"firstKilled":2,"firstKilledGuessPoints":0.25,"cityWin":false},{"id":128,"date":"2020-01-24","players":[143,147,202,151,187,86,5,102,12,115],"don":7,"maf1":0,"maf2":9,"sherif":3,"firstKilled":5,"firstKilledGuessPoints":0,"cityWin":false},{"id":129,"date":"2020-01-22","players":[114,102,46,198,12,1,86,177,199,151],"don":5,"maf1":2,"maf2":9,"sherif":8,"firstKilled":8,"firstKilledGuessPoints":0,"cityWin":false},{"id":130,"date":"2020-01-24","players":[16,143,2,86,115,62,12,151,5,68],"don":6,"maf1":3,"maf2":4,"sherif":0,"firstKilled":2,"firstKilledGuessPoints":0,"cityWin":true},{"id":131,"date":"2020-01-24","players":[42,15,68,27,145,143,3,151,2,51],"don":1,"maf1":7,"maf2":9,"sherif":6,"firstKilled":2,"firstKilledGuessPoints":0,"cityWin":true},{"id":132,"date":"2020-01-24","players":[62,15,68,5,99,12,3,16,115,2],"don":1,"maf1":4,"maf2":9,"sherif":7,"firstKilled":0,"firstKilledGuessPoints":0,"cityWin":false},{"id":133,"date":"2020-01-24","players":[1,27,34,68,10,150,51,58,8,99],"don":4,"maf1":1,"maf2":6,"sherif":2,"firstKilled":7,"firstKilledGuessPoints":0,"cityWin":false},{"id":134,"date":"2020-01-24","players":[5,99,40,143,36,15,16,102,58,62],"don":2,"maf1":0,"maf2":4,"sherif":7,"firstKilled":1,"firstKilledGuessPoints":0,"cityWin":true},{"id":135,"date":"2020-01-24","players":[51,36,15,115,40,144,143,62,151,27],"don":9,"maf1":7,"maf2":8,"sherif":5,"firstKilled":3,"firstKilledGuessPoints":0,"cityWin":false},{"id":136,"date":"2020-01-24","players":[51,8,3,42,27,15,115,86,145,2],"don":9,"maf1":2,"maf2":8,"sherif":3,"firstKilled":3,"firstKilledGuessPoints":0,"cityWin":false},{"id":137,"date":"2020-01-24","players":[27,144,115,203,16,102,62,58,36,51],"don":4,"maf1":0,"maf2":6,"sherif":1,"firstKilled":8,"firstKilledGuessPoints":0.25,"cityWin":false},{"id":138,"date":"2020-01-25","players":[8,117,1,16,51,104,5,39,34,2],"don":3,"maf1":5,"maf2":9,"sherif":2,"cityWin":true,"firstKilled":8,"firstKilledGuessPoints":0.25},{"id":139,"date":"2020-01-25","players":[27,51,2,39,34,8,16,104,3,117],"don":4,"maf1":1,"maf2":9,"sherif":6,"firstKilled":0,"firstKilledGuessPoints":0,"cityWin":false},{"id":140,"date":"2020-01-25","players":[51,39,104,1,34,10,3,42,177,15],"don":3,"maf1":2,"maf2":4,"sherif":0,"firstKilled":null,"firstKilledGuessPoints":null,"cityWin":false},{"id":141,"date":"2020-01-25","players":[1,40,16,177,123,5,117,8,51,34],"don":5,"maf1":0,"maf2":7,"sherif":9,"firstKilled":3,"firstKilledGuessPoints":0,"cityWin":true},{"id":142,"date":"2020-01-25","players":[8,5,15,177,35,204,16,42,21,117],"don":7,"maf1":3,"maf2":6,"sherif":5,"firstKilled":9,"firstKilledGuessPoints":0,"cityWin":false},{"id":143,"date":"2020-01-25","players":[205,27,109,204,206,207,98,151,86,4],"don":3,"maf1":0,"maf2":1,"sherif":9,"firstKilled":3,"firstKilledGuessPoints":0,"cityWin":false},{"id":144,"date":"2020-01-25","players":[151,1,205,109,5,145,206,98,207,86],"don":2,"maf1":4,"maf2":8,"sherif":7,"firstKilled":1,"firstKilledGuessPoints":0,"cityWin":false},{"id":145,"date":"2020-01-25","players":[3,40,42,207,151,15,206,109,205,21],"don":3,"maf1":4,"maf2":5,"sherif":8,"firstKilled":1,"firstKilledGuessPoints":0,"cityWin":false},{"id":146,"date":"2020-01-25","players":[205,104,39,5,109,16,8,98,151,51],"don":5,"maf1":1,"maf2":9,"sherif":0,"firstKilled":6,"firstKilledGuessPoints":0.25,"cityWin":true},{"id":147,"date":"2020-01-25","players":[151,5,208,16,206,207,109,98,86,117],"don":7,"maf1":4,"maf2":6,"sherif":1,"firstKilled":null,"firstKilledGuessPoints":null,"cityWin":true},{"id":148,"date":"2020-01-27","players":[1,8,151,21,199,209,210,14,204,15],"don":8,"maf1":1,"maf2":9,"sherif":7,"cityWin":true},{"id":149,"date":"2020-01-27","players":[16,11,15,1,19,204,5,8,25,118],"don":4,"maf1":7,"maf2":8,"sherif":1,"firstKilled":null,"firstKilledGuessPoints":null,"cityWin":false},{"id":150,"date":"2020-01-27","players":[64,25,10,204,19,8,145,1,27,11],"don":5,"maf1":6,"maf2":7,"sherif":4,"firstKilled":4,"firstKilledGuessPoints":0,"cityWin":true},{"id":151,"date":"2020-01-27","players":[7,12,29,8,151,143,118,102,160,19],"don":9,"maf1":3,"maf2":7,"sherif":8,"firstKilled":null,"firstKilledGuessPoints":null,"cityWin":false},{"id":152,"date":"2020-01-27","players":[145,69,5,204,8,160,151,19,118,27],"don":6,"maf1":5,"maf2":9,"sherif":2,"firstKilled":4,"firstKilledGuessPoints":0.4,"cityWin":false},{"id":153,"date":"2020-01-27","players":[8,15,21,210,204,16,27,209,199,19],"don":8,"maf1":0,"maf2":2,"sherif":3,"firstKilled":9,"firstKilledGuessPoints":0.25,"cityWin":true},{"id":154,"date":"2020-01-27","players":[7,143,12,118,25,160,19,151,16,62],"don":8,"maf1":1,"maf2":2,"sherif":9,"firstKilled":7,"firstKilledGuessPoints":0,"cityWin":true},{"id":155,"date":"2020-01-27","players":[5,11,29,14,25,7,21,12,160,118],"don":9,"maf1":3,"maf2":5,"sherif":4,"firstKilled":7,"firstKilledGuessPoints":0,"cityWin":true},{"id":156,"date":"2020-01-27","players":[62,102,209,12,7,199,143,29,14,160],"don":4,"maf1":2,"maf2":5,"sherif":7,"firstKilled":null,"firstKilledGuessPoints":null,"cityWin":true},{"id":157,"date":"2020-01-29","players":[23,21,15,5,19,16,64,27,10,34],"don":5,"maf1":3,"maf2":8,"sherif":0,"cityWin":false,"firstKilled":9,"firstKilledGuessPoints":0},{"id":158,"date":"2020-01-29","players":[27,34,10,7,8,15,16,19,5,64],"don":8,"maf1":7,"maf2":9,"sherif":3,"firstKilled":0,"firstKilledGuessPoints":0,"cityWin":false},{"id":159,"date":"2020-01-29","players":[15,16,19,5,39,31,10,123,27,8],"don":7,"maf1":1,"maf2":8,"sherif":9,"firstKilled":2,"firstKilledGuessPoints":0,"cityWin":false},{"id":160,"date":"2020-01-29","players":[118,12,31,86,39,4,54,194,151,34],"don":8,"maf1":4,"maf2":5,"sherif":2,"firstKilled":2,"firstKilledGuessPoints":0,"cityWin":false},{"id":161,"date":"2020-01-29","players":[27,8,39,5,34,194,54,151,86,53],"don":4,"maf1":2,"maf2":8,"sherif":0,"firstKilled":9,"firstKilledGuessPoints":0.25,"cityWin":true},{"id":162,"date":"2020-01-29","players":[86,53,118,151,39,54,31,12,19,34],"don":3,"maf1":7,"maf2":9,"sherif":0,"firstKilled":8,"firstKilledGuessPoints":0,"cityWin":false},{"id":163,"date":"2020-01-29","players":[1,7,29,42,27,31,11,64,21,194],"don":6,"maf1":5,"maf2":9,"sherif":7,"firstKilled":7,"firstKilledGuessPoints":0.25,"cityWin":false},{"id":164,"date":"2020-01-29","players":[27,10,16,1,40,8,15,5,11,64],"don":3,"maf1":1,"maf2":7,"sherif":4,"firstKilled":8,"firstKilledGuessPoints":0.25,"cityWin":true},{"id":165,"date":"2020-01-29","players":[194,118,21,64,15,7,23,34,69,1],"don":2,"maf1":0,"maf2":4,"sherif":8,"firstKilled":8,"firstKilledGuessPoints":0,"cityWin":false},{"id":166,"date":"2020-01-29","players":[123,69,194,118,8,39,1,21,23,31],"don":9,"maf1":1,"maf2":6,"sherif":8,"firstKilled":4,"firstKilledGuessPoints":0.4,"cityWin":true},{"id":167,"date":"2020-01-31","players":[31,86,62,69,42,147,1,98,58,54],"don":5,"maf1":2,"maf2":6,"sherif":7,"cityWin":true,"firstKilled":8,"firstKilledGuessPoints":0},{"id":168,"date":"2020-01-31","players":[54,147,58,98,86,151,31,62,1,5],"don":1,"maf1":2,"maf2":3,"sherif":7,"firstKilled":0,"firstKilledGuessPoints":0.25,"cityWin":true},{"id":169,"date":"2020-01-31","players":[5,14,58,97,39,34,36,10,27,15],"don":6,"maf1":0,"maf2":5,"sherif":7,"firstKilled":4,"firstKilledGuessPoints":0,"cityWin":false},{"id":170,"date":"2020-01-31","players":[15,36,58,10,39,34,123,51,5,97],"don":5,"maf1":2,"maf2":6,"sherif":1,"firstKilled":7,"firstKilledGuessPoints":0,"cityWin":false},{"id":171,"date":"2020-01-31","players":[115,62,147,8,54,123,143,53,40,51],"don":0,"maf1":5,"maf2":8,"sherif":9,"firstKilled":null,"firstKilledGuessPoints":null,"cityWin":true},{"id":172,"date":"2020-01-31","players":[27,204,97,36,39,8,51,5,16,34],"don":1,"maf1":7,"maf2":9,"sherif":8,"firstKilled":null,"firstKilledGuessPoints":null,"cityWin":true},{"id":173,"date":"2020-01-31","players":[2,4,8,15,204,16,69,39,3,51],"don":4,"maf1":1,"maf2":7,"sherif":8,"firstKilled":2,"firstKilledGuessPoints":0,"cityWin":false},{"id":174,"date":"2020-01-31","players":[15,53,39,16,115,12,204,51,8,5],"don":6,"maf1":2,"maf2":5,"sherif":9,"firstKilled":null,"firstKilledGuessPoints":null,"cityWin":true},{"id":175,"date":"2020-01-31","players":[51,2,53,39,69,5,54,16,4,204],"don":8,"maf1":3,"maf2":6,"sherif":4,"firstKilled":2,"firstKilledGuessPoints":0.25,"cityWin":true},{"id":176,"date":"2020-01-31","players":[211,212,15,40,58,147,62,143,115,51],"don":9,"maf1":3,"maf2":7,"sherif":6,"firstKilled":4,"firstKilledGuessPoints":0,"cityWin":false},{"id":177,"date":"2020-01-31","players":[10,31,42,98,12,58,14,86,54,62],"don":0,"maf1":2,"maf2":5,"sherif":9,"firstKilled":6,"firstKilledGuessPoints":0.25,"cityWin":false},{"id":178,"date":"2020-01-31","players":[151,98,1,58,129,147,8,62,31,86],"don":6,"maf1":1,"maf2":2,"sherif":7,"firstKilled":null,"firstKilledGuessPoints":null,"cityWin":false},{"id":179,"date":"2020-01-31","players":[86,129,151,1,62,8,98,147,31,58],"don":9,"maf1":5,"maf2":6,"sherif":3,"firstKilled":0,"firstKilledGuessPoints":0,"cityWin":true}],"players":[{"id":60,"name":"Язва","nameHistory":[{"nameChangeId":1,"name":"Язва","date":1576220388177}]},{"id":41,"name":"Эми","nameHistory":[{"nameChangeId":1,"name":"Эми","date":1575894227951}]},{"id":127,"name":"Элла","nameHistory":[{"nameChangeId":1,"name":"Элла","date":1577427908480}]},{"id":128,"name":"Эликсир","nameHistory":[{"nameChangeId":1,"name":"Эликсир","date":1577427977224}]},{"id":65,"name":"Шип","nameHistory":[{"nameChangeId":1,"name":"Шип","date":1576221571246}]},{"id":131,"name":"ЧС","nameHistory":[{"nameChangeId":1,"name":"ЧС","date":1577614262851}]},{"id":117,"name":"Чешир","nameHistory":[{"nameChangeId":1,"name":"Чешир","date":1577168548818}]},{"id":138,"name":"Черника","nameHistory":[{"nameChangeId":1,"name":"Черника","date":1577960528531}]},{"id":30,"name":"Чен","nameHistory":[{"nameChangeId":1,"name":"Чен","date":1575554660015}]},{"id":10,"name":"Хусейн","nameHistory":[{"nameChangeId":1,"name":"Хусейн","date":1574854958509}]},{"id":71,"name":"Холод","nameHistory":[{"nameChangeId":1,"name":"холод","date":1576222264341},{"nameChangeId":2,"name":"Холод","date":1576222295704}]},{"id":4,"name":"Харви","nameHistory":[{"nameChangeId":1,"name":"Харви","date":1574854902750}]},{"id":53,"name":"ФурсДари","nameHistory":[{"nameChangeId":1,"name":"ФурсДари","date":1576219818564}]},{"id":119,"name":"Флоренция","nameHistory":[{"nameChangeId":1,"name":"Флоренция","date":1577168792183}]},{"id":84,"name":"Фирдэй","nameHistory":[{"nameChangeId":1,"name":"Фирдэй","date":1576741055319}]},{"id":21,"name":"Финч","nameHistory":[{"nameChangeId":1,"name":"Финч","date":1575553623456}]},{"id":26,"name":"Фил","nameHistory":[{"nameChangeId":1,"name":"Фил","date":1575554135761}]},{"id":25,"name":"Феликс","nameHistory":[{"nameChangeId":1,"name":"Феликс","date":1575554086491}]},{"id":136,"name":"Улыбакинсон","nameHistory":[{"nameChangeId":1,"name":"Улыбакинсон","date":1577960105347}]},{"id":137,"name":"Улитко","nameHistory":[{"nameChangeId":1,"name":"Улитко","date":1577960128195}]},{"id":48,"name":"Токио","nameHistory":[{"nameChangeId":1,"name":"Токио","date":1575895398095}]},{"id":24,"name":"Тобер","nameHistory":[{"nameChangeId":1,"name":"Тобер","date":1575554051238}]},{"id":73,"name":"Тихий","nameHistory":[{"nameChangeId":1,"name":"Тихий","date":1576223977179}]},{"id":52,"name":"Тимур","nameHistory":[{"nameChangeId":1,"name":"Тимур","date":1576219808931}]},{"id":61,"name":"Тенерифе","nameHistory":[{"nameChangeId":1,"name":"Тенерифе","date":1576220402583}]},{"id":140,"name":"Тайгер","nameHistory":[{"nameChangeId":1,"name":"Тайгер","date":1577961549834}]},{"id":23,"name":"Сумман","nameHistory":[{"nameChangeId":1,"name":"Сумман","date":1575553655374}]},{"id":77,"name":"Странник","nameHistory":[{"nameChangeId":1,"name":"Странник","date":1576739899124}]},{"id":31,"name":"Созерцающий","nameHistory":[{"nameChangeId":1,"name":"Созерцающий","date":1575554677216}]},{"id":16,"name":"Совесть","nameHistory":[{"nameChangeId":1,"name":"Совесть","date":1574858425406}]},{"id":94,"name":"Снайпер","nameHistory":[{"nameChangeId":1,"name":"Снайпер","date":1576741666121}]},{"id":36,"name":"Славик","nameHistory":[{"nameChangeId":1,"name":"Славик","date":1575555316020}]},{"id":134,"name":"Скарлет","nameHistory":[{"nameChangeId":1,"name":"Скарлет","date":1577614665384}]},{"id":19,"name":"Симба","nameHistory":[{"nameChangeId":1,"name":"Симба","date":1575552410977}]},{"id":18,"name":"Светлячок","nameHistory":[{"nameChangeId":1,"name":"Светлячок","date":1575552379194}]},{"id":14,"name":"Сантос","nameHistory":[{"nameChangeId":2,"name":"Игрок2","date":1574858545568},{"nameChangeId":1,"name":"Пила","date":1574858364739},{"nameChangeId":3,"name":"Сантос","date":1576221811650}]},{"id":109,"name":"Санта","nameHistory":[{"nameChangeId":1,"name":"Санта","date":1577167031354}]},{"id":29,"name":"Самбука","nameHistory":[{"nameChangeId":1,"name":"Самбука","date":1575554616209}]},{"id":3,"name":"Самаритянка","nameHistory":[{"nameChangeId":1,"name":"Самаритянка","date":1574854890790}]},{"id":56,"name":"Самаритянин","nameHistory":[{"nameChangeId":1,"name":"Самаритянин","date":1576219852081}]},{"id":135,"name":"Рыжая","nameHistory":[{"nameChangeId":1,"name":"Рыжая","date":1577614800021}]},{"id":13,"name":"Рокфеллер","nameHistory":[{"nameChangeId":1,"name":"Рокфеллер","date":1574854973684}]},{"id":11,"name":"Роза","nameHistory":[{"nameChangeId":1,"name":"Роза","date":1574854963697}]},{"id":112,"name":"Ричард","nameHistory":[{"nameChangeId":1,"name":"Ричард","date":1577167100354}]},{"id":81,"name":"Рич","nameHistory":[{"nameChangeId":1,"name":"Рич","date":1576740458521}]},{"id":58,"name":"Раб","nameHistory":[{"nameChangeId":1,"name":"Раб","date":1576220334915}]},{"id":32,"name":"Проповедник","nameHistory":[{"nameChangeId":1,"name":"Проповедник","date":1575554868974}]},{"id":124,"name":"Правда","nameHistory":[{"nameChangeId":1,"name":"Правда","date":1577427444106}]},{"id":55,"name":"Пончик (Муж)","nameHistory":[{"nameChangeId":1,"name":"Пончик (Муж)","date":1576219831097}]},{"id":123,"name":"Пончик (Жен)","nameHistory":[{"nameChangeId":1,"name":"Пончик (жен)","date":1577169940128},{"nameChangeId":2,"name":"Пончик (Жен)","date":1577169974409}]},{"id":126,"name":"Польза","nameHistory":[{"nameChangeId":1,"name":"Польза","date":1577427636444}]},{"id":95,"name":"Плуто","nameHistory":[{"nameChangeId":1,"name":"Плуто","date":1576742327896}]},{"id":44,"name":"Пиф","nameHistory":[{"nameChangeId":1,"name":"Пиф","date":1575894247029}]},{"id":5,"name":"Пила","nameHistory":[{"nameChangeId":1,"name":"Пила","date":1574854908282}]},{"id":141,"name":"Пегас","nameHistory":[{"nameChangeId":1,"name":"Пегас","date":1577961822178}]},{"id":74,"name":"Пантера","nameHistory":[{"nameChangeId":1,"name":"Пантера","date":1576739649817}]},{"id":86,"name":"Панда из Руанды","nameHistory":[{"nameChangeId":1,"name":"Панда из Руанды","date":1576741107634}]},{"id":51,"name":"Опер","nameHistory":[{"nameChangeId":1,"name":"Опер","date":1575896786612}]},{"id":91,"name":"Окси","nameHistory":[{"nameChangeId":1,"name":"Окси","date":1576741448033}]},{"id":66,"name":"Ника","nameHistory":[{"nameChangeId":1,"name":"Ника","date":1576221592395}]},{"id":62,"name":"Немо","nameHistory":[{"nameChangeId":1,"name":"Немо","date":1576221222979}]},{"id":47,"name":"Невидимка","nameHistory":[{"nameChangeId":1,"name":"Невидимка","date":1575895384781}]},{"id":130,"name":"Ната","nameHistory":[{"nameChangeId":1,"name":"Ната","date":1577614249296}]},{"id":22,"name":"Наркоманка","nameHistory":[{"nameChangeId":1,"name":"Наркоманка","date":1575553651154}]},{"id":63,"name":"Молочко","nameHistory":[{"nameChangeId":1,"name":"Молочко","date":1576221469040}]},{"id":106,"name":"Могу Долго","nameHistory":[{"nameChangeId":1,"name":"Могу Долго","date":1576745456562}]},{"id":78,"name":"Мишок","nameHistory":[{"nameChangeId":1,"name":"Мишок","date":1576739915984}]},{"id":75,"name":"Мироманка","nameHistory":[{"nameChangeId":1,"name":"Мироманка","date":1576739710334}]},{"id":68,"name":"Миледи","nameHistory":[{"nameChangeId":1,"name":"Миледи","date":1576222197717}]},{"id":118,"name":"Медведь","nameHistory":[{"nameChangeId":1,"name":"Медведь","date":1577168738086}]},{"id":6,"name":"Матильда","nameHistory":[{"nameChangeId":1,"name":"Матильда","date":1574854921746}]},{"id":8,"name":"Масяня","nameHistory":[{"nameChangeId":1,"name":"Масяня","date":1574854937901}]},{"id":50,"name":"Марк","nameHistory":[{"nameChangeId":1,"name":"Марк","date":1575896658238}]},{"id":38,"name":"Мариан","nameHistory":[{"nameChangeId":1,"name":"Мариан","date":1575555547289}]},{"id":115,"name":"Маракуйя","nameHistory":[{"nameChangeId":1,"name":"Маракуйя","date":1577167377925}]},{"id":12,"name":"Мао","nameHistory":[{"nameChangeId":1,"name":"Мао","date":1574854967322}]},{"id":122,"name":"Максим Занят","nameHistory":[{"nameChangeId":1,"name":"Максим Занят","date":1577169705847}]},{"id":99,"name":"Магистр","nameHistory":[{"nameChangeId":1,"name":"Магистр","date":1576743148260}]},{"id":33,"name":"Маг","nameHistory":[{"nameChangeId":1,"name":"Маг","date":1575554982450}]},{"id":34,"name":"Маваши","nameHistory":[{"nameChangeId":1,"name":"Маваши","date":1575555286390}]},{"id":57,"name":"М (Эм)","nameHistory":[{"nameChangeId":1,"name":"М (Эм)","date":1576220000144}]},{"id":116,"name":"Лулу","nameHistory":[{"nameChangeId":1,"name":"Лулу","date":1577167590333}]},{"id":42,"name":"Лобода","nameHistory":[{"nameChangeId":1,"name":"Лобода","date":1575894236618}]},{"id":132,"name":"Леся","nameHistory":[{"nameChangeId":1,"name":"Леся","date":1577614278503}]},{"id":111,"name":"Леонардо","nameHistory":[{"nameChangeId":1,"name":"Леонардо","date":1577167074516}]},{"id":85,"name":"Ленивец","nameHistory":[{"nameChangeId":1,"name":"Ленивец","date":1576741084984}]},{"id":15,"name":"Лелик","nameHistory":[{"nameChangeId":1,"name":"Лелик","date":1574858421278}]},{"id":104,"name":"Лекса","nameHistory":[{"nameChangeId":1,"name":"Лекса","date":1576744437078}]},{"id":90,"name":"Лаки","nameHistory":[{"nameChangeId":1,"name":"Лаки","date":1576741443366}]},{"id":7,"name":"Кью","nameHistory":[{"nameChangeId":1,"name":"Кью","date":1574854931272}]},{"id":27,"name":"Крот","nameHistory":[{"nameChangeId":1,"name":"Фини","date":1575554146639},{"nameChangeId":2,"name":"Крот","date":1575554610912}]},{"id":46,"name":"Крокодил","nameHistory":[{"nameChangeId":1,"name":"Крокодил","date":1575895325357}]},{"id":88,"name":"Кри","nameHistory":[{"nameChangeId":1,"name":"Кри","date":1576741400482}]},{"id":49,"name":"Красный Игрок","nameHistory":[{"nameChangeId":1,"name":"Красный Игрок","date":1575895881809}]},{"id":108,"name":"Колибри","nameHistory":[{"nameChangeId":1,"name":"Колибри","date":1577167013804}]},{"id":70,"name":"Клон","nameHistory":[{"nameChangeId":1,"name":"клон","date":1576222257733},{"nameChangeId":2,"name":"Клон","date":1576222289603}]},{"id":107,"name":"Картман","nameHistory":[{"nameChangeId":1,"name":"Картман","date":1577083141372}]},{"id":17,"name":"Карабас","nameHistory":[{"nameChangeId":1,"name":"Масяня","date":1574858447674},{"nameChangeId":2,"name":"Игрок1","date":1574858525309},{"nameChangeId":3,"name":"Карабас","date":1576741378984}]},{"id":125,"name":"Изи-Бризи","nameHistory":[{"nameChangeId":1,"name":"Изи-Бризи","date":1577427491475}]},{"id":139,"name":"Зик","nameHistory":[{"nameChangeId":1,"name":"Зик","date":1577961327220}]},{"id":87,"name":"Неправильный ник 3","nameHistory":[{"nameChangeId":1,"name":"Зет","date":1576741129435},{"nameChangeId":2,"name":"Неправильный ник 3","date":1579444586854}]},{"id":35,"name":"Забей","nameHistory":[{"nameChangeId":1,"name":"Забей","date":1575555301037}]},{"id":69,"name":"Жена","nameHistory":[{"nameChangeId":1,"name":"Жена","date":1576222226970}]},{"id":105,"name":"Есаул","nameHistory":[{"nameChangeId":1,"name":"Есаул","date":1576745138086}]},{"id":82,"name":"Енот","nameHistory":[{"nameChangeId":1,"name":"Енот","date":1576740984768}]},{"id":92,"name":"Елка","nameHistory":[{"nameChangeId":1,"name":"Елка","date":1576741466798}]},{"id":100,"name":"Ева","nameHistory":[{"nameChangeId":1,"name":"Ева","date":1576744178264}]},{"id":72,"name":"Друг","nameHistory":[{"nameChangeId":1,"name":"Друг","date":1576223844564}]},{"id":133,"name":"Джонс","nameHistory":[{"nameChangeId":1,"name":"Джонс","date":1577614304068}]},{"id":89,"name":"Джексон","nameHistory":[{"nameChangeId":1,"name":"Джексон","date":1576741422931}]},{"id":101,"name":"Джек","nameHistory":[{"nameChangeId":1,"name":"Джек","date":1576744219201}]},{"id":40,"name":"Граф","nameHistory":[{"nameChangeId":1,"name":"Граф","date":1575555655534}]},{"id":59,"name":"Гонсалес","nameHistory":[{"nameChangeId":1,"name":"Гонсалес","date":1576220356981}]},{"id":110,"name":"Гольф","nameHistory":[{"nameChangeId":1,"name":"Гольф","date":1577167054573}]},{"id":20,"name":"Гоги","nameHistory":[{"nameChangeId":1,"name":"Гоги","date":1575552429743}]},{"id":54,"name":"Гитлерок","nameHistory":[{"nameChangeId":1,"name":"Гитлерок","date":1576219824428}]},{"id":113,"name":"Гиннес","nameHistory":[{"nameChangeId":1,"name":"Гиннес","date":1577167179849}]},{"id":98,"name":"Гидра","nameHistory":[{"nameChangeId":1,"name":"Гидра","date":1576743130683}]},{"id":120,"name":"Гермиона","nameHistory":[{"nameChangeId":1,"name":"Гермиона","date":1577169475938}]},{"id":2,"name":"Гермес","nameHistory":[{"nameChangeId":1,"name":"Гермес","date":1574854880179}]},{"id":96,"name":"Вульф","nameHistory":[{"nameChangeId":1,"name":"Вульф","date":1576742374822}]},{"id":102,"name":"Ву","nameHistory":[{"nameChangeId":1,"name":"Ву","date":1576744277733}]},{"id":79,"name":"Вита","nameHistory":[{"nameChangeId":1,"name":"Вита","date":1576739919631}]},{"id":129,"name":"Винч","nameHistory":[{"nameChangeId":1,"name":"Винч","date":1577614142916}]},{"id":67,"name":"Вильгельм","nameHistory":[{"nameChangeId":1,"name":"Вильгельм","date":1576222171961}]},{"id":39,"name":"Вертинский","nameHistory":[{"nameChangeId":1,"name":"Вертинский","date":1575555606043}]},{"id":45,"name":"ВВ","nameHistory":[{"nameChangeId":1,"name":"ВВ","date":1575895320220}]},{"id":76,"name":"Бугай","nameHistory":[{"nameChangeId":1,"name":"Бугай","date":1576739725064}]},{"id":9,"name":"Ботичелли","nameHistory":[{"nameChangeId":1,"name":"Ботичелли","date":1574854945966}]},{"id":121,"name":"Боб","nameHistory":[{"nameChangeId":1,"name":"Боб","date":1577169686290},{"nameChangeId":2,"name":"Максим Занят","date":1577169691463},{"nameChangeId":3,"name":"Боб","date":1577169698904}]},{"id":1,"name":"Бернинг","nameHistory":[{"nameChangeId":1,"name":"Бернинг","date":1574854870530}]},{"id":114,"name":"Белла","nameHistory":[{"nameChangeId":1,"name":"Белла","date":1577167275994}]},{"id":28,"name":"Баламут","nameHistory":[{"nameChangeId":1,"name":"Баламут","date":1575554600158}]},{"id":93,"name":"База","nameHistory":[{"nameChangeId":1,"name":"База","date":1576741485477}]},{"id":64,"name":"Аш","nameHistory":[{"nameChangeId":1,"name":"Аш","date":1576221491746}]},{"id":37,"name":"Аспин","nameHistory":[{"nameChangeId":1,"name":"Аспин","date":1575555342259}]},{"id":103,"name":"Антоновка","nameHistory":[{"nameChangeId":1,"name":"Антоновка","date":1576744299211}]},{"id":83,"name":"Антон","nameHistory":[{"nameChangeId":1,"name":"Антон","date":1576741007317}]},{"id":80,"name":"Айвори","nameHistory":[{"nameChangeId":1,"name":"Айвери","date":1576740433618},{"nameChangeId":2,"name":"Айвори","date":1576741499498}]},{"id":97,"name":"Агроном","nameHistory":[{"nameChangeId":1,"name":"Агроном","date":1576742839396}]},{"id":43,"name":"А1","nameHistory":[{"nameChangeId":1,"name":"А1","date":1575894242866}]},{"id":142,"name":"Марго","nameHistory":[{"nameChangeId":1,"name":"Марго","date":1578607922658}]},{"id":143,"name":"Фиалка","nameHistory":[{"nameChangeId":1,"name":"Фиалка","date":1578609588996}]},{"id":144,"name":"Бамблби","nameHistory":[{"nameChangeId":1,"name":"Бамблби","date":1578610021774}]},{"id":145,"name":"Руфер","nameHistory":[{"nameChangeId":1,"name":"Руфер","date":1578610690721}]},{"id":146,"name":"Лютик","nameHistory":[{"nameChangeId":1,"name":"Лютик","date":1578670345021}]},{"id":147,"name":"Маркус","nameHistory":[{"nameChangeId":1,"name":"Маркус","date":1578670704049}]},{"id":148,"name":"Эдж","nameHistory":[{"nameChangeId":1,"name":"Эдж","date":1578670734188}]},{"id":149,"name":"Мария","nameHistory":[{"nameChangeId":1,"name":"Мария","date":1578670765354}]},{"id":150,"name":"Вад","nameHistory":[{"nameChangeId":1,"name":"Вад","date":1578670888326}]},{"id":151,"name":"Зэт(Z)","nameHistory":[{"nameChangeId":1,"name":"Зэт(Z)","date":1578672007650}]},{"id":152,"name":"Дион Доу","nameHistory":[{"nameChangeId":1,"name":"Дион Доу","date":1578672562158}]},{"id":153,"name":"Лоя","nameHistory":[{"nameChangeId":1,"name":"Лоя","date":1578673749840}]},{"id":154,"name":"Неправильный ник","nameHistory":[{"nameChangeId":1,"name":"Макрос","date":1578673759714},{"nameChangeId":2,"name":"Неправильный ник","date":1579444443782}]},{"id":155,"name":"Нагинц","nameHistory":[{"nameChangeId":1,"name":"Нагинц","date":1578673828749}]},{"id":156,"name":"Чак Норрис","nameHistory":[{"nameChangeId":1,"name":"Чак Норрис","date":1578760230906}]},{"id":157,"name":"Алиса (молодечно)","nameHistory":[{"nameChangeId":1,"name":"Алиса (молодечно)","date":1578760894693}]},{"id":158,"name":"Лиса","nameHistory":[{"nameChangeId":1,"name":"Лиса","date":1578760919336}]},{"id":159,"name":"Грин","nameHistory":[{"nameChangeId":1,"name":"Грин","date":1578761034721}]},{"id":160,"name":"Штык","nameHistory":[{"nameChangeId":1,"name":"Штык","date":1578761056771}]},{"id":161,"name":"Башмак","nameHistory":[{"nameChangeId":1,"name":"Башмак","date":1578761219323}]},{"id":162,"name":"Арис","nameHistory":[{"nameChangeId":1,"name":"Арис","date":1578761587112}]},{"id":163,"name":"Жаклин","nameHistory":[{"nameChangeId":1,"name":"Жаклин","date":1578762288126}]},{"id":164,"name":"Виолетта","nameHistory":[{"nameChangeId":1,"name":"Виолетта","date":1578762318414}]},{"id":165,"name":"Доходяга","nameHistory":[{"nameChangeId":1,"name":"Доходяга","date":1578762346827}]},{"id":166,"name":"Забар","nameHistory":[{"nameChangeId":1,"name":"Забар","date":1578762390455}]},{"id":167,"name":"Смайл","nameHistory":[{"nameChangeId":1,"name":"Смайл","date":1578789865383}]},{"id":168,"name":"Фокс","nameHistory":[{"nameChangeId":1,"name":"Фокс","date":1578789920790}]},{"id":169,"name":"Август","nameHistory":[{"nameChangeId":1,"name":"Август","date":1578790521188}]},{"id":170,"name":"Номерок","nameHistory":[{"nameChangeId":1,"name":"Номерок","date":1578790577603}]},{"id":171,"name":"Чепух (варшава)","nameHistory":[{"nameChangeId":1,"name":"Чепух (варшава)","date":1578790821767}]},{"id":172,"name":"Хан","nameHistory":[{"nameChangeId":1,"name":"Хан","date":1578790996647}]},{"id":173,"name":"Неправильный ник 2","nameHistory":[{"nameChangeId":1,"name":"А (просто А)","date":1578791200928},{"nameChangeId":2,"name":"Неправильный ник 2","date":1579444521078}]},{"id":174,"name":"Савитар","nameHistory":[{"nameChangeId":1,"name":"Савитар","date":1578791262505}]},{"id":175,"name":"Кармилитка","nameHistory":[{"nameChangeId":1,"name":"Кармилитка","date":1578791413546}]},{"id":176,"name":"Барни Блудница","nameHistory":[{"nameChangeId":1,"name":"Барни Блудница","date":1578791458044}]},{"id":177,"name":"Ронни","nameHistory":[{"nameChangeId":1,"name":"Ронни","date":1579204151756}]},{"id":178,"name":"Йода","nameHistory":[{"nameChangeId":1,"name":"Йода","date":1579206714901}]},{"id":179,"name":"Анжела","nameHistory":[{"nameChangeId":1,"name":"Анжела","date":1579206911005}]},{"id":180,"name":"Наполеон","nameHistory":[{"nameChangeId":1,"name":"Наполеон","date":1579365786443}]},{"id":181,"name":"Коледжио","nameHistory":[{"nameChangeId":1,"name":"Коледжио","date":1579365864910}]},{"id":182,"name":"31","nameHistory":[{"nameChangeId":1,"name":"31","date":1579365899479}]},{"id":183,"name":"Нарк","nameHistory":[{"nameChangeId":1,"name":"Нарк","date":1579366685321}]},{"id":184,"name":"Львенок","nameHistory":[{"nameChangeId":1,"name":"Львенок","date":1579366705940}]},{"id":185,"name":"Микки","nameHistory":[{"nameChangeId":1,"name":"Микки","date":1579366736810}]},{"id":186,"name":"Кей","nameHistory":[{"nameChangeId":1,"name":"Кей","date":1579366760866}]},{"id":187,"name":"Сова","nameHistory":[{"nameChangeId":1,"name":"Сова","date":1579366782934}]},{"id":188,"name":"Диспер","nameHistory":[{"nameChangeId":1,"name":"Диспер","date":1579366818455}]},{"id":189,"name":"Тур","nameHistory":[{"nameChangeId":1,"name":"Тур","date":1579367269611}]},{"id":190,"name":"Талок","nameHistory":[{"nameChangeId":1,"name":"Талок","date":1579367902569}]},{"id":191,"name":"Вий","nameHistory":[{"nameChangeId":1,"name":"Вий","date":1579367951042}]},{"id":192,"name":"пассик","nameHistory":[{"nameChangeId":1,"name":"пассик","date":1579442579254}]},{"id":193,"name":"Ланс","nameHistory":[{"nameChangeId":1,"name":"Ланс","date":1579442828345}]},{"id":194,"name":"Лимон","nameHistory":[{"nameChangeId":1,"name":"Лимон","date":1579640471181}]},{"id":195,"name":"Элли","nameHistory":[{"nameChangeId":1,"name":"Элли","date":1579640937900}]},{"id":196,"name":"Мориарти","nameHistory":[{"nameChangeId":1,"name":"Мориарти","date":1579956761792}]},{"id":197,"name":"Эдриан","nameHistory":[{"nameChangeId":1,"name":"Эндрю","date":1579956876261},{"nameChangeId":2,"name":"Эдриан","date":1579957207211}]},{"id":198,"name":"Акула","nameHistory":[{"nameChangeId":1,"name":"Акула","date":1579957413678}]},{"id":199,"name":"Вилли","nameHistory":[{"nameChangeId":1,"name":"Вилли","date":1579957484180}]},{"id":200,"name":"Клипса","nameHistory":[{"nameChangeId":1,"name":"Клипса","date":1579957525983}]},{"id":201,"name":"Дэвиль","nameHistory":[{"nameChangeId":1,"name":"Дэвиль","date":1579957608177}]},{"id":202,"name":"Лера","nameHistory":[{"nameChangeId":1,"name":"Лера","date":1579958310324}]},{"id":203,"name":"Полдник","nameHistory":[{"nameChangeId":1,"name":"Полдник","date":1579959619459}]},{"id":204,"name":"Майкл","nameHistory":[{"nameChangeId":1,"name":"Майкл","date":1580070597141}]},{"id":205,"name":"Буба","nameHistory":[{"nameChangeId":1,"name":"Буба","date":1580070699280}]},{"id":206,"name":"Мистер Смит","nameHistory":[{"nameChangeId":1,"name":"Мистер Смит","date":1580070762320}]},{"id":207,"name":"Миссис Смит","nameHistory":[{"nameChangeId":1,"name":"Миссис Смит","date":1580070784604}]},{"id":208,"name":"Вихва","nameHistory":[{"nameChangeId":1,"name":"Вихва","date":1580071413720}]},{"id":209,"name":"Гиена","nameHistory":[{"nameChangeId":1,"name":"Гиена","date":1580165569327}]},{"id":210,"name":"Арктика","nameHistory":[{"nameChangeId":1,"name":"Арктика","date":1580165621707}]},{"id":211,"name":"Склиф","nameHistory":[{"nameChangeId":1,"name":"Склиф","date":1580557092467}]},{"id":212,"name":"Маргаритка","nameHistory":[{"nameChangeId":1,"name":"Маргаритка","date":1580557107176}]}]}