{"formatVersion":1,"settings":{"gamesMonth":"2021-06","maxPlayerId":603,"maxGameId":147},"games":[{"id":1,"date":"2021-06-02","players":[453,114,559,511,25,415,472,512,69,445],"don":5,"maf1":0,"maf2":6,"sherif":7,"firstKilled":3,"firstKilledGuessPoints":0.25,"cityWin":true},{"id":2,"date":"2021-06-02","players":[396,114,19,466,513,86,512,415,453,69],"don":4,"maf1":0,"maf2":2,"sherif":7,"firstKilled":1,"firstKilledGuessPoints":0,"cityWin":true},{"id":3,"date":"2021-06-02","players":[415,472,513,512,396,466,19,114,69,453],"don":1,"maf1":4,"maf2":6,"sherif":2,"firstKilled":1,"firstKilledGuessPoints":0,"cityWin":true},{"id":4,"date":"2021-06-02","players":[445,294,114,206,413,512,511,559,8,472],"don":8,"maf1":3,"maf2":5,"sherif":6,"firstKilled":4,"firstKilledGuessPoints":0,"cityWin":true},{"id":5,"date":"2021-06-02","players":[206,445,512,413,19,511,466,415,275,464],"don":4,"maf1":5,"maf2":9,"sherif":0,"firstKilled":7,"firstKilledGuessPoints":0,"cityWin":false},{"id":6,"date":"2021-06-02","players":[413,206,275,466,507,19,464,511,559,292],"don":2,"maf1":1,"maf2":9,"sherif":5,"firstKilled":3,"firstKilledGuessPoints":0,"cityWin":true},{"id":7,"date":"2021-06-02","players":[8,511,464,559,206,472,507,413,25,275],"don":5,"maf1":0,"maf2":1,"sherif":9,"firstKilled":3,"firstKilledGuessPoints":0,"cityWin":false},{"id":8,"date":"2021-06-02","players":[8,472,413,511,294,559,206,114,69,512],"don":7,"maf1":0,"maf2":6,"sherif":8,"firstKilled":3,"firstKilledGuessPoints":0,"cityWin":true},{"id":9,"date":"2021-06-02","players":[464,466,114,25,472,396,559,415,453,206],"don":0,"maf1":6,"maf2":8,"sherif":2,"firstKilled":9,"firstKilledGuessPoints":0,"cityWin":true},{"id":10,"date":"2021-06-04","players":[450,472,453,7,451,482,454,448,477,446],"don":2,"maf1":3,"maf2":8,"sherif":5,"firstKilled":7,"firstKilledGuessPoints":0,"cityWin":true},{"id":11,"date":"2021-06-04","players":[445,477,7,481,450,451,453,446,448,454],"don":5,"maf1":0,"maf2":3,"sherif":7,"firstKilled":7,"firstKilledGuessPoints":0.25,"cityWin":true},{"id":12,"date":"2021-06-04","players":[451,482,7,448,539,477,472,454,446,450],"don":4,"maf1":3,"maf2":7,"sherif":8,"firstKilled":8,"firstKilledGuessPoints":0,"cityWin":false},{"id":13,"date":"2021-06-04","players":[446,477,448,482,7,451,450,454,453,472],"don":0,"maf1":3,"maf2":5,"sherif":4,"firstKilled":6,"firstKilledGuessPoints":0.25,"cityWin":true},{"id":14,"date":"2021-06-04","players":[477,7,320,451,472,453,448,482,446,454],"don":5,"maf1":3,"maf2":8,"sherif":1,"firstKilled":5,"firstKilledGuessPoints":0,"cityWin":true},{"id":15,"date":"2021-06-05","players":[570,575,574,206,569,460,573,568,572,571],"don":8,"maf1":0,"maf2":3,"sherif":1,"firstKilled":1,"firstKilledGuessPoints":0,"cityWin":true},{"id":16,"date":"2021-06-05","players":[568,569,572,563,571,575,570,414,574,118],"don":7,"maf1":5,"maf2":9,"sherif":8,"firstKilled":null,"firstKilledGuessPoints":null,"cityWin":true},{"id":17,"date":"2021-06-05","players":[575,574,571,418,568,572,569,573,206,570],"don":5,"maf1":0,"maf2":9,"sherif":6,"firstKilled":1,"firstKilledGuessPoints":0,"cityWin":false},{"id":18,"date":"2021-06-05","players":[31,559,460,465,368,206,472,513,131,421],"don":5,"maf1":3,"maf2":4,"sherif":7,"firstKilled":6,"firstKilledGuessPoints":0,"cityWin":false},{"id":19,"date":"2021-06-05","players":[5,472,559,465,415,460,421,553,576,513],"don":8,"maf1":5,"maf2":9,"sherif":7,"firstKilled":1,"firstKilledGuessPoints":0,"cityWin":true},{"id":20,"date":"2021-06-05","players":[465,559,8,421,563,415,472,460,294,553],"don":2,"maf1":5,"maf2":8,"sherif":1,"firstKilled":7,"firstKilledGuessPoints":0,"cityWin":false},{"id":21,"date":"2021-06-05","players":[472,421,465,415,206,559,573,460,553,31],"don":1,"maf1":2,"maf2":9,"sherif":0,"firstKilled":5,"firstKilledGuessPoints":0.25,"cityWin":true},{"id":22,"date":"2021-06-05","players":[465,460,559,575,553,31,415,570,206,573],"don":8,"maf1":2,"maf2":4,"sherif":6,"firstKilled":null,"firstKilledGuessPoints":null,"cityWin":false},{"id":23,"date":"2021-06-05","players":[570,472,206,131,421,460,553,559,573,465],"don":6,"maf1":2,"maf2":4,"sherif":9,"firstKilled":3,"firstKilledGuessPoints":0,"cityWin":false},{"id":24,"date":"2021-06-05","players":[460,415,465,573,513,368,472,421,31,570],"don":1,"maf1":5,"maf2":6,"sherif":0,"firstKilled":2,"firstKilledGuessPoints":0,"cityWin":false},{"id":25,"date":"2021-06-05","players":[86,158,563,414,13,368,275,294,576,8],"don":9,"maf1":0,"maf2":7,"sherif":3,"firstKilled":4,"firstKilledGuessPoints":0.25,"cityWin":true},{"id":26,"date":"2021-06-05","players":[513,131,421,86,158,472,8,368,414,576],"don":0,"maf1":6,"maf2":7,"sherif":1,"firstKilled":9,"firstKilledGuessPoints":0.25,"cityWin":true},{"id":27,"date":"2021-06-05","players":[118,576,513,368,414,8,294,158,131,563],"don":0,"maf1":1,"maf2":9,"sherif":5,"firstKilled":7,"firstKilledGuessPoints":0,"cityWin":false},{"id":28,"date":"2021-06-05","players":[563,576,8,118,294,158,553,86,414,13],"don":0,"maf1":7,"maf2":8,"sherif":9,"firstKilled":4,"firstKilledGuessPoints":0,"cityWin":true},{"id":29,"date":"2021-06-05","players":[368,118,294,414,8,86,563,158,576,13],"don":4,"maf1":2,"maf2":9,"sherif":1,"firstKilled":8,"firstKilledGuessPoints":0,"cityWin":false},{"id":30,"date":"2021-06-05","players":[86,294,368,275,8,576,13,414,31,563],"don":0,"maf1":2,"maf2":7,"sherif":8,"firstKilled":null,"firstKilledGuessPoints":null,"cityWin":true},{"id":31,"date":"2021-06-05","players":[414,13,131,421,559,472,573,368,275,86],"don":1,"maf1":0,"maf2":3,"sherif":8,"firstKilled":null,"firstKilledGuessPoints":null,"cityWin":false},{"id":32,"date":"2021-06-08","players":[472,294,414,291,559,295,323,512,511,21],"don":8,"maf1":1,"maf2":2,"sherif":3,"firstKilled":4,"firstKilledGuessPoints":0,"cityWin":true},{"id":33,"date":"2021-06-08","players":[291,472,21,511,294,295,323,559,512,414],"don":0,"maf1":2,"maf2":8,"sherif":5,"firstKilled":1,"firstKilledGuessPoints":0,"cityWin":true},{"id":34,"date":"2021-06-08","players":[512,472,396,69,464,559,25,421,511,414],"don":1,"maf1":2,"maf2":7,"sherif":5,"firstKilled":6,"firstKilledGuessPoints":0.25,"cityWin":false},{"id":35,"date":"2021-06-08","players":[445,464,421,472,414,396,559,511,512,25],"don":5,"maf1":2,"maf2":7,"sherif":0,"firstKilled":6,"firstKilledGuessPoints":0.25,"cityWin":true},{"id":36,"date":"2021-06-08","players":[25,445,414,396,511,464,512,559,472,21],"don":5,"maf1":1,"maf2":7,"sherif":4,"firstKilled":null,"firstKilledGuessPoints":null,"cityWin":false},{"id":37,"date":"2021-06-08","players":[559,445,512,421,472,323,511,21,396,414],"don":8,"maf1":0,"maf2":3,"sherif":6,"firstKilled":2,"firstKilledGuessPoints":0,"cityWin":true},{"id":38,"date":"2021-06-08","players":[21,421,472,559,25,445,464,396,414,511],"don":5,"maf1":0,"maf2":6,"sherif":4,"firstKilled":4,"firstKilledGuessPoints":0.25,"cityWin":false},{"id":39,"date":"2021-06-09","players":[445,58,511,512,464,414,206,409,31,413],"don":9,"maf1":0,"maf2":7,"sherif":6,"cityWin":true,"firstKilled":4,"firstKilledGuessPoints":0.25},{"id":40,"date":"2021-06-09","players":[8,413,206,409,275,31,58,414,25,445],"don":2,"maf1":4,"maf2":7,"sherif":0,"firstKilled":null,"firstKilledGuessPoints":null,"cityWin":false},{"id":41,"date":"2021-06-09","players":[409,275,31,414,464,413,511,577,396,445],"don":8,"maf1":0,"maf2":7,"sherif":5,"firstKilled":2,"firstKilledGuessPoints":0,"cityWin":false},{"id":42,"date":"2021-06-09","players":[414,58,445,511,464,396,577,206,512,25],"don":1,"maf1":0,"maf2":4,"sherif":7,"firstKilled":2,"firstKilledGuessPoints":0,"cityWin":true},{"id":43,"date":"2021-06-09","players":[396,512,25,206,577,511,464,58,578,445],"don":4,"maf1":7,"maf2":8,"sherif":1,"firstKilled":null,"firstKilledGuessPoints":null,"cityWin":true},{"id":44,"date":"2021-06-10","players":[563,398,414,579,559,472,8,371,275,25],"don":4,"maf1":0,"maf2":3,"sherif":6,"firstKilled":1,"firstKilledGuessPoints":0,"cityWin":true},{"id":45,"date":"2021-06-10","players":[579,25,472,398,371,414,8,275,559,563],"don":9,"maf1":3,"maf2":6,"sherif":7,"firstKilled":4,"firstKilledGuessPoints":0,"cityWin":false},{"id":46,"date":"2021-06-10","players":[25,563,19,559,8,294,371,472,323,295],"don":5,"maf1":6,"maf2":8,"sherif":0,"firstKilled":null,"firstKilledGuessPoints":null,"cityWin":false},{"id":47,"date":"2021-06-10","players":[371,19,472,563,398,414,579,323,295,25],"don":5,"maf1":4,"maf2":6,"sherif":1,"firstKilled":3,"firstKilledGuessPoints":0.25,"cityWin":true},{"id":48,"date":"2021-06-10","players":[368,69,398,371,25,579,414,295,323,19],"don":3,"maf1":2,"maf2":4,"sherif":7,"firstKilled":9,"firstKilledGuessPoints":0,"cityWin":true},{"id":49,"date":"2021-06-11","players":[434,559,451,4,511,36,295,513,446,512],"don":6,"maf1":2,"maf2":9,"sherif":0,"firstKilled":8,"firstKilledGuessPoints":0.25,"cityWin":false},{"id":50,"date":"2021-06-11","players":[512,8,513,434,559,295,539,452,457,511],"don":6,"maf1":8,"maf2":9,"sherif":7,"firstKilled":7,"firstKilledGuessPoints":0.25,"cityWin":true},{"id":51,"date":"2021-06-11","players":[513,539,512,16,511,323,295,559,450,8],"don":7,"maf1":2,"maf2":5,"sherif":4,"firstKilled":6,"firstKilledGuessPoints":0,"cityWin":true},{"id":52,"date":"2021-06-11","players":[8,450,559,36,513,539,512,16,323,511],"don":7,"maf1":2,"maf2":6,"sherif":4,"firstKilled":9,"firstKilledGuessPoints":0,"cityWin":true},{"id":53,"date":"2021-06-11","players":[4,482,445,481,451,69,446,454,16,453],"don":7,"maf1":6,"maf2":8,"sherif":0,"firstKilled":4,"firstKilledGuessPoints":0.25,"cityWin":true},{"id":54,"date":"2021-06-11","players":[477,7,446,453,448,452,320,450,454,36],"don":2,"maf1":1,"maf2":9,"sherif":8,"firstKilled":5,"firstKilledGuessPoints":0,"cityWin":false},{"id":55,"date":"2021-06-11","players":[452,7,4,454,477,396,450,511,453,446],"don":2,"maf1":6,"maf2":8,"sherif":7,"firstKilled":1,"firstKilledGuessPoints":0.25,"cityWin":true},{"id":56,"date":"2021-06-11","players":[445,454,7,477,453,36,450,451,452,482],"don":5,"maf1":3,"maf2":4,"sherif":7,"firstKilled":6,"firstKilledGuessPoints":0,"cityWin":false},{"id":57,"date":"2021-06-11","players":[482,445,446,451,453,36,4,481,454,477],"don":5,"maf1":0,"maf2":3,"sherif":8,"firstKilled":4,"firstKilledGuessPoints":0,"cityWin":true},{"id":58,"date":"2021-06-11","players":[445,446,453,450,454,7,452,451,448,477],"don":0,"maf1":6,"maf2":9,"sherif":3,"firstKilled":7,"firstKilledGuessPoints":0,"cityWin":true},{"id":59,"date":"2021-06-11","players":[36,323,8,511,559,512,291,539,451,446],"don":0,"maf1":4,"maf2":7,"sherif":6,"firstKilled":8,"firstKilledGuessPoints":null,"cityWin":true},{"id":60,"date":"2021-06-11","players":[69,320,291,451,446,559,539,323,472,8],"don":2,"maf1":3,"maf2":9,"sherif":4,"firstKilled":1,"firstKilledGuessPoints":0,"cityWin":false},{"id":61,"date":"2021-06-12","players":[8,467,570,396,553,158,194,206,512,413],"don":1,"maf1":3,"maf2":7,"sherif":4,"cityWin":true,"firstKilled":2,"firstKilledGuessPoints":0},{"id":62,"date":"2021-06-12","players":[570,472,553,158,559,294,511,413,512,206],"don":0,"maf1":2,"maf2":9,"sherif":6,"firstKilled":4,"firstKilledGuessPoints":0,"cityWin":false},{"id":63,"date":"2021-06-12","players":[194,34,158,206,570,413,512,511,553,109],"don":4,"maf1":6,"maf2":8,"sherif":9,"firstKilled":7,"firstKilledGuessPoints":0.25,"cityWin":true},{"id":64,"date":"2021-06-12","players":[5,69,559,34,513,396,109,472,62,8],"don":1,"maf1":4,"maf2":5,"sherif":6,"firstKilled":2,"firstKilledGuessPoints":0,"cityWin":false},{"id":65,"date":"2021-06-12","players":[8,472,559,513,396,511,62,109,34,5],"don":8,"maf1":1,"maf2":2,"sherif":7,"firstKilled":4,"firstKilledGuessPoints":0.25,"cityWin":false},{"id":66,"date":"2021-06-12","players":[206,570,158,511,512,109,513,294,34,5],"don":1,"maf1":0,"maf2":2,"sherif":3,"firstKilled":3,"firstKilledGuessPoints":0,"cityWin":false},{"id":67,"date":"2021-06-12","players":[513,511,413,158,34,194,512,472,8,5],"don":8,"maf1":0,"maf2":1,"sherif":9,"firstKilled":4,"firstKilledGuessPoints":0.25,"cityWin":false},{"id":68,"date":"2021-06-12","players":[570,145,511,34,559,206,553,5,467,516],"don":5,"maf1":3,"maf2":4,"sherif":6,"firstKilled":7,"firstKilledGuessPoints":0,"cityWin":false},{"id":69,"date":"2021-06-12","players":[472,34,145,516,559,467,5,158,413,570],"don":6,"maf1":0,"maf2":7,"sherif":5,"firstKilled":1,"firstKilledGuessPoints":0,"cityWin":true},{"id":70,"date":"2021-06-12","players":[559,5,206,553,516,472,570,145,413,34],"don":6,"maf1":0,"maf2":5,"sherif":1,"firstKilled":1,"firstKilledGuessPoints":0.25,"cityWin":true},{"id":71,"date":"2021-06-14","players":[511,295,118,414,472,194,4,421,396,445],"don":6,"maf1":0,"maf2":2,"sherif":5,"firstKilled":4,"firstKilledGuessPoints":0,"cityWin":false},{"id":72,"date":"2021-06-14","players":[4,295,414,396,472,421,69,194,323,118],"don":4,"maf1":6,"maf2":9,"sherif":5,"cityWin":false},{"id":73,"date":"2021-06-16","players":[19,64,472,511,512,414,69,295,527,396],"don":1,"maf1":2,"maf2":3,"sherif":6,"firstKilled":7,"firstKilledGuessPoints":0.25,"cityWin":true},{"id":74,"date":"2021-06-16","players":[511,275,559,64,295,19,414,527,11,512],"don":1,"maf1":7,"maf2":8,"sherif":2,"firstKilled":9,"firstKilledGuessPoints":0,"cityWin":true},{"id":75,"date":"2021-06-16","players":[19,323,512,559,396,64,527,11,581,31],"don":5,"maf1":0,"maf2":1,"sherif":6,"firstKilled":6,"firstKilledGuessPoints":0.25,"cityWin":false},{"id":76,"date":"2021-06-16","players":[581,323,396,31,414,275,511,472,527,11],"don":5,"maf1":2,"maf2":7,"sherif":3,"firstKilled":3,"firstKilledGuessPoints":0,"cityWin":true},{"id":77,"date":"2021-06-16","players":[445,323,581,64,396,275,527,559,31,414],"don":5,"maf1":3,"maf2":9,"sherif":0,"firstKilled":4,"firstKilledGuessPoints":0,"cityWin":true},{"id":78,"date":"2021-06-16","players":[414,581,512,31,559,511,275,472,445,64],"don":7,"maf1":3,"maf2":4,"sherif":0,"firstKilled":1,"firstKilledGuessPoints":0,"cityWin":true},{"id":79,"date":"2021-06-16","players":[581,472,275,511,445,512,559,414,323,31],"don":7,"maf1":3,"maf2":9,"sherif":5,"firstKilled":2,"firstKilledGuessPoints":0,"cityWin":true},{"id":80,"date":"2021-06-17","players":[477,294,511,414,512,445,8,453,396,21],"don":8,"maf1":4,"maf2":6,"sherif":5,"firstKilled":null,"firstKilledGuessPoints":null,"cityWin":false},{"id":81,"date":"2021-06-17","players":[8,21,477,206,445,563,511,453,414,294],"don":5,"maf1":3,"maf2":6,"sherif":0,"firstKilled":1,"firstKilledGuessPoints":0,"cityWin":false},{"id":82,"date":"2021-06-17","players":[511,477,453,414,206,25,21,69,563,368],"don":6,"maf1":1,"maf2":3,"sherif":0,"firstKilled":null,"firstKilledGuessPoints":null,"cityWin":true},{"id":83,"date":"2021-06-17","players":[453,414,21,512,511,445,477,563,206,25],"don":3,"maf1":6,"maf2":9,"sherif":4,"firstKilled":4,"firstKilledGuessPoints":0,"cityWin":false},{"id":84,"date":"2021-06-17","players":[563,206,511,453,477,414,512,445,21,294],"don":8,"maf1":4,"maf2":7,"sherif":9,"firstKilled":null,"firstKilledGuessPoints":null,"cityWin":false},{"id":85,"date":"2021-06-17","players":[294,58,563,396,86,445,511,512,414,8],"don":4,"maf1":3,"maf2":5,"sherif":1,"firstKilled":null,"firstKilledGuessPoints":null,"cityWin":false},{"id":86,"date":"2021-06-18","players":[513,294,8,451,4,323,19,446,396,512],"don":8,"maf1":3,"maf2":5,"sherif":7,"firstKilled":4,"firstKilledGuessPoints":0.25,"cityWin":false},{"id":87,"date":"2021-06-18","players":[19,452,563,446,481,4,451,454,396,450],"don":1,"maf1":5,"maf2":6,"sherif":9,"firstKilled":8,"firstKilledGuessPoints":0,"cityWin":true},{"id":88,"date":"2021-06-18","players":[19,445,450,454,451,453,7,446,452,396],"don":2,"maf1":5,"maf2":9,"sherif":7,"firstKilled":null,"firstKilledGuessPoints":null,"cityWin":true},{"id":89,"date":"2021-06-18","players":[4,454,450,513,446,511,563,295,323,481],"don":8,"maf1":2,"maf2":9,"sherif":6,"firstKilled":4,"firstKilledGuessPoints":0,"cityWin":true},{"id":90,"date":"2021-06-18","players":[563,481,511,454,275,450,512,4,295,513],"don":3,"maf1":4,"maf2":7,"sherif":5,"firstKilled":6,"firstKilledGuessPoints":0.25,"cityWin":false},{"id":91,"date":"2021-06-18","players":[513,445,512,511,8,4,396,295,275,563],"don":8,"maf1":7,"maf2":9,"sherif":5,"firstKilled":1,"firstKilledGuessPoints":0.25,"cityWin":false},{"id":92,"date":"2021-06-18","players":[453,8,511,512,445,7,4,451,294,323],"don":8,"maf1":1,"maf2":6,"sherif":0,"firstKilled":2,"firstKilledGuessPoints":0.25,"cityWin":false},{"id":93,"date":"2021-06-19","players":[445,7,582,583,511,509,584,453,323,446],"don":4,"maf1":5,"maf2":8,"sherif":9,"cityWin":true,"firstKilled":1,"firstKilledGuessPoints":0.25},{"id":94,"date":"2021-06-19","players":[323,8,445,511,582,509,583,584,294,453],"don":8,"maf1":2,"maf2":6,"sherif":5,"firstKilled":null,"firstKilledGuessPoints":null,"cityWin":true},{"id":95,"date":"2021-06-19","players":[295,323,8,158,467,553,472,421,31,86],"don":3,"maf1":5,"maf2":7,"sherif":1,"firstKilled":8,"firstKilledGuessPoints":0,"cityWin":true},{"id":96,"date":"2021-06-19","players":[295,472,31,421,86,467,323,553,8,158],"don":4,"maf1":2,"maf2":8,"sherif":3,"firstKilled":7,"firstKilledGuessPoints":0,"cityWin":false},{"id":97,"date":"2021-06-19","players":[421,158,86,8,295,5,467,31,553,464],"don":8,"maf1":7,"maf2":9,"sherif":1,"firstKilled":2,"firstKilledGuessPoints":0,"cityWin":false},{"id":98,"date":"2021-06-19","players":[31,8,421,158,464,553,472,86,295,5],"don":9,"maf1":0,"maf2":8,"sherif":3,"firstKilled":null,"firstKilledGuessPoints":null,"cityWin":false},{"id":99,"date":"2021-06-19","players":[553,464,5,419,86,323,31,472,158,421],"don":1,"maf1":0,"maf2":5,"sherif":4,"firstKilled":2,"firstKilledGuessPoints":0,"cityWin":false},{"id":100,"date":"2021-06-19","players":[8,31,158,419,472,553,5,464,19,323],"don":0,"maf1":2,"maf2":7,"sherif":1,"firstKilled":3,"firstKilledGuessPoints":0,"cityWin":true},{"id":101,"date":"2021-06-19","players":[465,19,158,464,585,419,421,110,472,94],"don":0,"maf1":2,"maf2":9,"sherif":6,"firstKilled":5,"firstKilledGuessPoints":0.25,"cityWin":false},{"id":102,"date":"2021-06-19","players":[94,421,553,5,461,19,465,569,8,419],"don":4,"maf1":6,"maf2":8,"sherif":7,"firstKilled":5,"firstKilledGuessPoints":0.25,"cityWin":true},{"id":103,"date":"2021-06-19","players":[158,472,110,585,464,569,553,419,465,461],"don":5,"maf1":6,"maf2":9,"sherif":7,"firstKilled":4,"firstKilledGuessPoints":0,"cityWin":true},{"id":104,"date":"2021-06-19","players":[464,465,472,158,461,419,110,569,553,585],"don":3,"maf1":0,"maf2":6,"sherif":4,"firstKilled":2,"firstKilledGuessPoints":0,"cityWin":true},{"id":105,"date":"2021-06-20","players":[553,158,368,586,294,406,4,323,559,396],"don":9,"maf1":0,"maf2":1,"sherif":4,"firstKilled":2,"firstKilledGuessPoints":0,"cityWin":true},{"id":106,"date":"2021-06-20","players":[294,4,406,472,586,158,453,118,587,295],"don":5,"maf1":0,"maf2":8,"sherif":9,"firstKilled":1,"firstKilledGuessPoints":0,"cityWin":false},{"id":107,"date":"2021-06-20","players":[4,587,453,445,406,295,118,553,472,8],"don":2,"maf1":3,"maf2":7,"sherif":1,"firstKilled":null,"firstKilledGuessPoints":null,"cityWin":true},{"id":108,"date":"2021-06-20","players":[8,587,445,472,69,158,559,295,553,118],"don":2,"maf1":6,"maf2":7,"sherif":9,"firstKilled":9,"firstKilledGuessPoints":0,"cityWin":false},{"id":109,"date":"2021-06-22","players":[64,589,472,590,591,507,563,19,370,4],"don":1,"maf1":0,"maf2":9,"sherif":5,"firstKilled":8,"firstKilledGuessPoints":0.4,"cityWin":false},{"id":110,"date":"2021-06-22","players":[4,370,588,589,472,563,507,590,69,396],"don":0,"maf1":2,"maf2":5,"sherif":7,"firstKilled":4,"firstKilledGuessPoints":0,"cityWin":false},{"id":111,"date":"2021-06-22","players":[421,19,37,258,64,472,294,4,507,370],"don":2,"maf1":3,"maf2":7,"sherif":1,"firstKilled":4,"firstKilledGuessPoints":0,"cityWin":true},{"id":112,"date":"2021-06-23","players":[488,64,37,9,19,158,206,396,472,512],"don":1,"maf1":0,"maf2":2,"sherif":4,"firstKilled":4,"firstKilledGuessPoints":0,"cityWin":false},{"id":113,"date":"2021-06-23","players":[472,206,396,64,37,9,511,512,488,19],"don":6,"maf1":0,"maf2":3,"sherif":7,"firstKilled":null,"firstKilledGuessPoints":null,"cityWin":true},{"id":114,"date":"2021-06-23","players":[31,396,19,511,512,35,64,206,323,295],"don":7,"maf1":0,"maf2":4,"sherif":1,"firstKilled":9,"firstKilledGuessPoints":0.25,"cityWin":false},{"id":115,"date":"2021-06-23","players":[64,511,472,37,9,31,35,19,396,295],"don":6,"maf1":2,"maf2":3,"sherif":7,"firstKilled":1,"firstKilledGuessPoints":0.25,"cityWin":true},{"id":116,"date":"2021-06-23","players":[206,64,9,35,158,396,512,37,19,511],"don":6,"maf1":1,"maf2":8,"sherif":2,"firstKilled":7,"firstKilledGuessPoints":0,"cityWin":true},{"id":117,"date":"2021-06-25","players":[453,291,445,450,472,511,512,553,539,9],"don":1,"maf1":8,"maf2":9,"sherif":3,"firstKilled":5,"firstKilledGuessPoints":0.25,"cityWin":true},{"id":118,"date":"2021-06-25","players":[592,582,19,317,453,593,425,291,509,448],"don":6,"maf1":0,"maf2":9,"sherif":5,"cityWin":true,"firstKilled":8,"firstKilledGuessPoints":0},{"id":119,"date":"2021-06-25","players":[453,582,451,445,511,450,553,448,592,512],"don":5,"maf1":0,"maf2":6,"sherif":1,"firstKilled":7,"firstKilledGuessPoints":0,"cityWin":true},{"id":120,"date":"2021-06-25","players":[317,592,582,539,291,448,509,9,472,451],"don":5,"maf1":4,"maf2":7,"sherif":1,"firstKilled":0,"firstKilledGuessPoints":0,"cityWin":false},{"id":121,"date":"2021-06-25","players":[19,511,512,291,451,106,450,9,582,553],"don":8,"maf1":4,"maf2":6,"sherif":3,"firstKilled":3,"firstKilledGuessPoints":0.4,"cityWin":true},{"id":122,"date":"2021-06-25","players":[472,445,592,254,582,453,425,539,317,509],"don":1,"maf1":6,"maf2":9,"sherif":4,"firstKilled":4,"firstKilledGuessPoints":0,"cityWin":false},{"id":123,"date":"2021-06-25","players":[453,592,450,511,512,9,553,425,451,291],"don":4,"maf1":6,"maf2":7,"sherif":8,"firstKilled":1,"firstKilledGuessPoints":0,"cityWin":true},{"id":124,"date":"2021-06-25","players":[19,445,511,512,451,425,291,594,530,553],"don":8,"maf1":0,"maf2":9,"sherif":3,"firstKilled":2,"firstKilledGuessPoints":0,"cityWin":false},{"id":125,"date":"2021-06-25","players":[445,19,594,553,451,512,291,511,530,425],"don":2,"maf1":3,"maf2":7,"sherif":0,"firstKilled":9,"firstKilledGuessPoints":0,"cityWin":true},{"id":126,"date":"2021-06-29","players":[158,558,468,396,37,25,553,406,5,8],"don":4,"maf1":6,"maf2":9,"sherif":1,"cityWin":false,"firstKilled":1,"firstKilledGuessPoints":0},{"id":127,"date":"2021-06-29","players":[37,396,158,468,406,553,25,295,69,5],"don":4,"maf1":2,"maf2":5,"sherif":0,"firstKilled":9,"firstKilledGuessPoints":0,"cityWin":true},{"id":128,"date":"2021-06-29","players":[5,25,406,37,468,158,396,553,558,295],"don":1,"maf1":7,"maf2":8,"sherif":9,"firstKilled":6,"firstKilledGuessPoints":0,"cityWin":false},{"id":129,"date":"2021-06-29","players":[295,158,5,558,553,396,25,406,468,8],"don":3,"maf1":8,"maf2":9,"sherif":5,"firstKilled":5,"firstKilledGuessPoints":0.25,"cityWin":false},{"id":130,"date":"2021-06-28","players":[368,595,596,37,19,472,553,25,413,414],"don":0,"maf1":4,"maf2":6,"sherif":9,"firstKilled":8,"firstKilledGuessPoints":0,"cityWin":false},{"id":131,"date":"2021-06-28","players":[553,19,323,414,413,596,597,206,37,472],"don":7,"maf1":4,"maf2":8,"sherif":2,"firstKilled":0,"firstKilledGuessPoints":0,"cityWin":false},{"id":132,"date":"2021-06-28","players":[421,323,414,413,3,596,19,2,37,8],"don":7,"maf1":5,"maf2":8,"sherif":0,"firstKilled":8,"firstKilledGuessPoints":0,"cityWin":false},{"id":133,"date":"2021-06-28","players":[414,596,31,3,295,86,421,413,19,2],"don":0,"maf1":2,"maf2":8,"sherif":5,"firstKilled":4,"firstKilledGuessPoints":0,"cityWin":true},{"id":134,"date":"2021-06-28","players":[25,595,597,206,598,37,472,553,3,323],"don":5,"maf1":0,"maf2":6,"sherif":3,"firstKilled":1,"firstKilledGuessPoints":0.25,"cityWin":true},{"id":135,"date":"2021-06-28","players":[37,396,553,472,597,19,598,206,295,3],"don":2,"maf1":1,"maf2":8,"sherif":7,"firstKilled":0,"firstKilledGuessPoints":0.25,"cityWin":true},{"id":136,"date":"2021-06-28","players":[596,37,421,414,31,2,25,86,3,413],"don":9,"maf1":4,"maf2":5,"sherif":3,"firstKilled":2,"firstKilledGuessPoints":0,"cityWin":true},{"id":137,"date":"2021-06-28","players":[553,472,421,86,31,596,414,3,2,37],"don":8,"maf1":5,"maf2":7,"sherif":0,"firstKilled":0,"firstKilledGuessPoints":0.25,"cityWin":false},{"id":138,"date":"2021-06-30","players":[569,571,599,596,9,19,553,568,527,5],"don":7,"maf1":0,"maf2":1,"sherif":8,"cityWin":true,"firstKilled":3,"firstKilledGuessPoints":0},{"id":139,"date":"2021-06-30","players":[19,9,596,572,553,527,569,206,599,568],"don":0,"maf1":4,"maf2":8,"sherif":6,"firstKilled":1,"firstKilledGuessPoints":0.25,"cityWin":false},{"id":140,"date":"2021-06-30","players":[64,206,569,599,572,527,5,596,37,553],"don":6,"maf1":1,"maf2":2,"sherif":3,"firstKilled":8,"firstKilledGuessPoints":0.25,"cityWin":false},{"id":141,"date":"2021-06-30","players":[396,194,596,9,5,64,527,599,206,19],"don":7,"maf1":5,"maf2":6,"sherif":2,"firstKilled":2,"firstKilledGuessPoints":0,"cityWin":false},{"id":142,"date":"2021-06-30","players":[31,37,19,8,194,9,596,64,599,396],"don":4,"maf1":7,"maf2":9,"sherif":8,"firstKilled":null,"firstKilledGuessPoints":null,"cityWin":true},{"id":143,"date":"2021-06-30","players":[599,596,64,31,472,284,206,8,37,194],"don":7,"maf1":2,"maf2":8,"sherif":1,"firstKilled":5,"firstKilledGuessPoints":0,"cityWin":true},{"id":144,"date":"2021-06-30","players":[600,472,64,37,569,553,596,571,31,568],"don":6,"maf1":3,"maf2":4,"sherif":0,"firstKilled":9,"firstKilledGuessPoints":0,"cityWin":false},{"id":145,"date":"2021-06-30","players":[477,284,37,9,601,63,602,603,571,568],"don":6,"maf1":4,"maf2":8,"sherif":1,"firstKilled":1,"firstKilledGuessPoints":0.25,"cityWin":true},{"id":146,"date":"2021-06-30","players":[284,602,601,477,568,37,603,63,599,571],"don":0,"maf1":2,"maf2":5,"sherif":4,"firstKilled":null,"firstKilledGuessPoints":null,"cityWin":false},{"id":147,"date":"2021-06-30","players":[600,602,601,284,571,477,568,569,572,553],"don":3,"maf1":1,"maf2":4,"sherif":9,"firstKilled":8,"firstKilledGuessPoints":0,"cityWin":false}],"players":[{"id":60,"name":"Язва","nameHistory":[{"nameChangeId":1,"name":"Язва","date":1576220388177}]},{"id":41,"name":"Эми","nameHistory":[{"nameChangeId":1,"name":"Эми","date":1575894227951}]},{"id":127,"name":"Элла","nameHistory":[{"nameChangeId":1,"name":"Элла","date":1577427908480}]},{"id":128,"name":"Эликсир","nameHistory":[{"nameChangeId":1,"name":"Эликсир","date":1577427977224}]},{"id":65,"name":"Шип","nameHistory":[{"nameChangeId":1,"name":"Шип","date":1576221571246}]},{"id":131,"name":"ЧС","nameHistory":[{"nameChangeId":1,"name":"ЧС","date":1577614262851}]},{"id":117,"name":"Чешир","nameHistory":[{"nameChangeId":1,"name":"Чешир","date":1577168548818}]},{"id":138,"name":"Черника","nameHistory":[{"nameChangeId":1,"name":"Черника","date":1577960528531}]},{"id":30,"name":"Чен","nameHistory":[{"nameChangeId":1,"name":"Чен","date":1575554660015}]},{"id":10,"name":"Хусейн","nameHistory":[{"nameChangeId":1,"name":"Хусейн","date":1574854958509}]},{"id":71,"name":"Холод","nameHistory":[{"nameChangeId":1,"name":"холод","date":1576222264341},{"nameChangeId":2,"name":"Холод","date":1576222295704}]},{"id":4,"name":"Харви","nameHistory":[{"nameChangeId":1,"name":"Харви","date":1574854902750}]},{"id":53,"name":"ФурсДари","nameHistory":[{"nameChangeId":1,"name":"ФурсДари","date":1576219818564}]},{"id":119,"name":"Флоренция","nameHistory":[{"nameChangeId":1,"name":"Флоренция","date":1577168792183}]},{"id":84,"name":"Фирдэй","nameHistory":[{"nameChangeId":1,"name":"Фирдэй","date":1576741055319}]},{"id":21,"name":"Финч","nameHistory":[{"nameChangeId":1,"name":"Финч","date":1575553623456}]},{"id":26,"name":"Фил","nameHistory":[{"nameChangeId":1,"name":"Фил","date":1575554135761}]},{"id":25,"name":"Феликс","nameHistory":[{"nameChangeId":1,"name":"Феликс","date":1575554086491}]},{"id":136,"name":"Улыбакинсон","nameHistory":[{"nameChangeId":1,"name":"Улыбакинсон","date":1577960105347}]},{"id":137,"name":"Улитка","nameHistory":[{"nameChangeId":1,"name":"Улитко","date":1577960128195},{"nameChangeId":2,"name":"Улитка","date":1602416119130}]},{"id":48,"name":"Токио","nameHistory":[{"nameChangeId":1,"name":"Токио","date":1575895398095}]},{"id":24,"name":"Тобер","nameHistory":[{"nameChangeId":1,"name":"Тобер","date":1575554051238}]},{"id":73,"name":"Тихий","nameHistory":[{"nameChangeId":1,"name":"Тихий","date":1576223977179}]},{"id":52,"name":"Тимур","nameHistory":[{"nameChangeId":1,"name":"Тимур","date":1576219808931}]},{"id":61,"name":"Тенерифе","nameHistory":[{"nameChangeId":1,"name":"Тенерифе","date":1576220402583}]},{"id":140,"name":"Тайгер","nameHistory":[{"nameChangeId":1,"name":"Тайгер","date":1577961549834}]},{"id":23,"name":"Сумман","nameHistory":[{"nameChangeId":1,"name":"Сумман","date":1575553655374}]},{"id":77,"name":"Странник","nameHistory":[{"nameChangeId":1,"name":"Странник","date":1576739899124}]},{"id":31,"name":"Созерцающий","nameHistory":[{"nameChangeId":1,"name":"Созерцающий","date":1575554677216}]},{"id":16,"name":"Совесть","nameHistory":[{"nameChangeId":1,"name":"Совесть","date":1574858425406}]},{"id":94,"name":"Снайпер","nameHistory":[{"nameChangeId":1,"name":"Снайпер","date":1576741666121}]},{"id":36,"name":"Славик","nameHistory":[{"nameChangeId":1,"name":"Славик","date":1575555316020}]},{"id":134,"name":"Скарлет","nameHistory":[{"nameChangeId":1,"name":"Скарлет","date":1577614665384}]},{"id":19,"name":"Симба","nameHistory":[{"nameChangeId":1,"name":"Симба","date":1575552410977}]},{"id":18,"name":"Светлячок","nameHistory":[{"nameChangeId":1,"name":"Светлячок","date":1575552379194}]},{"id":14,"name":"Сантос","nameHistory":[{"nameChangeId":2,"name":"Игрок2","date":1574858545568},{"nameChangeId":1,"name":"Пила","date":1574858364739},{"nameChangeId":3,"name":"Сантос","date":1576221811650}]},{"id":109,"name":"Санта","nameHistory":[{"nameChangeId":1,"name":"Санта","date":1577167031354}]},{"id":29,"name":"Самбука","nameHistory":[{"nameChangeId":1,"name":"Самбука","date":1575554616209}]},{"id":3,"name":"Самаритянка","nameHistory":[{"nameChangeId":1,"name":"Самаритянка","date":1574854890790}]},{"id":56,"name":"Самаритянин","nameHistory":[{"nameChangeId":1,"name":"Самаритянин","date":1576219852081}]},{"id":135,"name":"Рыжая","nameHistory":[{"nameChangeId":1,"name":"Рыжая","date":1577614800021}]},{"id":13,"name":"Рокфеллер","nameHistory":[{"nameChangeId":1,"name":"Рокфеллер","date":1574854973684}]},{"id":11,"name":"Роза","nameHistory":[{"nameChangeId":1,"name":"Роза","date":1574854963697}]},{"id":112,"name":"Ричард","nameHistory":[{"nameChangeId":1,"name":"Ричард","date":1577167100354}]},{"id":81,"name":"Рич","nameHistory":[{"nameChangeId":1,"name":"Рич","date":1576740458521}]},{"id":58,"name":"Раб","nameHistory":[{"nameChangeId":1,"name":"Раб","date":1576220334915}]},{"id":32,"name":"Проповедник","nameHistory":[{"nameChangeId":1,"name":"Проповедник","date":1575554868974}]},{"id":124,"name":"Правда","nameHistory":[{"nameChangeId":1,"name":"Правда","date":1577427444106}]},{"id":55,"name":"Пончик (Муж)","nameHistory":[{"nameChangeId":1,"name":"Пончик (Муж)","date":1576219831097}]},{"id":123,"name":"Пончик (Жен)","nameHistory":[{"nameChangeId":1,"name":"Пончик (жен)","date":1577169940128},{"nameChangeId":2,"name":"Пончик (Жен)","date":1577169974409}]},{"id":126,"name":"Польза","nameHistory":[{"nameChangeId":1,"name":"Польза","date":1577427636444}]},{"id":95,"name":"Плуто","nameHistory":[{"nameChangeId":1,"name":"Плуто","date":1576742327896}]},{"id":44,"name":"Пиф","nameHistory":[{"nameChangeId":1,"name":"Пиф","date":1575894247029}]},{"id":5,"name":"Пила","nameHistory":[{"nameChangeId":1,"name":"Пила","date":1574854908282}]},{"id":141,"name":"Пегас","nameHistory":[{"nameChangeId":1,"name":"Пегас","date":1577961822178}]},{"id":74,"name":"Пантера","nameHistory":[{"nameChangeId":1,"name":"Пантера","date":1576739649817}]},{"id":86,"name":"Панда из Руанды","nameHistory":[{"nameChangeId":1,"name":"Панда из Руанды","date":1576741107634}]},{"id":51,"name":"Опер","nameHistory":[{"nameChangeId":1,"name":"Опер","date":1575896786612}]},{"id":91,"name":"Окси","nameHistory":[{"nameChangeId":1,"name":"Окси","date":1576741448033}]},{"id":66,"name":"Ника","nameHistory":[{"nameChangeId":1,"name":"Ника","date":1576221592395}]},{"id":62,"name":"Немо","nameHistory":[{"nameChangeId":1,"name":"Немо","date":1576221222979}]},{"id":47,"name":"Невидимка","nameHistory":[{"nameChangeId":1,"name":"Невидимка","date":1575895384781}]},{"id":130,"name":"Ната","nameHistory":[{"nameChangeId":1,"name":"Ната","date":1577614249296}]},{"id":22,"name":"Наркоманка","nameHistory":[{"nameChangeId":1,"name":"Наркоманка","date":1575553651154}]},{"id":63,"name":"Молочко","nameHistory":[{"nameChangeId":1,"name":"Молочко","date":1576221469040}]},{"id":106,"name":"Могу Долго","nameHistory":[{"nameChangeId":1,"name":"Могу Долго","date":1576745456562}]},{"id":78,"name":"Мишок","nameHistory":[{"nameChangeId":1,"name":"Мишок","date":1576739915984}]},{"id":75,"name":"Мироманка","nameHistory":[{"nameChangeId":1,"name":"Мироманка","date":1576739710334}]},{"id":68,"name":"Миледи","nameHistory":[{"nameChangeId":1,"name":"Миледи","date":1576222197717}]},{"id":118,"name":"Медведь","nameHistory":[{"nameChangeId":1,"name":"Медведь","date":1577168738086}]},{"id":6,"name":"Матильда","nameHistory":[{"nameChangeId":1,"name":"Матильда","date":1574854921746}]},{"id":8,"name":"Масяня","nameHistory":[{"nameChangeId":1,"name":"Масяня","date":1574854937901}]},{"id":50,"name":"Марк","nameHistory":[{"nameChangeId":1,"name":"Марк","date":1575896658238}]},{"id":38,"name":"Мариан","nameHistory":[{"nameChangeId":1,"name":"Мариан","date":1575555547289}]},{"id":115,"name":"Маракуйя","nameHistory":[{"nameChangeId":1,"name":"Маракуйя","date":1577167377925}]},{"id":12,"name":"Мао","nameHistory":[{"nameChangeId":1,"name":"Мао","date":1574854967322}]},{"id":122,"name":"Максим Занят","nameHistory":[{"nameChangeId":1,"name":"Максим Занят","date":1577169705847}]},{"id":99,"name":"Магистр","nameHistory":[{"nameChangeId":1,"name":"Магистр","date":1576743148260}]},{"id":33,"name":"Маг","nameHistory":[{"nameChangeId":1,"name":"Маг","date":1575554982450}]},{"id":34,"name":"Маваши","nameHistory":[{"nameChangeId":1,"name":"Маваши","date":1575555286390}]},{"id":57,"name":"М (Эм)","nameHistory":[{"nameChangeId":1,"name":"М (Эм)","date":1576220000144}]},{"id":116,"name":"Лулу","nameHistory":[{"nameChangeId":1,"name":"Лулу","date":1577167590333}]},{"id":42,"name":"Лобода","nameHistory":[{"nameChangeId":1,"name":"Лобода","date":1575894236618}]},{"id":132,"name":"Леся","nameHistory":[{"nameChangeId":1,"name":"Леся","date":1577614278503}]},{"id":111,"name":"Леонардо","nameHistory":[{"nameChangeId":1,"name":"Леонардо","date":1577167074516}]},{"id":85,"name":"Ленивец","nameHistory":[{"nameChangeId":1,"name":"Ленивец","date":1576741084984}]},{"id":15,"name":"Лелик","nameHistory":[{"nameChangeId":1,"name":"Лелик","date":1574858421278}]},{"id":104,"name":"Лекса","nameHistory":[{"nameChangeId":1,"name":"Лекса","date":1576744437078}]},{"id":90,"name":"Лаки","nameHistory":[{"nameChangeId":1,"name":"Лаки","date":1576741443366}]},{"id":7,"name":"Кью","nameHistory":[{"nameChangeId":1,"name":"Кью","date":1574854931272}]},{"id":27,"name":"Крот","nameHistory":[{"nameChangeId":1,"name":"Фини","date":1575554146639},{"nameChangeId":2,"name":"Крот","date":1575554610912}]},{"id":46,"name":"Крокодил","nameHistory":[{"nameChangeId":1,"name":"Крокодил","date":1575895325357}]},{"id":88,"name":"Кри","nameHistory":[{"nameChangeId":1,"name":"Кри","date":1576741400482}]},{"id":49,"name":"Красный Игрок","nameHistory":[{"nameChangeId":1,"name":"Красный Игрок","date":1575895881809}]},{"id":108,"name":"Колибри","nameHistory":[{"nameChangeId":1,"name":"Колибри","date":1577167013804}]},{"id":70,"name":"Клон","nameHistory":[{"nameChangeId":1,"name":"клон","date":1576222257733},{"nameChangeId":2,"name":"Клон","date":1576222289603}]},{"id":107,"name":"Картман","nameHistory":[{"nameChangeId":1,"name":"Картман","date":1577083141372}]},{"id":17,"name":"Карабас","nameHistory":[{"nameChangeId":1,"name":"Масяня","date":1574858447674},{"nameChangeId":2,"name":"Игрок1","date":1574858525309},{"nameChangeId":3,"name":"Карабас","date":1576741378984}]},{"id":125,"name":"Изи-Бризи","nameHistory":[{"nameChangeId":1,"name":"Изи-Бризи","date":1577427491475}]},{"id":139,"name":"Зик","nameHistory":[{"nameChangeId":1,"name":"Зик","date":1577961327220}]},{"id":35,"name":"Забей","nameHistory":[{"nameChangeId":1,"name":"Забей","date":1575555301037}]},{"id":69,"name":"Жена","nameHistory":[{"nameChangeId":1,"name":"Жена","date":1576222226970}]},{"id":105,"name":"Есаул","nameHistory":[{"nameChangeId":1,"name":"Есаул","date":1576745138086}]},{"id":82,"name":"Енот","nameHistory":[{"nameChangeId":1,"name":"Енот","date":1576740984768}]},{"id":92,"name":"Елка","nameHistory":[{"nameChangeId":1,"name":"Елка","date":1576741466798}]},{"id":100,"name":"Ева","nameHistory":[{"nameChangeId":1,"name":"Ева","date":1576744178264}]},{"id":72,"name":"Друг","nameHistory":[{"nameChangeId":1,"name":"Друг","date":1576223844564}]},{"id":133,"name":"Джонс","nameHistory":[{"nameChangeId":1,"name":"Джонс","date":1577614304068}]},{"id":89,"name":"Джексон","nameHistory":[{"nameChangeId":1,"name":"Джексон","date":1576741422931}]},{"id":101,"name":"Джек","nameHistory":[{"nameChangeId":1,"name":"Джек","date":1576744219201}]},{"id":40,"name":"Граф","nameHistory":[{"nameChangeId":1,"name":"Граф","date":1575555655534}]},{"id":59,"name":"Гонсалес","nameHistory":[{"nameChangeId":1,"name":"Гонсалес","date":1576220356981}]},{"id":110,"name":"Гольф","nameHistory":[{"nameChangeId":1,"name":"Гольф","date":1577167054573}]},{"id":20,"name":"Гоги","nameHistory":[{"nameChangeId":1,"name":"Гоги","date":1575552429743}]},{"id":54,"name":"Гитлерок","nameHistory":[{"nameChangeId":1,"name":"Гитлерок","date":1576219824428}]},{"id":113,"name":"Гиннес","nameHistory":[{"nameChangeId":1,"name":"Гиннес","date":1577167179849}]},{"id":98,"name":"Гидра","nameHistory":[{"nameChangeId":1,"name":"Гидра","date":1576743130683}]},{"id":120,"name":"Гермиона","nameHistory":[{"nameChangeId":1,"name":"Гермиона","date":1577169475938}]},{"id":2,"name":"Гермес","nameHistory":[{"nameChangeId":1,"name":"Гермес","date":1574854880179}]},{"id":96,"name":"Вульф","nameHistory":[{"nameChangeId":1,"name":"Вульф","date":1576742374822}]},{"id":102,"name":"Ву","nameHistory":[{"nameChangeId":1,"name":"Ву","date":1576744277733}]},{"id":79,"name":"Вита","nameHistory":[{"nameChangeId":1,"name":"Вита","date":1576739919631}]},{"id":129,"name":"Винч","nameHistory":[{"nameChangeId":1,"name":"Винч","date":1577614142916}]},{"id":67,"name":"Вильгельм","nameHistory":[{"nameChangeId":1,"name":"Вильгельм","date":1576222171961}]},{"id":39,"name":"Вертинский","nameHistory":[{"nameChangeId":1,"name":"Вертинский","date":1575555606043}]},{"id":45,"name":"ВВ","nameHistory":[{"nameChangeId":1,"name":"ВВ","date":1575895320220}]},{"id":76,"name":"Бугай","nameHistory":[{"nameChangeId":1,"name":"Бугай","date":1576739725064}]},{"id":9,"name":"Ботичелли","nameHistory":[{"nameChangeId":1,"name":"Ботичелли","date":1574854945966}]},{"id":121,"name":"Боб","nameHistory":[{"nameChangeId":1,"name":"Боб","date":1577169686290},{"nameChangeId":2,"name":"Максим Занят","date":1577169691463},{"nameChangeId":3,"name":"Боб","date":1577169698904}]},{"id":1,"name":"Бернинг","nameHistory":[{"nameChangeId":1,"name":"Бернинг","date":1574854870530}]},{"id":114,"name":"Белла","nameHistory":[{"nameChangeId":1,"name":"Белла","date":1577167275994}]},{"id":28,"name":"Баламут","nameHistory":[{"nameChangeId":1,"name":"Баламут","date":1575554600158}]},{"id":93,"name":"База","nameHistory":[{"nameChangeId":1,"name":"База","date":1576741485477}]},{"id":64,"name":"Аш","nameHistory":[{"nameChangeId":1,"name":"Аш","date":1576221491746}]},{"id":37,"name":"Аспин","nameHistory":[{"nameChangeId":1,"name":"Аспин","date":1575555342259}]},{"id":103,"name":"Антоновка","nameHistory":[{"nameChangeId":1,"name":"Антоновка","date":1576744299211}]},{"id":83,"name":"Антон","nameHistory":[{"nameChangeId":1,"name":"Антон","date":1576741007317}]},{"id":80,"name":"Айвори","nameHistory":[{"nameChangeId":1,"name":"Айвери","date":1576740433618},{"nameChangeId":2,"name":"Айвори","date":1576741499498}]},{"id":97,"name":"Агроном","nameHistory":[{"nameChangeId":1,"name":"Агроном","date":1576742839396}]},{"id":43,"name":"А1","nameHistory":[{"nameChangeId":1,"name":"А1","date":1575894242866}]},{"id":142,"name":"Марго","nameHistory":[{"nameChangeId":1,"name":"Марго","date":1578607922658}]},{"id":143,"name":"Фиалка","nameHistory":[{"nameChangeId":1,"name":"Фиалка","date":1578609588996}]},{"id":144,"name":"Бамблби","nameHistory":[{"nameChangeId":1,"name":"Бамблби","date":1578610021774}]},{"id":145,"name":"Руфер","nameHistory":[{"nameChangeId":1,"name":"Руфер","date":1578610690721}]},{"id":146,"name":"Лютик","nameHistory":[{"nameChangeId":1,"name":"Лютик","date":1578670345021}]},{"id":147,"name":"Маркус","nameHistory":[{"nameChangeId":1,"name":"Маркус","date":1578670704049}]},{"id":148,"name":"Эдж","nameHistory":[{"nameChangeId":1,"name":"Эдж","date":1578670734188}]},{"id":149,"name":"Мария","nameHistory":[{"nameChangeId":1,"name":"Мария","date":1578670765354}]},{"id":150,"name":"Вад","nameHistory":[{"nameChangeId":1,"name":"Вад","date":1578670888326}]},{"id":151,"name":"Зэт(Z)","nameHistory":[{"nameChangeId":1,"name":"Зэт(Z)","date":1578672007650}]},{"id":152,"name":"Дион Доу","nameHistory":[{"nameChangeId":1,"name":"Дион Доу","date":1578672562158}]},{"id":153,"name":"Лоя","nameHistory":[{"nameChangeId":1,"name":"Лоя","date":1578673749840}]},{"id":155,"name":"Нагинц","nameHistory":[{"nameChangeId":1,"name":"Нагинц","date":1578673828749}]},{"id":156,"name":"Чак Норрис","nameHistory":[{"nameChangeId":1,"name":"Чак Норрис","date":1578760230906}]},{"id":157,"name":"Алиса (молодечно)","nameHistory":[{"nameChangeId":1,"name":"Алиса (молодечно)","date":1578760894693}]},{"id":158,"name":"Лиса","nameHistory":[{"nameChangeId":1,"name":"Лиса","date":1578760919336}]},{"id":159,"name":"Грин","nameHistory":[{"nameChangeId":1,"name":"Грин","date":1578761034721}]},{"id":160,"name":"Штык","nameHistory":[{"nameChangeId":1,"name":"Штык","date":1578761056771}]},{"id":161,"name":"Башмак","nameHistory":[{"nameChangeId":1,"name":"Башмак","date":1578761219323}]},{"id":162,"name":"Арис","nameHistory":[{"nameChangeId":1,"name":"Арис","date":1578761587112}]},{"id":163,"name":"Жаклин","nameHistory":[{"nameChangeId":1,"name":"Жаклин","date":1578762288126}]},{"id":164,"name":"Виолетта","nameHistory":[{"nameChangeId":1,"name":"Виолетта","date":1578762318414}]},{"id":165,"name":"Доходяга","nameHistory":[{"nameChangeId":1,"name":"Доходяга","date":1578762346827}]},{"id":166,"name":"Забар","nameHistory":[{"nameChangeId":1,"name":"Забар","date":1578762390455}]},{"id":167,"name":"Смайл","nameHistory":[{"nameChangeId":1,"name":"Смайл","date":1578789865383}]},{"id":168,"name":"Фокс","nameHistory":[{"nameChangeId":1,"name":"Фокс","date":1578789920790}]},{"id":169,"name":"Август","nameHistory":[{"nameChangeId":1,"name":"Август","date":1578790521188}]},{"id":170,"name":"Номерок","nameHistory":[{"nameChangeId":1,"name":"Номерок","date":1578790577603}]},{"id":171,"name":"Чепух (варшава)","nameHistory":[{"nameChangeId":1,"name":"Чепух (варшава)","date":1578790821767}]},{"id":172,"name":"Хан","nameHistory":[{"nameChangeId":1,"name":"Хан","date":1578790996647}]},{"id":174,"name":"Савитар","nameHistory":[{"nameChangeId":1,"name":"Савитар","date":1578791262505}]},{"id":175,"name":"Кармилитка","nameHistory":[{"nameChangeId":1,"name":"Кармилитка","date":1578791413546}]},{"id":176,"name":"Барни Блудница","nameHistory":[{"nameChangeId":1,"name":"Барни Блудница","date":1578791458044}]},{"id":177,"name":"Ронни","nameHistory":[{"nameChangeId":1,"name":"Ронни","date":1579204151756}]},{"id":178,"name":"Йода","nameHistory":[{"nameChangeId":1,"name":"Йода","date":1579206714901}]},{"id":179,"name":"Анжела","nameHistory":[{"nameChangeId":1,"name":"Анжела","date":1579206911005}]},{"id":180,"name":"Наполеон","nameHistory":[{"nameChangeId":1,"name":"Наполеон","date":1579365786443}]},{"id":181,"name":"Коледжио","nameHistory":[{"nameChangeId":1,"name":"Коледжио","date":1579365864910}]},{"id":182,"name":"31","nameHistory":[{"nameChangeId":1,"name":"31","date":1579365899479}]},{"id":183,"name":"Нарк","nameHistory":[{"nameChangeId":1,"name":"Нарк","date":1579366685321}]},{"id":184,"name":"Львенок","nameHistory":[{"nameChangeId":1,"name":"Львенок","date":1579366705940}]},{"id":185,"name":"Микки","nameHistory":[{"nameChangeId":1,"name":"Микки","date":1579366736810}]},{"id":186,"name":"Кей","nameHistory":[{"nameChangeId":1,"name":"Кей","date":1579366760866}]},{"id":187,"name":"Сова","nameHistory":[{"nameChangeId":1,"name":"Сова","date":1579366782934}]},{"id":188,"name":"Диспер","nameHistory":[{"nameChangeId":1,"name":"Диспер","date":1579366818455}]},{"id":189,"name":"Тур","nameHistory":[{"nameChangeId":1,"name":"Тур","date":1579367269611}]},{"id":190,"name":"Талок","nameHistory":[{"nameChangeId":1,"name":"Талок","date":1579367902569}]},{"id":191,"name":"Вий","nameHistory":[{"nameChangeId":1,"name":"Вий","date":1579367951042}]},{"id":193,"name":"Ланс","nameHistory":[{"nameChangeId":1,"name":"Ланс","date":1579442828345}]},{"id":194,"name":"Лимон","nameHistory":[{"nameChangeId":1,"name":"Лимон","date":1579640471181}]},{"id":195,"name":"Элли","nameHistory":[{"nameChangeId":1,"name":"Элли","date":1579640937900}]},{"id":196,"name":"Мориарти","nameHistory":[{"nameChangeId":1,"name":"Мориарти","date":1579956761792}]},{"id":197,"name":"Эдриан","nameHistory":[{"nameChangeId":1,"name":"Эндрю","date":1579956876261},{"nameChangeId":2,"name":"Эдриан","date":1579957207211}]},{"id":198,"name":"Акула","nameHistory":[{"nameChangeId":1,"name":"Акула","date":1579957413678}]},{"id":199,"name":"Вилли","nameHistory":[{"nameChangeId":1,"name":"Вилли","date":1579957484180}]},{"id":200,"name":"Клипса","nameHistory":[{"nameChangeId":1,"name":"Клипса","date":1579957525983}]},{"id":201,"name":"Дэвиль","nameHistory":[{"nameChangeId":1,"name":"Дэвиль","date":1579957608177}]},{"id":202,"name":"Лера","nameHistory":[{"nameChangeId":1,"name":"Лера","date":1579958310324}]},{"id":203,"name":"Полдник","nameHistory":[{"nameChangeId":1,"name":"Полдник","date":1579959619459}]},{"id":204,"name":"Майкл","nameHistory":[{"nameChangeId":1,"name":"Майкл","date":1580070597141}]},{"id":205,"name":"Буба","nameHistory":[{"nameChangeId":1,"name":"Буба","date":1580070699280}]},{"id":206,"name":"Мистер Смит","nameHistory":[{"nameChangeId":1,"name":"Мистер Смит","date":1580070762320}]},{"id":207,"name":"Миссис Смит","nameHistory":[{"nameChangeId":1,"name":"Миссис Смит","date":1580070784604}]},{"id":208,"name":"Вихва","nameHistory":[{"nameChangeId":1,"name":"Вихва","date":1580071413720}]},{"id":209,"name":"Гиена","nameHistory":[{"nameChangeId":1,"name":"Гиена","date":1580165569327}]},{"id":210,"name":"Арктика","nameHistory":[{"nameChangeId":1,"name":"Арктика","date":1580165621707}]},{"id":211,"name":"Склиф","nameHistory":[{"nameChangeId":1,"name":"Склиф","date":1580557092467}]},{"id":212,"name":"Маргаритка","nameHistory":[{"nameChangeId":1,"name":"Маргаритка","date":1580557107176}]},{"id":213,"name":"Гаджет","nameHistory":[{"nameChangeId":1,"name":"Гаджет","date":1581172243158}]},{"id":214,"name":"Янни","nameHistory":[{"nameChangeId":1,"name":"Янни","date":1581173304639}]},{"id":215,"name":"Магнолия","nameHistory":[{"nameChangeId":1,"name":"Магнолия","date":1581177845201}]},{"id":216,"name":"Вирджиния","nameHistory":[{"nameChangeId":1,"name":"Вирджиния","date":1581179210175}]},{"id":217,"name":"Broo","nameHistory":[{"nameChangeId":1,"name":"Broo","date":1581180281944}]},{"id":218,"name":"Таша","nameHistory":[{"nameChangeId":1,"name":"Таша","date":1581180310839}]},{"id":219,"name":"LSD","nameHistory":[{"nameChangeId":1,"name":"LSD","date":1581180539365}]},{"id":220,"name":"Формат","nameHistory":[{"nameChangeId":1,"name":"Формат","date":1581180584102}]},{"id":221,"name":"Кокос","nameHistory":[{"nameChangeId":1,"name":"Кокос","date":1581180607867}]},{"id":222,"name":"Бореса","nameHistory":[{"nameChangeId":1,"name":"Бореса","date":1581180632183}]},{"id":223,"name":"Орк","nameHistory":[{"nameChangeId":1,"name":"Орк","date":1581180651530}]},{"id":224,"name":"Русский","nameHistory":[{"nameChangeId":1,"name":"Русский","date":1581627546087}]},{"id":225,"name":"Тип","nameHistory":[{"nameChangeId":1,"name":"Тип","date":1581628459363}]},{"id":226,"name":"В17","nameHistory":[{"nameChangeId":1,"name":"В17","date":1581629181637}]},{"id":227,"name":"Тигра","nameHistory":[{"nameChangeId":1,"name":"Тигра","date":1581629479901}]},{"id":228,"name":"Эстефания","nameHistory":[{"nameChangeId":1,"name":"Эстефания","date":1581630337169}]},{"id":229,"name":"Фонарь","nameHistory":[{"nameChangeId":1,"name":"Фонарь","date":1581630358686}]},{"id":230,"name":"Почемучка","nameHistory":[{"nameChangeId":1,"name":"Почемучка","date":1581767400321}]},{"id":231,"name":"Юджин","nameHistory":[{"nameChangeId":1,"name":"Юджин","date":1581767640127}]},{"id":232,"name":"Ротмистер","nameHistory":[{"nameChangeId":1,"name":"Ротмистер","date":1581767695528}]},{"id":233,"name":"Звезда","nameHistory":[{"nameChangeId":1,"name":"Звезда","date":1581767782960}]},{"id":234,"name":"Мадонна","nameHistory":[{"nameChangeId":1,"name":"Мадонна","date":1581767803387}]},{"id":235,"name":"Трепачева","nameHistory":[{"nameChangeId":1,"name":"Трепачева","date":1581888837465}]},{"id":236,"name":"Лори","nameHistory":[{"nameChangeId":1,"name":"Лори","date":1581889295108}]},{"id":237,"name":"Купидон","nameHistory":[{"nameChangeId":1,"name":"Купидон","date":1581889324680}]},{"id":238,"name":"Гуф","nameHistory":[{"nameChangeId":1,"name":"Гуф","date":1581889439356}]},{"id":239,"name":"Джина","nameHistory":[{"nameChangeId":1,"name":"Джина","date":1581889580752}]},{"id":240,"name":"Фифа","nameHistory":[{"nameChangeId":1,"name":"Фифа","date":1582231677453}]},{"id":241,"name":"Yesterday","nameHistory":[{"nameChangeId":1,"name":"Yesterday","date":1582231944298}]},{"id":242,"name":"Natsy","nameHistory":[{"nameChangeId":1,"name":"Natsy","date":1582232086439}]},{"id":243,"name":"Бон","nameHistory":[{"nameChangeId":1,"name":"Бон","date":1582232538204}]},{"id":244,"name":"Физик","nameHistory":[{"nameChangeId":1,"name":"Физик","date":1582479955902}]},{"id":245,"name":"Джульета","nameHistory":[{"nameChangeId":1,"name":"Джульета","date":1582480069060}]},{"id":246,"name":"Валли","nameHistory":[{"nameChangeId":1,"name":"Валли","date":1582480105262}]},{"id":247,"name":"Алиха","nameHistory":[{"nameChangeId":1,"name":"Алиха","date":1582480126755}]},{"id":248,"name":"Муж","nameHistory":[{"nameChangeId":1,"name":"Муж","date":1582480153192}]},{"id":249,"name":"Ноил","nameHistory":[{"nameChangeId":1,"name":"Ноил","date":1582480237782}]},{"id":250,"name":"Раница","nameHistory":[{"nameChangeId":1,"name":"Раница","date":1582480304603}]},{"id":251,"name":"Грета","nameHistory":[{"nameChangeId":1,"name":"Грета","date":1582480330734}]},{"id":252,"name":"Фрайдей","nameHistory":[{"nameChangeId":1,"name":"Фрайдей","date":1582549111064}]},{"id":253,"name":"Алиса(МВ)","nameHistory":[{"nameChangeId":1,"name":"Алиса(МВ)","date":1582562944069}]},{"id":254,"name":"Лайт","nameHistory":[{"nameChangeId":1,"name":"Лайт","date":1582562985836}]},{"id":255,"name":"Nlip(Россия)","nameHistory":[{"nameChangeId":1,"name":"Nlip(Россия)","date":1582971841321}]},{"id":256,"name":"Волга","nameHistory":[{"nameChangeId":1,"name":"Волга","date":1583022981986}]},{"id":257,"name":"Марфик(грузия)","nameHistory":[{"nameChangeId":1,"name":"Марфик(грузия)","date":1583023010850}]},{"id":258,"name":"Элис(грузия)","nameHistory":[{"nameChangeId":1,"name":"Элис(грузия)","date":1583023285567}]},{"id":259,"name":"Виски","nameHistory":[{"nameChangeId":1,"name":"Виски","date":1583876852944}]},{"id":260,"name":"Изольда","nameHistory":[{"nameChangeId":1,"name":"Изольда","date":1583877528933}]},{"id":261,"name":"Король","nameHistory":[{"nameChangeId":1,"name":"Король","date":1584047571002}]},{"id":262,"name":"Гибкий","nameHistory":[{"nameChangeId":1,"name":"Гибкий","date":1584047709539}]},{"id":263,"name":"Диамант","nameHistory":[{"nameChangeId":1,"name":"Диамант","date":1584047931728}]},{"id":264,"name":"Сельмашевский","nameHistory":[{"nameChangeId":1,"name":"Сельмашевский","date":1584048043032}]},{"id":265,"name":"Морган","nameHistory":[{"nameChangeId":1,"name":"Морган","date":1584048078653}]},{"id":266,"name":"Бандит","nameHistory":[{"nameChangeId":1,"name":"Бандит","date":1584048225262}]},{"id":267,"name":"Кубик","nameHistory":[{"nameChangeId":1,"name":"Кубик","date":1584187332203}]},{"id":268,"name":"Ракета","nameHistory":[{"nameChangeId":1,"name":"Ракета","date":1584697843725}]},{"id":269,"name":"Дон","nameHistory":[{"nameChangeId":1,"name":"Дон","date":1584698153591}]},{"id":270,"name":"Билли","nameHistory":[{"nameChangeId":1,"name":"Билли","date":1585174544548}]},{"id":271,"name":"Пэрис","nameHistory":[{"nameChangeId":1,"name":"Пэрис","date":1585478192353}]},{"id":272,"name":"Туристка","nameHistory":[{"nameChangeId":1,"name":"Туристка","date":1599149878970}]},{"id":273,"name":"Артемида","nameHistory":[{"nameChangeId":1,"name":"Артемида","date":1599149957629}]},{"id":274,"name":"Империя","nameHistory":[{"nameChangeId":1,"name":"Империя","date":1599150000808}]},{"id":275,"name":"Мишка","nameHistory":[{"nameChangeId":1,"name":"Мишка","date":1599150445019}]},{"id":276,"name":"Анима","nameHistory":[{"nameChangeId":1,"name":"Анима","date":1599393805979}]},{"id":277,"name":"Dido(Дидо)","nameHistory":[{"nameChangeId":1,"name":"Dido(Дидо)","date":1599393846978}]},{"id":278,"name":"Бухгалтер","nameHistory":[{"nameChangeId":1,"name":"Бухгалтер","date":1599393871956}]},{"id":279,"name":"Прикол","nameHistory":[{"nameChangeId":1,"name":"Прикол","date":1599393906848}]},{"id":280,"name":"Мак-Магон","nameHistory":[{"nameChangeId":1,"name":"Мак-Магон","date":1599393925424}]},{"id":281,"name":"Свободный","nameHistory":[{"nameChangeId":1,"name":"Свободный","date":1599394026527}]},{"id":283,"name":"Ветер","nameHistory":[{"nameChangeId":1,"name":"Ветер","date":1599394125173}]},{"id":284,"name":"Айз","nameHistory":[{"nameChangeId":1,"name":"Айс","date":1599394235756},{"nameChangeId":2,"name":"Айз","date":1601542916238}]},{"id":285,"name":"ББ","nameHistory":[{"nameChangeId":1,"name":"ББ","date":1599394472970}]},{"id":286,"name":"Китана","nameHistory":[{"nameChangeId":1,"name":"Китана","date":1599394523711}]},{"id":287,"name":"Мишель","nameHistory":[{"nameChangeId":1,"name":"Мишель","date":1599394542855}]},{"id":288,"name":"Игра слов","nameHistory":[{"nameChangeId":1,"name":"Игра слов","date":1599394563033}]},{"id":289,"name":"Океан Борща","nameHistory":[{"nameChangeId":1,"name":"Океан Борща","date":1599394920401}]},{"id":290,"name":"Галадриэль","nameHistory":[{"nameChangeId":1,"name":"Галадриэль","date":1599394954800}]},{"id":291,"name":"Левша","nameHistory":[{"nameChangeId":1,"name":"Левша","date":1599395285238}]},{"id":292,"name":"Сергеевна","nameHistory":[{"nameChangeId":1,"name":"Сергеевна","date":1599748982075}]},{"id":293,"name":"Андерсон","nameHistory":[{"nameChangeId":1,"name":"Андерсон","date":1599749078231}]},{"id":294,"name":"Оксимирон","nameHistory":[{"nameChangeId":1,"name":"Оксимирон","date":1599749390009}]},{"id":295,"name":"Белый","nameHistory":[{"nameChangeId":1,"name":"Белый","date":1599920551224}]},{"id":296,"name":"Капеллан","nameHistory":[{"nameChangeId":1,"name":"Капеллан","date":1599920816194}]},{"id":297,"name":"Дайс","nameHistory":[{"nameChangeId":1,"name":"Дайс","date":1600012218327}]},{"id":298,"name":"Ежевика","nameHistory":[{"nameChangeId":1,"name":"Ежевика","date":1600012258825}]},{"id":299,"name":"Рыжик","nameHistory":[{"nameChangeId":1,"name":"Рыжик","date":1600012317703}]},{"id":300,"name":"Леон","nameHistory":[{"nameChangeId":1,"name":"Леон","date":1600012413106}]},{"id":301,"name":"Буся","nameHistory":[{"nameChangeId":1,"name":"Буся","date":1600012451931}]},{"id":302,"name":"Очевидность","nameHistory":[{"nameChangeId":1,"name":"Очевидность","date":1600012546184}]},{"id":303,"name":"Ёрш","nameHistory":[{"nameChangeId":1,"name":"Ёрш","date":1600622826833}]},{"id":304,"name":"Ариша","nameHistory":[{"nameChangeId":1,"name":"Ариша","date":1600622997525}]},{"id":305,"name":"Василек","nameHistory":[{"nameChangeId":1,"name":"Василек","date":1600624346987}]},{"id":306,"name":"Интерактив","nameHistory":[{"nameChangeId":1,"name":"Интерактив","date":1600624393605}]},{"id":307,"name":"Боженька","nameHistory":[{"nameChangeId":1,"name":"Боженька","date":1600624646189}]},{"id":308,"name":"Джо(Joe)","nameHistory":[{"nameChangeId":1,"name":"Джо(Joe)","date":1600921799623}]},{"id":309,"name":"Кукловод","nameHistory":[{"nameChangeId":1,"name":"Кукловод","date":1601207718551}]},{"id":310,"name":"Пандора","nameHistory":[{"nameChangeId":1,"name":"Пандора","date":1601207762007}]},{"id":311,"name":"Бонита","nameHistory":[{"nameChangeId":1,"name":"Бонита","date":1601207846443}]},{"id":312,"name":"Динозавр","nameHistory":[{"nameChangeId":1,"name":"Динозавр","date":1601207880564}]},{"id":313,"name":"Джобс","nameHistory":[{"nameChangeId":1,"name":"Джобс","date":1601208106506}]},{"id":314,"name":"Гитлер","nameHistory":[{"nameChangeId":1,"name":"Гитлер","date":1601208842597}]},{"id":315,"name":"Сталин","nameHistory":[{"nameChangeId":1,"name":"Сталин","date":1601208875674}]},{"id":316,"name":"Июльский","nameHistory":[{"nameChangeId":1,"name":"Июльский","date":1601367752739}]},{"id":317,"name":"Ремеди","nameHistory":[{"nameChangeId":1,"name":"Ремеди","date":1601368259701}]},{"id":318,"name":"Миклашевский","nameHistory":[{"nameChangeId":1,"name":"Миклашевский","date":1601540114320}]},{"id":319,"name":"Alvi (Алви)","nameHistory":[{"nameChangeId":1,"name":"Alvi (Алви)","date":1601540220790}]},{"id":320,"name":"Бонаква","nameHistory":[{"nameChangeId":1,"name":"Бонаква","date":1601727860748}]},{"id":321,"name":"Лена(муж.)","nameHistory":[{"nameChangeId":1,"name":"Лена(муж.)","date":1601727912948}]},{"id":322,"name":"Люцифер","nameHistory":[{"nameChangeId":1,"name":"Люцифер","date":1601728272923}]},{"id":323,"name":"Франц","nameHistory":[{"nameChangeId":1,"name":"Франц","date":1601728364164}]},{"id":324,"name":"Бенкси","nameHistory":[{"nameChangeId":1,"name":"Бенкси","date":1601728510105}]},{"id":325,"name":"Ханна","nameHistory":[{"nameChangeId":1,"name":"Ханна","date":1601728539551}]},{"id":326,"name":"Грин(мзи)","nameHistory":[{"nameChangeId":1,"name":"Грин(мзи)","date":1601731969564}]},{"id":327,"name":"Стас","nameHistory":[{"nameChangeId":1,"name":"Стас","date":1601731993818}]},{"id":328,"name":"Донскоф","nameHistory":[{"nameChangeId":1,"name":"Донскоф","date":1601732250139}]},{"id":329,"name":"Папай","nameHistory":[{"nameChangeId":1,"name":"Папай","date":1601734073566}]},{"id":330,"name":"Дайрин","nameHistory":[{"nameChangeId":1,"name":"Дайрин","date":1601798503101}]},{"id":331,"name":"Йцукен","nameHistory":[{"nameChangeId":1,"name":"Йцукен","date":1601798565684}]},{"id":332,"name":"Энгри Догги Дог","nameHistory":[{"nameChangeId":1,"name":"Энгри Догги Дог","date":1601799168148}]},{"id":333,"name":"Лисенок","nameHistory":[{"nameChangeId":1,"name":"Лисенок","date":1601976435477}]},{"id":334,"name":"Вольво","nameHistory":[{"nameChangeId":1,"name":"Вольво","date":1602156813783}]},{"id":335,"name":"Артик","nameHistory":[{"nameChangeId":1,"name":"Артик","date":1602416091683}]},{"id":336,"name":"Зюзя","nameHistory":[{"nameChangeId":1,"name":"Зюзя","date":1602416098176}]},{"id":337,"name":"Криста","nameHistory":[{"nameChangeId":1,"name":"Криста","date":1602416106215}]},{"id":338,"name":"Боня","nameHistory":[{"nameChangeId":1,"name":"Боня","date":1602416360954}]},{"id":339,"name":"Кракис","nameHistory":[{"nameChangeId":1,"name":"Кракис","date":1602417478321}]},{"id":340,"name":"Новичок","nameHistory":[{"nameChangeId":1,"name":"Новичок","date":1602417496626}]},{"id":341,"name":"Солли","nameHistory":[{"nameChangeId":1,"name":"Солли","date":1602417508819}]},{"id":342,"name":"Училка","nameHistory":[{"nameChangeId":1,"name":"Училка","date":1602419035495}]},{"id":343,"name":"Центральный","nameHistory":[{"nameChangeId":1,"name":"Центральный","date":1602419769665}]},{"id":344,"name":"Ми-ми","nameHistory":[{"nameChangeId":1,"name":"Мими","date":1602419819202},{"nameChangeId":2,"name":"Ми-ми","date":1602572324492}]},{"id":345,"name":"Стешняшка","nameHistory":[{"nameChangeId":1,"name":"Стешняшка","date":1602572953280}]},{"id":346,"name":"Эйк","nameHistory":[{"nameChangeId":1,"name":"Эйк","date":1602776859417}]},{"id":347,"name":"Угвей","nameHistory":[{"nameChangeId":1,"name":"Угвей","date":1603017871672}]},{"id":348,"name":"Орел","nameHistory":[{"nameChangeId":1,"name":"Орел","date":1603017887147}]},{"id":349,"name":"Крошка Картошка","nameHistory":[{"nameChangeId":1,"name":"Крошка Картошка","date":1603017906468}]},{"id":350,"name":"Малина","nameHistory":[{"nameChangeId":1,"name":"Малина","date":1603017941716}]},{"id":351,"name":"Верзилла","nameHistory":[{"nameChangeId":1,"name":"Верзилла","date":1603017959322}]},{"id":352,"name":"Флэш","nameHistory":[{"nameChangeId":1,"name":"Флэш","date":1603018203010}]},{"id":353,"name":"Жнец","nameHistory":[{"nameChangeId":1,"name":"Жнец","date":1603018436804}]},{"id":354,"name":"Шахматист","nameHistory":[{"nameChangeId":1,"name":"Шахматист","date":1603177291311}]},{"id":355,"name":"Хината","nameHistory":[{"nameChangeId":1,"name":"Хината","date":1603177380322}]},{"id":356,"name":"Писатель","nameHistory":[{"nameChangeId":1,"name":"Писатель","date":1603526426595}]},{"id":357,"name":"Вишенька","nameHistory":[{"nameChangeId":1,"name":"Вишенька","date":1603624937546}]},{"id":358,"name":"Вовчик","nameHistory":[{"nameChangeId":1,"name":"Вовчик","date":1603625034783}]},{"id":359,"name":"Chinaski (IMС) ","nameHistory":[{"nameChangeId":1,"name":"Chinaski ","date":1603625144874},{"nameChangeId":2,"name":"Chinaski (IMС) ","date":1603625263658}]},{"id":360,"name":"Winchester (IMС)","nameHistory":[{"nameChangeId":1,"name":"Winchester (IMС)","date":1603625244519}]},{"id":361,"name":"Полусладкая (IMС)","nameHistory":[{"nameChangeId":1,"name":"Полусладкая (IMС)","date":1603625297484}]},{"id":362,"name":"Karpal (IMС)","nameHistory":[{"nameChangeId":1,"name":"Karpal (IMС)","date":1603625400025}]},{"id":363,"name":"Хлебушек","nameHistory":[{"nameChangeId":1,"name":"Хлебушек","date":1603625483924}]},{"id":364,"name":"Сахар","nameHistory":[{"nameChangeId":1,"name":"Сахар","date":1603625734333}]},{"id":365,"name":"Медведь (МЗИ)","nameHistory":[{"nameChangeId":1,"name":"Медведь (МЗИ)","date":1603625932450}]},{"id":366,"name":" Мэри Поппинс","nameHistory":[{"nameChangeId":1,"name":" Мэри Поппинс","date":1603626586209}]},{"id":367,"name":"Лилу","nameHistory":[{"nameChangeId":1,"name":"Лилу","date":1603626707507}]},{"id":368,"name":"Эрин","nameHistory":[{"nameChangeId":1,"name":"Эрин","date":1603778973291}]},{"id":369,"name":"Оракл","nameHistory":[{"nameChangeId":1,"name":"Оракл","date":1603779121794}]},{"id":370,"name":"Нефелим","nameHistory":[{"nameChangeId":1,"name":"Нефелим","date":1604055898417}]},{"id":371,"name":"Весна","nameHistory":[{"nameChangeId":1,"name":"Весна","date":1604734680452}]},{"id":372,"name":"Гризли","nameHistory":[{"nameChangeId":1,"name":"Гризли","date":1605112448707}]},{"id":373,"name":"Розали","nameHistory":[{"nameChangeId":1,"name":"Розали","date":1605112573683}]},{"id":374,"name":"Пабло Эскобар","nameHistory":[{"nameChangeId":1,"name":"Пабло Эскобар","date":1605112641058}]},{"id":375,"name":"Рокфеллер(RBF)","nameHistory":[{"nameChangeId":1,"name":"Рокфеллер(RBF)","date":1605112726095}]},{"id":376,"name":"Валерун-Балерун","nameHistory":[{"nameChangeId":1,"name":"Валерун-Балерун","date":1605113661519}]},{"id":377,"name":"Дождь","nameHistory":[{"nameChangeId":1,"name":"Дождь","date":1605113821411}]},{"id":378,"name":"Хайзенберг","nameHistory":[{"nameChangeId":1,"name":"Хайзенберг","date":1605520845475}]},{"id":379,"name":"Домино","nameHistory":[{"nameChangeId":1,"name":"Домино","date":1605522721937}]},{"id":380,"name":"Классика","nameHistory":[{"nameChangeId":1,"name":"Классика","date":1605522968869}]},{"id":381,"name":"Кусок","nameHistory":[{"nameChangeId":1,"name":"Кусок","date":1605523035942}]},{"id":382,"name":"г-жа Альфа","nameHistory":[{"nameChangeId":3,"name":"г-ж Альфа","date":1605799295401},{"nameChangeId":2,"name":"Альфа г-ж","date":1605799262314},{"nameChangeId":1,"name":"Альфа","date":1605799214388},{"nameChangeId":4,"name":"г-жа Альфа","date":1609233993880}]},{"id":383,"name":"Геральд","nameHistory":[{"nameChangeId":1,"name":"Геральд","date":1605799474154}]},{"id":384,"name":"Юрия","nameHistory":[{"nameChangeId":1,"name":"Юрия","date":1606162466704}]},{"id":385,"name":"Зорро","nameHistory":[{"nameChangeId":1,"name":"Зорро","date":1606162519370}]},{"id":386,"name":"Георгий","nameHistory":[{"nameChangeId":1,"name":"Георгий","date":1606162685555}]},{"id":387,"name":"Джованни","nameHistory":[{"nameChangeId":1,"name":"Джованни","date":1606162775330}]},{"id":388,"name":"Ёж","nameHistory":[{"nameChangeId":1,"name":"Ёж","date":1606167019446}]},{"id":389,"name":"Дядя Толя","nameHistory":[{"nameChangeId":1,"name":"Дядя Толя","date":1606167110935}]},{"id":390,"name":"Венедиктов","nameHistory":[{"nameChangeId":1,"name":"Венедиктов","date":1606167155646}]},{"id":391,"name":"Восемь","nameHistory":[{"nameChangeId":1,"name":"Восемь","date":1606167183849}]},{"id":392,"name":"Мисс","nameHistory":[{"nameChangeId":1,"name":"Мисс","date":1606167724147}]},{"id":393,"name":"Рая","nameHistory":[{"nameChangeId":1,"name":"Рая","date":1606689462981}]},{"id":394,"name":"ДаВинчи","nameHistory":[{"nameChangeId":1,"name":"ДаВинчи","date":1609234304068}]},{"id":395,"name":"Сицилия","nameHistory":[{"nameChangeId":1,"name":"Сицилия","date":1611648130740}]},{"id":396,"name":"Кристо","nameHistory":[{"nameChangeId":1,"name":"Кристо","date":1611648524548}]},{"id":397,"name":"Ден Круз","nameHistory":[{"nameChangeId":1,"name":"Ден Круз","date":1611845729220}]},{"id":398,"name":"Импульс","nameHistory":[{"nameChangeId":1,"name":"Импульс","date":1611845768000}]},{"id":399,"name":"Пушка","nameHistory":[{"nameChangeId":1,"name":"Пушка","date":1611845813617}]},{"id":400,"name":"Киросянка","nameHistory":[{"nameChangeId":1,"name":"Киросянка","date":1611845841780}]},{"id":401,"name":"Мисс Каприз","nameHistory":[{"nameChangeId":1,"name":"Мисс Каприз","date":1611845880207}]},{"id":402,"name":"Вегас","nameHistory":[{"nameChangeId":1,"name":"Вегас","date":1611845960058}]},{"id":403,"name":"Yukimi","nameHistory":[{"nameChangeId":1,"name":"Yukimi","date":1611846152744}]},{"id":404,"name":"Бублик","nameHistory":[{"nameChangeId":1,"name":"Бублик","date":1612777876519}]},{"id":405,"name":"Нео","nameHistory":[{"nameChangeId":1,"name":"Нео","date":1613041540187}]},{"id":406,"name":"Кошка","nameHistory":[{"nameChangeId":1,"name":"Кошка","date":1613730932735}]},{"id":407,"name":"Светик","nameHistory":[{"nameChangeId":1,"name":"Светик","date":1615494024447}]},{"id":408,"name":"Кобра","nameHistory":[{"nameChangeId":1,"name":"Кобра","date":1615494045267}]},{"id":409,"name":"Пилигрим","nameHistory":[{"nameChangeId":1,"name":"Пилигрим","date":1615494085662}]},{"id":410,"name":"Василий Васильевич","nameHistory":[{"nameChangeId":1,"name":"Василий Васильевич","date":1615494129953}]},{"id":411,"name":"Лия","nameHistory":[{"nameChangeId":1,"name":"Лия","date":1615494225989}]},{"id":412,"name":"Амикс","nameHistory":[{"nameChangeId":1,"name":"Амикс","date":1615494360303}]},{"id":413,"name":"Маркуша","nameHistory":[{"nameChangeId":1,"name":"Маркуша","date":1615494555366}]},{"id":414,"name":"Берлин","nameHistory":[{"nameChangeId":1,"name":"Берлин","date":1615826201145}]},{"id":415,"name":"Истина","nameHistory":[{"nameChangeId":1,"name":"Истина","date":1615826280553}]},{"id":416,"name":"Париж","nameHistory":[{"nameChangeId":1,"name":"Париж","date":1615913383806}]},{"id":417,"name":"Ник","nameHistory":[{"nameChangeId":1,"name":"Ник","date":1615913579063}]},{"id":418,"name":"Лира","nameHistory":[{"nameChangeId":1,"name":"Лира","date":1615913595841}]},{"id":419,"name":"Vogue (Вог)","nameHistory":[{"nameChangeId":1,"name":"Вог (Vog)","date":1615913620048},{"nameChangeId":2,"name":"Vogue (Вог)","date":1617098248814}]},{"id":420,"name":"Любовь","nameHistory":[{"nameChangeId":1,"name":"Любовь","date":1615913761832}]},{"id":421,"name":"Милан","nameHistory":[{"nameChangeId":1,"name":"Милан*","date":1615913782289},{"nameChangeId":2,"name":"Милан","date":1622571062390}]},{"id":422,"name":"Пастырь","nameHistory":[{"nameChangeId":1,"name":"Пастырь","date":1616139429692}]},{"id":423,"name":"Алиэкс","nameHistory":[{"nameChangeId":1,"name":"Алиэкс","date":1616139436417}]},{"id":424,"name":"Джонголд","nameHistory":[{"nameChangeId":1,"name":"Джонголд","date":1616139535342}]},{"id":425,"name":"Создатель","nameHistory":[{"nameChangeId":1,"name":"Создатель","date":1616139577726}]},{"id":426,"name":"Калин","nameHistory":[{"nameChangeId":1,"name":"Калин","date":1616327944268}]},{"id":427,"name":"Вамп","nameHistory":[{"nameChangeId":1,"name":"Вамп","date":1616327949764}]},{"id":428,"name":"Витьба","nameHistory":[{"nameChangeId":1,"name":"Витьба","date":1616327976062}]},{"id":429,"name":"Тигр","nameHistory":[{"nameChangeId":1,"name":"Тигр","date":1616328018127}]},{"id":430,"name":"Мадеон","nameHistory":[{"nameChangeId":1,"name":"Мадеон","date":1616328119475}]},{"id":431,"name":"Крестный Отец","nameHistory":[{"nameChangeId":1,"name":"Крестный Отец","date":1616328317849}]},{"id":432,"name":"Шарлотта","nameHistory":[{"nameChangeId":1,"name":"Шарлотта","date":1616328539101}]},{"id":433,"name":"Кэрри","nameHistory":[{"nameChangeId":1,"name":"Кэрри","date":1616328622269}]},{"id":434,"name":"ЦСКА","nameHistory":[{"nameChangeId":1,"name":"ЦСКА","date":1616328797244}]},{"id":436,"name":"Крузенштерн","nameHistory":[{"nameChangeId":1,"name":"Крузенштерн","date":1616329312090}]},{"id":437,"name":"Марфа","nameHistory":[{"nameChangeId":1,"name":"Марфа","date":1616706959956}]},{"id":438,"name":"Таракан","nameHistory":[{"nameChangeId":1,"name":"Таракан","date":1617108664365}]},{"id":439,"name":"Спектр","nameHistory":[{"nameChangeId":1,"name":"Спектр","date":1617305038826}]},{"id":440,"name":"Ириска","nameHistory":[{"nameChangeId":1,"name":"Ириска","date":1618167236717}]},{"id":441,"name":"Мэри","nameHistory":[{"nameChangeId":1,"name":"Мэри","date":1618167272856}]},{"id":442,"name":"Лем","nameHistory":[{"nameChangeId":1,"name":"Лем","date":1618167305287}]},{"id":443,"name":"Марлин","nameHistory":[{"nameChangeId":1,"name":"Марлин","date":1618167329896}]},{"id":444,"name":"Вэн","nameHistory":[{"nameChangeId":1,"name":"Вэн","date":1618580343879}]},{"id":445,"name":"Sen (Сен)","nameHistory":[{"nameChangeId":1,"name":"Сен","date":1619276667402},{"nameChangeId":2,"name":"Sen","date":1619281167687},{"nameChangeId":3,"name":"Sen (Сен)","date":1622568076824}]},{"id":446,"name":"Конопацкий","nameHistory":[{"nameChangeId":1,"name":"Конопацкий","date":1619276711198}]},{"id":447,"name":"Навальный","nameHistory":[{"nameChangeId":1,"name":"Навальный","date":1619276740637}]},{"id":448,"name":"Янг","nameHistory":[{"nameChangeId":1,"name":"Young","date":1619276803567},{"nameChangeId":2,"name":"Янг","date":1620236644912}]},{"id":449,"name":"Эмми","nameHistory":[{"nameChangeId":1,"name":"Эмми","date":1619276827883}]},{"id":450,"name":"Чайник","nameHistory":[{"nameChangeId":1,"name":"Чайник","date":1619276852652}]},{"id":451,"name":"Гэп","nameHistory":[{"nameChangeId":1,"name":"Гэп","date":1619276931079}]},{"id":452,"name":"Амсти","nameHistory":[{"nameChangeId":1,"name":"Амсти","date":1619276978921}]},{"id":453,"name":"Big balls (Большие шары)","nameHistory":[{"nameChangeId":3,"name":"Big balls (Большие мячи)","date":1622567982029},{"nameChangeId":2,"name":"Big balls","date":1619277705184},{"nameChangeId":1,"name":"Большой Босс","date":1619277226408},{"nameChangeId":4,"name":"Big balls (Большие шары)","date":1622570881754}]},{"id":454,"name":"HL","nameHistory":[{"nameChangeId":1,"name":"HL","date":1619277275941}]},{"id":455,"name":"Злой язык","nameHistory":[{"nameChangeId":1,"name":"Злой язык","date":1619277360863}]},{"id":456,"name":"Луи","nameHistory":[{"nameChangeId":1,"name":"Луи","date":1619277381898}]},{"id":457,"name":"Фугас","nameHistory":[{"nameChangeId":1,"name":"Фугас","date":1619277411130}]},{"id":458,"name":"Роджер","nameHistory":[{"nameChangeId":1,"name":"Роджер","date":1619277730326}]},{"id":459,"name":"Перец","nameHistory":[{"nameChangeId":1,"name":"Перец","date":1619278180422}]},{"id":460,"name":"Артист","nameHistory":[{"nameChangeId":1,"name":"Артист","date":1619278252420}]},{"id":461,"name":"Шнапс","nameHistory":[{"nameChangeId":1,"name":"Ибрагим","date":1619278279743},{"nameChangeId":2,"name":"Шнапс","date":1620726358102}]},{"id":462,"name":"White","nameHistory":[{"nameChangeId":1,"name":"White","date":1619278317103}]},{"id":464,"name":"Барбариска","nameHistory":[{"nameChangeId":1,"name":"Барбариска","date":1619278387208}]},{"id":465,"name":"Кореш","nameHistory":[{"nameChangeId":1,"name":"Кореш","date":1619278408623},{"nameChangeId":2,"name":"Жихарка","date":1619278593989},{"nameChangeId":3,"name":"Кореш","date":1619278744462}]},{"id":466,"name":"Жихарка","nameHistory":[{"nameChangeId":1,"name":"Жихарка","date":1619278752895}]},{"id":467,"name":"Манго","nameHistory":[{"nameChangeId":1,"name":"Манго","date":1619279295911}]},{"id":468,"name":"Кьяра","nameHistory":[{"nameChangeId":1,"name":"Кьяра","date":1619279405689}]},{"id":469,"name":"Парламент","nameHistory":[{"nameChangeId":1,"name":"Парламент","date":1619279481858}]},{"id":470,"name":"Еврей","nameHistory":[{"nameChangeId":1,"name":"Еврей","date":1619279894371}]},{"id":471,"name":"Монтана","nameHistory":[{"nameChangeId":1,"name":"Монтана","date":1619279919945}]},{"id":472,"name":"Лисичка","nameHistory":[{"nameChangeId":1,"name":"Лисичка","date":1619280001913}]},{"id":474,"name":"Оскар","nameHistory":[{"nameChangeId":1,"name":"Оскар","date":1619280306014}]},{"id":475,"name":"Кристи","nameHistory":[{"nameChangeId":1,"name":"Кристи","date":1619280326052}]},{"id":477,"name":"Шок","nameHistory":[{"nameChangeId":1,"name":"Шок","date":1619280392270}]},{"id":478,"name":"Колбаса","nameHistory":[{"nameChangeId":1,"name":"Колбаса","date":1619280551503}]},{"id":479,"name":"Оливер","nameHistory":[{"nameChangeId":1,"name":"Оливер","date":1619280607417}]},{"id":481,"name":"Any (Эни)","nameHistory":[{"nameChangeId":1,"name":"Any","date":1619280800690},{"nameChangeId":2,"name":"Any (Эни)","date":1622567893222}]},{"id":482,"name":"Серый лис","nameHistory":[{"nameChangeId":1,"name":"Серый лис","date":1619280823863}]},{"id":483,"name":"Иристоф","nameHistory":[{"nameChangeId":1,"name":"Иристоф","date":1619281112195}]},{"id":484,"name":"Кактус","nameHistory":[{"nameChangeId":1,"name":"Кактус","date":1619281229917}]},{"id":485,"name":"Десяточка","nameHistory":[{"nameChangeId":1,"name":"Десяточка","date":1619281314514}]},{"id":486,"name":"Богдан","nameHistory":[{"nameChangeId":1,"name":"Богдан","date":1619281438949}]},{"id":487,"name":"Парагванец","nameHistory":[{"nameChangeId":1,"name":"Парагванец","date":1619281831357}]},{"id":488,"name":"Черный","nameHistory":[{"nameChangeId":1,"name":"Черный","date":1619535561011}]},{"id":489,"name":"Паук","nameHistory":[{"nameChangeId":1,"name":"Паук","date":1619536520293}]},{"id":490,"name":"Сибас","nameHistory":[{"nameChangeId":1,"name":"Себастьян","date":1620234943476},{"nameChangeId":2,"name":"Сибас","date":1620236624056}]},{"id":491,"name":"Боджи","nameHistory":[{"nameChangeId":1,"name":"Боджи","date":1620236889656}]},{"id":492,"name":"Тьма","nameHistory":[{"nameChangeId":1,"name":"Тьма","date":1620236909951}]},{"id":493,"name":"Биошь","nameHistory":[{"nameChangeId":1,"name":"Биошь","date":1620236969102}]},{"id":494,"name":"S(эс)","nameHistory":[{"nameChangeId":1,"name":"S","date":1620236993791},{"nameChangeId":2,"name":"S(эс)","date":1620237399917}]},{"id":495,"name":"Qwerty(Кверти)","nameHistory":[{"nameChangeId":1,"name":"Qwerty(Кверти)","date":1620237211956}]},{"id":496,"name":"Джон Доу","nameHistory":[{"nameChangeId":1,"name":"Джон Доу","date":1620237716591}]},{"id":497,"name":"Актриса","nameHistory":[{"nameChangeId":1,"name":"Актриса Алиса","date":1620252558453},{"nameChangeId":2,"name":"Актриса","date":1620252879183}]},{"id":498,"name":"Митя","nameHistory":[{"nameChangeId":1,"name":"Митя","date":1620252578590}]},{"id":499,"name":"Нутелла","nameHistory":[{"nameChangeId":1,"name":"Нутелла","date":1620252598144}]},{"id":500,"name":"Ваби","nameHistory":[{"nameChangeId":1,"name":"Ваби","date":1620252621243}]},{"id":501,"name":"Тупак","nameHistory":[{"nameChangeId":1,"name":"Тупак","date":1620252714600}]},{"id":502,"name":"Кабачок","nameHistory":[{"nameChangeId":1,"name":"Кабачок","date":1620252758072}]},{"id":503,"name":"Нокс","nameHistory":[{"nameChangeId":1,"name":"Нокс","date":1620253279024}]},{"id":504,"name":"Полис","nameHistory":[{"nameChangeId":1,"name":"Полис","date":1620496354232}]},{"id":505,"name":"Ладама","nameHistory":[{"nameChangeId":1,"name":"Ладама","date":1620496532258}]},{"id":506,"name":"Зло","nameHistory":[{"nameChangeId":1,"name":"Зло","date":1620496785191}]},{"id":507,"name":"Британи","nameHistory":[{"nameChangeId":1,"name":"Британи","date":1620496869475}]},{"id":508,"name":"Дабро","nameHistory":[{"nameChangeId":1,"name":"Дабро","date":1620496948756}]},{"id":509,"name":"Awd2","nameHistory":[{"nameChangeId":1,"name":"Awd2","date":1620497130455}]},{"id":510,"name":"Money","nameHistory":[{"nameChangeId":1,"name":"Money","date":1620726688810}]},{"id":511,"name":"Вредина","nameHistory":[{"nameChangeId":1,"name":"Вредина","date":1620726754385}]},{"id":512,"name":"Неадекват","nameHistory":[{"nameChangeId":1,"name":"Неадекват","date":1620726773882}]},{"id":513,"name":"Паблос","nameHistory":[{"nameChangeId":1,"name":"Паблос","date":1620726810311}]},{"id":514,"name":"Джессика","nameHistory":[{"nameChangeId":1,"name":"Джессика","date":1620726849316}]},{"id":515,"name":"Кивис","nameHistory":[{"nameChangeId":1,"name":"Кивис","date":1620727265814}]},{"id":516,"name":"Нуб","nameHistory":[{"nameChangeId":1,"name":"Нуб","date":1620727281912}]},{"id":517,"name":"Алекс","nameHistory":[{"nameChangeId":1,"name":"Алекс","date":1620727489840}]},{"id":518,"name":"Джей Ши","nameHistory":[{"nameChangeId":1,"name":"Джей Ши","date":1620727791061}]},{"id":519,"name":"Одри","nameHistory":[{"nameChangeId":1,"name":"Одри","date":1620727878119}]},{"id":520,"name":"Блондин","nameHistory":[{"nameChangeId":1,"name":"Блондин","date":1620728550424}]},{"id":521,"name":"Ля какой","nameHistory":[{"nameChangeId":1,"name":"Ля какой","date":1620728652671}]},{"id":522,"name":"Одессит (Израиль)","nameHistory":[{"nameChangeId":1,"name":"Одессит (Израиль)","date":1621082775832}]},{"id":523,"name":"Хоттабыч","nameHistory":[{"nameChangeId":1,"name":"Хоттабыч","date":1621083359638}]},{"id":524,"name":"Валера","nameHistory":[{"nameChangeId":1,"name":"Валера","date":1621083392237}]},{"id":525,"name":"Андрей","nameHistory":[{"nameChangeId":1,"name":"Андрей","date":1621083418471}]},{"id":526,"name":"Посредник","nameHistory":[{"nameChangeId":1,"name":"Посредник","date":1621083646518}]},{"id":527,"name":"Тори","nameHistory":[{"nameChangeId":1,"name":"Тори","date":1621249389143}]},{"id":528,"name":"Клайд","nameHistory":[{"nameChangeId":1,"name":"Клайд","date":1621249439960}]},{"id":529,"name":"Мару","nameHistory":[{"nameChangeId":1,"name":"Мару","date":1621249645053}]},{"id":530,"name":"Литерикс (Literix)","nameHistory":[{"nameChangeId":1,"name":"Литерикс (Literix)","date":1621249682557}]},{"id":531,"name":"Мустафанер","nameHistory":[{"nameChangeId":1,"name":"Мустафанер","date":1621250093570}]},{"id":532,"name":"Зубодер","nameHistory":[{"nameChangeId":1,"name":"Зубодер","date":1621250647227}]},{"id":533,"name":"Лампочка","nameHistory":[{"nameChangeId":1,"name":"Лампочка","date":1621460721554}]},{"id":534,"name":"Пряник","nameHistory":[{"nameChangeId":1,"name":"Пряник","date":1621507404524}]},{"id":535,"name":"Касабланка(Новополоцк)","nameHistory":[{"nameChangeId":1,"name":"Касабланка(Новополоцк)","date":1621508442487}]},{"id":536,"name":"Претендент","nameHistory":[{"nameChangeId":1,"name":"Претендент","date":1621508842452}]},{"id":537,"name":"Номер один 1","nameHistory":[{"nameChangeId":1,"name":"Номер один 1","date":1622150257958}]},{"id":538,"name":"Миф","nameHistory":[{"nameChangeId":1,"name":"Миф","date":1622150285562}]},{"id":539,"name":"Марьяна","nameHistory":[{"nameChangeId":1,"name":"Марьяна","date":1622150315939}]},{"id":540,"name":"Профитина","nameHistory":[{"nameChangeId":1,"name":"Профитина","date":1622150350484}]},{"id":541,"name":"Амеланд","nameHistory":[{"nameChangeId":1,"name":"Амеланд","date":1622150446470}]},{"id":542,"name":"Нефертити","nameHistory":[{"nameChangeId":1,"name":"Нефертити","date":1622150486232}]},{"id":543,"name":"Регут","nameHistory":[{"nameChangeId":1,"name":"Регул","date":1622150534037},{"nameChangeId":2,"name":"Регут","date":1622151501096}]},{"id":544,"name":"Летучий Голандец","nameHistory":[{"nameChangeId":1,"name":"Летучий Голандец","date":1622150841137}]},{"id":545,"name":"Егор","nameHistory":[{"nameChangeId":1,"name":"Егор","date":1622151445615}]},{"id":546,"name":"Черный перец","nameHistory":[{"nameChangeId":1,"name":"Черный перец","date":1622190781595}]},{"id":547,"name":"Лолог","nameHistory":[{"nameChangeId":1,"name":"Лолог","date":1622190841444}]},{"id":548,"name":"Байрош","nameHistory":[{"nameChangeId":1,"name":"Байрош","date":1622190893028}]},{"id":549,"name":"Приятель","nameHistory":[{"nameChangeId":1,"name":"Приятель","date":1622191002722}]},{"id":550,"name":"Шафл","nameHistory":[{"nameChangeId":1,"name":"Шафл","date":1622226622847}]},{"id":551,"name":"Подружка","nameHistory":[{"nameChangeId":1,"name":"Подружка","date":1622226685921}]},{"id":552,"name":"Чаки","nameHistory":[{"nameChangeId":1,"name":"Чаки","date":1622227657893}]},{"id":553,"name":"Люпен","nameHistory":[{"nameChangeId":2,"name":"Сестрица","date":1623239939932},{"nameChangeId":1,"name":"Алиса (Нефть)","date":1622562996447},{"nameChangeId":3,"name":"Люпен","date":1623955920960}]},{"id":554,"name":"Сандра","nameHistory":[{"nameChangeId":1,"name":"Сандра","date":1622563294972}]},{"id":555,"name":"Кендел","nameHistory":[{"nameChangeId":1,"name":"Кендал","date":1622563991455},{"nameChangeId":2,"name":"Кендел","date":1622564204776}]},{"id":556,"name":"Тохас","nameHistory":[{"nameChangeId":1,"name":"Тохас","date":1622564023581}]},{"id":557,"name":"Оня","nameHistory":[{"nameChangeId":1,"name":"Оня","date":1622564041229}]},{"id":558,"name":"Сэм","nameHistory":[{"nameChangeId":1,"name":"Сэм","date":1622564560317}]},{"id":559,"name":"Кот","nameHistory":[{"nameChangeId":1,"name":"Кот","date":1622565068278}]},{"id":560,"name":"Земляничка","nameHistory":[{"nameChangeId":1,"name":"Земляничка","date":1622565364709}]},{"id":561,"name":"Нала","nameHistory":[{"nameChangeId":1,"name":"Нала","date":1622565468358}]},{"id":562,"name":"Нася","nameHistory":[{"nameChangeId":1,"name":"Нася","date":1622565478546}]},{"id":563,"name":"Красавчик","nameHistory":[{"nameChangeId":1,"name":"Красавчик","date":1622566657391}]},{"id":564,"name":"Даниво","nameHistory":[{"nameChangeId":1,"name":"Даниво","date":1622566956631}]},{"id":565,"name":"Стрелец","nameHistory":[{"nameChangeId":1,"name":"Стрелец","date":1622566986631}]},{"id":566,"name":"Виктория","nameHistory":[{"nameChangeId":1,"name":"Виктория","date":1622567323327}]},{"id":567,"name":"Анастасия","nameHistory":[{"nameChangeId":1,"name":"Анастасия","date":1622568136498}]},{"id":568,"name":"Программист","nameHistory":[{"nameChangeId":1,"name":"Программист","date":1623241273167}]},{"id":569,"name":"Джулия","nameHistory":[{"nameChangeId":1,"name":"Джулия","date":1623241290359}]},{"id":570,"name":"Speedy (Спиди)","nameHistory":[{"nameChangeId":1,"name":"Speedy (Спиди)","date":1623241370546}]},{"id":571,"name":"Джек Воробей","nameHistory":[{"nameChangeId":1,"name":"Джек Воробей","date":1623241392168}]},{"id":572,"name":"Лана","nameHistory":[{"nameChangeId":1,"name":"Лана","date":1623241446082}]},{"id":573,"name":"Джонни","nameHistory":[{"nameChangeId":1,"name":"Джонни","date":1623241491265}]},{"id":574,"name":"Билл Шекспир","nameHistory":[{"nameChangeId":1,"name":"Билл Шекспир","date":1623241553096}]},{"id":575,"name":"Мама Кошка","nameHistory":[{"nameChangeId":1,"name":"Мама Кошка","date":1623241621092}]},{"id":576,"name":"Лис","nameHistory":[{"nameChangeId":1,"name":"Лис","date":1623242305952}]},{"id":577,"name":"Ая (Новополоцк)","nameHistory":[{"nameChangeId":1,"name":"Ая (Новополоцк)","date":1623705753414}]},{"id":578,"name":"Зефирка","nameHistory":[{"nameChangeId":1,"name":"Зефирка","date":1623705941834}]},{"id":579,"name":"Жозефина","nameHistory":[{"nameChangeId":1,"name":"Жозефина","date":1623706019623}]},{"id":581,"name":"Dream","nameHistory":[{"nameChangeId":1,"name":"Dream","date":1624381295237}]},{"id":582,"name":"г-жа Val(Вал)","nameHistory":[{"nameChangeId":1,"name":"г-жа Val(Вал)","date":1624885612145}]},{"id":583,"name":"г-жа Бавари","nameHistory":[{"nameChangeId":1,"name":"г-жа Бавари","date":1624885647236}]},{"id":584,"name":"г-жа Ксю","nameHistory":[{"nameChangeId":1,"name":"г-жа Ксю","date":1624885664296}]},{"id":585,"name":"Нефть","nameHistory":[{"nameChangeId":1,"name":"Нефть","date":1624886272223}]},{"id":586,"name":"Мэрис","nameHistory":[{"nameChangeId":1,"name":"Мэрис","date":1624886595323}]},{"id":587,"name":"Портман","nameHistory":[{"nameChangeId":1,"name":"Портман","date":1624886833426}]},{"id":588,"name":"No name","nameHistory":[{"nameChangeId":1,"name":"No name","date":1624887136727}]},{"id":589,"name":"Солнце","nameHistory":[{"nameChangeId":1,"name":"Солнце","date":1624887190300}]},{"id":590,"name":"Джая","nameHistory":[{"nameChangeId":1,"name":"Джая","date":1624887469035}]},{"id":591,"name":"Diketorogg","nameHistory":[{"nameChangeId":1,"name":"Diketorogg","date":1624887507115}]},{"id":592,"name":"Бони","nameHistory":[{"nameChangeId":1,"name":"Бони","date":1624889456235}]},{"id":593,"name":"Ахмед","nameHistory":[{"nameChangeId":1,"name":"Ахмед","date":1624889493721}]},{"id":594,"name":"Казак","nameHistory":[{"nameChangeId":1,"name":"Казак","date":1624889980325}]},{"id":595,"name":"Принц","nameHistory":[{"nameChangeId":1,"name":"Принц","date":1625058995408}]},{"id":596,"name":"Игорёк","nameHistory":[{"nameChangeId":1,"name":"Игорёк","date":1625059023951}]},{"id":597,"name":"Бруклин","nameHistory":[{"nameChangeId":1,"name":"Бруклин","date":1625059139879}]},{"id":598,"name":"Трис","nameHistory":[{"nameChangeId":1,"name":"Трис","date":1625059485385}]},{"id":599,"name":"Квадрат (Гомель)","nameHistory":[{"nameChangeId":1,"name":"Квадрат (Гомель)","date":1625164114239}]},{"id":600,"name":"Лока","nameHistory":[{"nameChangeId":1,"name":"Пока","date":1625165563875},{"nameChangeId":2,"name":"Лока","date":1625227224456}]},{"id":601,"name":"Стелла","nameHistory":[{"nameChangeId":1,"name":"Стелла","date":1625227438461}]},{"id":602,"name":"Брун","nameHistory":[{"nameChangeId":1,"name":"Брун","date":1625227482881}]},{"id":603,"name":"Мамон","nameHistory":[{"nameChangeId":1,"name":"Мамон","date":1625227528710}]}]}