{"formatVersion":1,"settings":{"maxPlayerId":20,"maxGameId":4},"games":[{"id":1,"date":"2019-08-01T21:00:00.000Z","players":[1,2,3,4,5,6,7,8,9,10],"don":7,"maf1":0,"maf2":5,"sherif":8,"firstKilled":2,"firstKilledGuessPoints":null,"cityWin":false},{"id":2,"date":"2019-08-01T21:00:00.000Z","players":[6,7,11,5,12,13,14,15,16,17],"don":0,"maf1":6,"maf2":7,"sherif":2,"firstKilled":8,"firstKilledGuessPoints":null,"cityWin":true},{"id":3,"date":"2019-08-01T21:00:00.000Z","players":[7,8,5,19,18,12,2,9,4,1],"don":9,"maf1":8,"maf2":3,"sherif":7,"firstKilled":null,"firstKilledGuessPoints":null,"cityWin":false},{"id":4,"date":"2019-08-01T21:00:00.000Z","players":[19,7,1,12,18,9,20,13,4,5],"don":3,"maf1":0,"maf2":4,"sherif":1,"firstKilled":2,"firstKilledGuessPoints":null,"cityWin":false}],"players":[{"id":1,"name":"Бернинг","nameHistory":[{"nameChangeId":1,"name":"Бернинг","date":1565800124544}]},{"id":2,"name":"Эми","nameHistory":[{"nameChangeId":1,"name":"Эми","date":1565800132685}]},{"id":3,"name":"Алиса (блондинка)","nameHistory":[{"nameChangeId":1,"name":"Алиса (блондинка)","date":1565800167452}]},{"id":4,"name":"Тургенев","nameHistory":[{"nameChangeId":1,"name":"Тургенев","date":1565800220573}]},{"id":5,"name":"SOVEST","nameHistory":[{"nameChangeId":1,"name":"SOVEST","date":1565800234216}]},{"id":6,"name":"Масяня","nameHistory":[{"nameChangeId":1,"name":"Масяня","date":1565800246415}]},{"id":7,"name":"Лёлик","nameHistory":[{"nameChangeId":1,"name":"Лёлик","date":1565800263835}]},{"id":8,"name":"Клон","nameHistory":[{"nameChangeId":1,"name":"Клон","date":1565800277351}]},{"id":9,"name":"Созерцающий","nameHistory":[{"nameChangeId":1,"name":"Созерцающий","date":1565800287637}]},{"id":10,"name":"Дутче","nameHistory":[{"nameChangeId":1,"name":"Дутче","date":1565800296750}]},{"id":11,"name":"Антоновка","nameHistory":[{"nameChangeId":1,"name":"Антоновка","date":1565800788493}]},{"id":12,"name":"Bottcelli","nameHistory":[{"nameChangeId":1,"name":"Bottcelli","date":1565800816894}]},{"id":13,"name":"Медведь","nameHistory":[{"nameChangeId":1,"name":"Медведь","date":1565800850521}]},{"id":14,"name":"Сантос","nameHistory":[{"nameChangeId":1,"name":"Сантос","date":1565800869034}]},{"id":15,"name":"Вильгельм","nameHistory":[{"nameChangeId":1,"name":"Вильгельм","date":1565800888773}]},{"id":16,"name":"Мастер","nameHistory":[{"nameChangeId":1,"name":"Мастер","date":1565800898960}]},{"id":17,"name":"Кот","nameHistory":[{"nameChangeId":1,"name":"Кот","date":1565800906540}]},{"id":18,"name":"Тетчер","nameHistory":[{"nameChangeId":1,"name":"Пила","date":1565801287035},{"nameChangeId":2,"name":"Тетчер","date":1565801295607}]},{"id":19,"name":"Нео","nameHistory":[{"nameChangeId":1,"name":"Пила","date":1565801572931},{"nameChangeId":2,"name":"Нео","date":1565801701045}]},{"id":20,"name":"Пила","nameHistory":[{"nameChangeId":1,"name":"Пила","date":1565801817647}]}]}